{
  "MG_L_t": 0.0003380713601937734,
  "MG_M_t": 0.012696476394368736,
  "maturity_t": 0.00036380280907003095,
  "a_P": 0.3923993847596093,
  "a_m_OC": 0.0047303619200562246,
  "a_m_ALP": 0.014868997894593942,
  "c_weight": 0.0027023653879651582,
  "CD_H_t": 0.014575433421684788,
  "a_Pr_Mo": 0.017484905635933978,
  "MG_H_t": 0.00046150344957128275,
  "pH_t": 0.0004203874273432088,
  "a_TGF_nTGF": 0.016061915926297785,
  "B_Pr": 0.02610972732608113,
  "b_BMP": 0.25935806632034514,
  "b_TGF": 0.12821968163936961,
  "a_BMP_nBMP": 0.34467763621011094
}