{"MG_M_t": 0.5860755285014299, "a_Pr_Mo": 0.9059571734529243, "a_m_OC": 0.014393661655139866, "MG_L_t": 0.15520101915178292, "a_c_Mo": 3.0095199806410725e-18}