{"medians": {"MG_M_t": 11.8843843843845, "a_Pr_Mo": 6.936936936937, "a_m_OC": 0.6946946946945001, "MG_L_t": 4.8228228228229995, "a_c_Mo": 90.790790790791}}