{"posteriors": {"MG_M_t": [10.705705705706, 14.73973973974, 10.055055055055, 11.776776776777, 12.997997997998, 10.35035035035, 12.427427427427, 12.637637637638, 14.574574574575, 12.297297297297, 13.188188188188, 14.624624624625, 12.032032032032, 10.685685685686, 11.021021021021, 10.385385385385, 10.670670670671, 10.555555555556, 10.755755755756, 12.802802802803, 13.173173173173, 13.053053053053, 11.286286286286, 11.991991991992, 14.229229229229, 11.181181181181, 11.931931931932, 11.821821821822, 12.402402402402, 13.878878878879, 10.33033033033, 14.299299299299, 14.454454454454, 11.206206206206, 10.395395395395, 10.445445445445, 11.266266266266, 13.988988988989, 10.785785785786, 12.972972972973, 10.435435435435, 11.836836836837, 13.163163163163, 11.786786786787, 10.500500500501, 10.970970970971, 13.123123123123, 11.381381381381, 13.913913913914, 13.398398398398], "a_Pr_Mo": [7.387387387387, 7.607607607608, 9.299299299299, 3.573573573574, 3.413413413413, 2.372372372372, 5.605605605606, 7.577577577578, 5.375375375375, 3.873873873874, 8.728728728729, 8.348348348348, 1.601601601602, 9.499499499499, 3.913913913914, 0.870870870871, 2.252252252252, 9.91991991992, 2.302302302302, 5.695695695696, 9.029029029029, 9.50950950951, 1.951951951952, 9.239239239239, 7.587587587588, 7.927927927928, 0.25025025025, 2.612612612613, 7.797797797798, 7.977977977978, 5.355355355355, 6.166166166166, 3.503503503504, 1.821821821822, 9.75975975976, 4.314314314314, 4.074074074074, 6.926926926927, 9.249249249249, 6.946946946947, 6.306306306306, 8.938938938939, 9.64964964965, 8.308308308308, 7.827827827828, 0.530530530531, 7.077077077077, 3.173173173173, 9.339339339339, 7.177177177177], "a_m_OC": [0.668668668669, 0.629129129129, 0.773273273273, 0.747747747748, 0.6996996997, 0.648648648649, 0.882882882883, 0.500500500501, 0.506006006006, 0.50950950951, 0.542542542543, 0.551551551552, 0.763263263263, 0.69019019019, 0.506506506507, 0.742242242242, 0.784284284284, 0.739239239239, 0.549049049049, 0.743243243243, 0.827327327327, 0.653653653654, 0.508008008008, 0.836336336336, 0.516016016016, 0.699199199199, 0.614614614615, 0.861861861862, 0.908908908909, 0.724224224224, 0.764264264264, 0.604104104104, 0.768268268268, 0.636636636637, 0.634134134134, 0.747247247247, 0.735735735736, 0.854854854855, 0.836836836837, 0.632132132132, 0.683683683684, 0.646146146146, 0.546046046046, 0.793293293293, 0.58008008008, 0.817817817818, 0.653153153153, 0.578078078078, 0.916416416416, 0.800800800801], "MG_L_t": [4.306306306306, 8.054054054054, 3.345345345345, 2.016016016016, 7.581581581582, 9.983983983984, 4.530530530531, 4.538538538539, 3.225225225225, 6.18018018018, 5.683683683684, 2.168168168168, 4.146146146146, 7.757757757758, 5.61961961962, 4.266266266266, 8.11011011011, 4.45045045045, 9.287287287287, 4.49049049049, 5.267267267267, 4.066066066066, 4.986986986987, 6.444444444444, 7.90990990991, 5.331331331331, 2.888888888889, 3.505505505506, 2.104104104104, 9.327327327327, 9.271271271271, 4.642642642643, 7.173173173173, 3.409409409409, 9.911911911912, 2.216216216216, 3.633633633634, 4.962962962963, 5.315315315315, 3.553553553554, 5.435435435435, 6.996996996997, 6.532532532533, 6.756756756757, 2.856856856857, 4.418418418418, 2.488488488488, 3.257257257257, 4.682682682683, 7.389389389389], "a_c_Mo": [98.698698698699, 99.4994994995, 93.593593593594, 98.198198198198, 91.591591591592, 98.798798798799, 88.688688688689, 94.194194194194, 95.895895895896, 96.496496496496, 99.099099099099, 90.590590590591, 89.089089089089, 89.189189189189, 90.690690690691, 89.389389389389, 95.195195195195, 80.38038038038, 95.595595595596, 86.986986986987, 89.48948948949, 93.493493493494, 98.098098098098, 94.394394394394, 90.09009009009, 76.176176176176, 92.892892892893, 85.085085085085, 97.397397397397, 94.594594594595, 93.993993993994, 80.28028028028, 99.5995995996, 96.396396396396, 89.98998998999, 73.273273273273, 95.995995995996, 93.293293293293, 90.890890890891, 72.372372372372, 90.49049049049, 67.867867867868, 65.665665665666, 66.666666666667, 89.88988988989, 73.473473473473, 70.07007007007, 82.182182182182, 88.288288288288, 97.597597597598]}}