{
    "DNA": {
        "B2016_C": 0.868126181721094,
        "B2016_M": 0.9493201350737327
    },
    "DNA_mean": 0.9087231583974134,
    "OC": {
        "B2016_C": 0.7429572039782897,
        "B2016_M": 0.4239209838008732
    },
    "OC_mean": 0.5834390938895815,
    "ALP": {
        "B2016_C": 0.9710197843733304,
        "B2016_M": 0.6245559830737488
    },
    "ALP_mean": 0.7977878837235396,
    "nTGF": {
        "B2016_C": 0.9324258314130821,
        "B2016_M": 0.7749194961608121
    },
    "nTGF_mean": 0.8536726637869471,
    "nBMP": {
        "B2016_C": 0.5641656184327928,
        "B2016_M": 0.8043305019967475
    },
    "nBMP_mean": 0.6842480602147702
}