{"MG_L_t": 0.7923776531541935, "MG_M_t": 0.5986567065177248, "maturity_t": 0.8173963424966108, "a_Diff": 0.14348341358621242, "a_P": 0.6239869459088776, "a_m_OC": 0.39494226835354196, "a_m_ALP": 0.1159460386956618, "c_weight": 0.40354818884836097, "CD_H_t": 0.07118115350237798, "a_c_Mo": 0.8462579512744858, "a_Pr_Mo": 0.28009795463542536, "MG_H_t": 0.13136638421795996, "pH_t": 0.501224797528153, "a_TGF_nTGF": 0.07345145559568544, "a_BMP_nBMP": 0.13445918148168956, "B_Pr": 0.055206351579780176, "b_BMP": 0.024510788097196062, "b_TGF": 0.08204441479208897, "B_Mo": 6.403068308463798e-23, "a_Mo": 0.9167216927611405}