{"MG_L_t": 0.4148694514506692, "MG_M_t": 0.30881555784327036, "maturity_t": 0.06898045150038619, "a_Diff": 0.5286071717343128, "a_P": 0.7792413483594626, "a_m_OC": 0.5738192623394258, "a_m_ALP": 0.18012437903108092, "c_weight": 0.4549512681627931, "CD_H_t": 0.676943764480054, "a_c_Mo": 1.5617674921655362e-13, "a_Pr_Mo": 0.4352274903537362, "MG_H_t": 0.4448014504536326, "pH_t": 0.7863577944602703, "a_TGF_nTGF": 0.4208008248829015, "B_Pr": 0.6660275046547753, "b_BMP": 0.8324365507991616, "b_TGF": 0.950357971183203, "a_BMP_nBMP": 0.4155165032026823, "B_Mo": 1.2028673646057345e-39, "a_Mo": 0.32946266620645515}