{"medians": {"MG_L_t": 6.112056028014, "MG_M_t": 12.538769384692, "maturity_t": 0.806703351676, "a_Diff": 5.0407703851925, "a_P": 6.006503251626, "a_m_OC": 0.7138569284645, "a_m_ALP": 0.755127563782, "c_weight": 0.000539194597, "CD_H_t": 0.8404477238620001, "a_c_Mo": 22.511255627814, "a_Pr_Mo": 4.662331165583, "MG_H_t": 29.469734867433502, "pH_t": 8.9732366183095, "a_TGF_nTGF": 0.12897573786900002, "B_Pr": 0.055783891946, "b_BMP": 0.026968484241999997, "b_TGF": 0.28709354677349996, "a_BMP_nBMP": 0.4166073036515, "B_Mo": 0.008145972986500001, "a_Mo": 3.969484742371}}