{"medians": {"MG_L_t": 5.6756756756760005, "MG_M_t": 11.9944944944945, "maturity_t": 0.791791791792, "a_Diff": 4.8243243243245, "a_P": 5.621621621621999, "a_m_OC": 0.773023023023, "a_m_ALP": 0.7219719719719999, "c_weight": 0.000603603604, "CD_H_t": 0.82954954955, "a_c_Mo": 11.531531531531499, "a_Pr_Mo": 4.5795795795795, "MG_H_t": 29.029029029028997, "pH_t": 8.937437437437, "a_TGF_nTGF": 0.1329674674675, "a_BMP_nBMP": 0.39453603603599996, "B_Pr": 0.045266266266, "b_BMP": 0.0159009009005, "b_TGF": 0.050698198198000005, "B_Mo": 0.0003918418415, "a_Mo": 3.808808808809}}