{"posteriors": {"MG_L_t": [3.673673673674, 7.453453453453, 7.469469469469, 7.085085085085, 8.214214214214, 5.107107107107, 8.606606606607, 3.737737737738, 7.437437437437, 6.844844844845, 7.717717717718, 2.784784784785, 6.06006006006, 2.352352352352, 9.583583583584, 4.906906906907, 6.204204204204, 9.215215215215, 2.104104104104, 2.928928928929, 6.972972972973, 2.024024024024, 4.01001001001, 5.323323323323, 5.555555555556, 6.484484484484, 4.338338338338, 9.791791791792, 6.988988988989, 4.234234234234, 2.496496496496, 3.057057057057, 6.46046046046, 4.970970970971, 7.965965965966, 6.028028028028, 3.289289289289, 2.704704704705, 8.31031031031, 2.760760760761, 2.944944944945, 7.621621621622, 4.458458458458, 8.806806806807, 6.284284284284, 2.856856856857, 2.28028028028, 5.795795795796, 4.634634634635, 8.03003003003], "MG_M_t": [13.703703703704, 13.998998998999, 14.334334334334, 14.60960960961, 11.091091091091, 10.06006006006, 12.102102102102, 14.72972972973, 10.115115115115, 12.917917917918, 13.813813813814, 11.921921921922, 11.051051051051, 12.022022022022, 12.892892892893, 11.491491491491, 10.31031031031, 10.590590590591, 14.379379379379, 10.555555555556, 14.409409409409, 12.292292292292, 10.25025025025, 14.049049049049, 12.657657657658, 13.133133133133, 11.636636636637, 13.408408408408, 11.681681681682, 10.800800800801, 11.066066066066, 10.605605605606, 10.4004004004, 10.640640640641, 13.603603603604, 11.966966966967, 14.5995995996, 13.913913913914, 11.931931931932, 14.674674674675, 10.44044044044, 11.851851851852, 10.690690690691, 11.576576576577, 10.950950950951, 11.461461461461, 14.73973973974, 14.389389389389, 12.767767767768, 12.337337337337], "maturity_t": [0.901901901902, 0.825825825826, 0.655255255255, 0.777777777778, 0.944344344344, 0.965165165165, 0.672872872873, 0.656856856857, 0.907507507508, 0.767767767768, 0.894694694695, 0.945545545546, 0.782182182182, 0.828628628629, 0.693293293293, 0.708508508509, 0.632032032032, 0.95035035035, 0.771771771772, 0.81021021021, 0.847447447447, 0.92032032032, 0.716916916917, 0.96996996997, 0.854254254254, 0.642842842843, 0.951551551552, 0.931931931932, 0.723723723724, 0.925525525526, 0.635635635636, 0.97997997998, 0.92992992993, 0.955555555556, 0.745345345345, 0.997997997998, 0.867867867868, 0.744144144144, 0.689289289289, 0.756556556557, 0.757357357357, 0.845045045045, 0.607207207207, 0.623623623624, 0.601601601602, 0.717317317317, 0.782582582583, 0.625625625626, 0.801001001001, 0.837437437437], "a_Diff": [2.648648648649, 2.423423423423, 4.747747747748, 3.387387387387, 8.738738738739, 6.423423423423, 8.918918918919, 1.297297297297, 1.243243243243, 2.387387387387, 5.585585585586, 6.531531531532, 2.144144144144, 7.297297297297, 2.036036036036, 6.432432432432, 6.774774774775, 4.522522522523, 4.693693693694, 4.045045045045, 1.405405405405, 9.945945945946, 8.783783783784, 7.54954954955, 1.441441441441, 9.612612612613, 6.045045045045, 1.324324324324, 1.720720720721, 6.945945945946, 7.576576576577, 3.576576576577, 7.810810810811, 2.288288288288, 8.27027027027, 3.261261261261, 2.486486486486, 1.045045045045, 8.666666666667, 4.900900900901, 7.27027027027, 1.81981981982, 9.756756756757, 6.126126126126, 3.891891891892, 9.891891891892, 3.936936936937, 7.765765765766, 9.963963963964, 3.36036036036], "a_P": [1.207207207207, 5.207207207207, 5.648648648649, 8.891891891892, 4.189189189189, 2.207207207207, 1.396396396396, 8.972972972973, 6.126126126126, 2.027027027027, 6.306306306306, 3.648648648649, 3.594594594595, 7.396396396396, 6.918918918919, 6.891891891892, 6.792792792793, 4.981981981982, 2.873873873874, 8.063063063063, 7.459459459459, 8.45045045045, 3.765765765766, 1.297297297297, 1.333333333333, 3.387387387387, 9.468468468468, 4.261261261261, 5.594594594595, 2.18018018018, 4.279279279279, 8.153153153153, 3.081081081081, 8.918918918919, 6.711711711712, 6.990990990991, 9.126126126126, 2.792792792793, 8.378378378378, 8.081081081081, 6.693693693694, 5.504504504505, 4.333333333333, 5.468468468468, 9.387387387387, 1.657657657658, 8.783783783784, 6.009009009009, 8.351351351351, 4.711711711712], "a_m_OC": [0.66016016016, 0.897397397397, 0.913913913914, 0.884384384384, 0.747747747748, 0.628628628629, 0.606606606607, 0.892892892893, 0.769269269269, 0.51951951952, 0.719219219219, 0.894394394394, 0.966966966967, 0.994494494494, 0.613113113113, 0.934934934935, 0.637637637638, 0.814314314314, 0.765265265265, 0.537037037037, 0.723723723724, 0.909409409409, 0.651651651652, 0.758758758759, 0.844844844845, 0.818818818819, 0.66966966967, 0.658658658659, 0.83983983984, 0.739239239239, 0.741741741742, 0.812312312312, 0.889389389389, 0.667667667668, 0.687687687688, 0.986486486486, 0.986986986987, 0.697697697698, 0.790790790791, 0.776776776777, 0.808308308308, 0.505005005005, 0.944444444444, 0.617117117117, 0.65965965966, 0.922422422422, 0.942942942943, 0.973473473473, 0.534534534535, 0.886886886887], "a_m_ALP": [0.961461461461, 0.706206206206, 0.505005005005, 0.776776776777, 0.712712712713, 0.735735735736, 0.606106106106, 0.635635635636, 0.68018018018, 0.862862862863, 0.768268268268, 0.744744744745, 0.552552552553, 0.617117117117, 0.634134134134, 0.894394394394, 0.845345345345, 0.641641641642, 0.812812812813, 0.594594594595, 0.788788788789, 0.692192192192, 0.685185185185, 0.562562562563, 0.621621621622, 0.731231231231, 0.980980980981, 0.869369369369, 0.751751751752, 0.558058058058, 0.603603603604, 0.771271271271, 0.902402402402, 0.792292292292, 0.767767767768, 0.765265265265, 0.651151151151, 0.614614614615, 0.984484484484, 0.567067067067, 0.908408408408, 0.595595595596, 0.952452452452, 0.763763763764, 0.581581581582, 0.951451451451, 0.643143143143, 0.558558558559, 0.849349349349, 0.679179179179], "c_weight": [0.000862162162, 0.000261261261, 0.000577477477, 0.000382882883, 0.000135135135, 0.000572072072, 0.000945945946, 0.00038018018, 0.000627027027, 0.000955855856, 0.000527927928, 0.000546846847, 0.000668468468, 0.000681981982, 0.000422522523, 0.00016036036, 0.000920720721, 0.000967567568, 0.000289189189, 0.000462162162, 0.000828828829, 0.000476576577, 0.000747747748, 0.000975675676, 0.000785585586, 0.000432432432, 0.000893693694, 0.000584684685, 0.000852252252, 0.000278378378, 0.000299099099, 0.000579279279, 0.000622522523, 0.000754054054, 0.000764864865, 0.000998198198, 0.000423423423, 0.000328828829, 0.000745945946, 0.000416216216, 0.000408108108, 0.000827927928, 0.000469369369, 0.000977477477, 0.000906306306, 0.000825225225, 0.000822522523, 0.000500900901, 0.000404504505, 0.000837837838], "CD_H_t": [0.85993993994, 0.686846846847, 0.876456456456, 0.836486486486, 0.874804804805, 0.964324324324, 0.810720720721, 0.77042042042, 0.808738738739, 0.792222222222, 0.832852852853, 0.830540540541, 0.821291291291, 0.856306306306, 0.860930930931, 0.858288288288, 0.924354354354, 0.746966966967, 0.808078078078, 0.911471471471, 0.734084084084, 0.72021021021, 0.977867867868, 0.756546546547, 0.853333333333, 0.814684684685, 0.746636636637, 0.744324324324, 0.897597597598, 0.710630630631, 0.681891891892, 0.929309309309, 0.91015015015, 0.685855855856, 0.923693693694, 0.828558558559, 0.822612612613, 0.676606606607, 0.683213213213, 0.726156156156, 0.906846846847, 0.755555555556, 0.802132132132, 0.923363363363, 0.722522522523, 0.976216216216, 0.866546546547, 0.874144144144, 0.85036036036, 0.985465465465],