{"a_BMP_nBMP": 0.002863265493000175, "MG_L_t": 0.5430092450044492, "b_BMP": 0.2595417569835097, "B_Pr": 0.04393972340120831, "a_P": 0.8756328020194045}