{"medians": {"a_BMP_nBMP": 0.0350405405405, "MG_L_t": 5.327327327327, "b_BMP": 0.0145045045045, "B_Pr": 0.0552892892895, "a_P": 9.491991991992}}