{"posteriors": {"a_BMP_nBMP": [0.015963963964, 0.05045045045, 0.019531531532, 0.028846846847, 0.018738738739, 0.020621621622, 0.037963963964, 0.026666666667, 0.010612612613, 0.035882882883, 0.055009009009, 0.053324324324, 0.035189189189, 0.018144144144, 0.018045045045, 0.062243243243, 0.047378378378, 0.021315315315, 0.011207207207, 0.012693693694, 0.040540540541, 0.034891891892, 0.095342342342, 0.031720720721, 0.049954954955, 0.011801801802, 0.023495495495, 0.048864864865, 0.011009009009, 0.017747747748, 0.00981981982, 0.055405405405, 0.039153153153, 0.024882882883, 0.010018018018, 0.012891891892, 0.096630630631, 0.018540540541, 0.058081081081, 0.045594594595, 0.017945945946, 0.075918918919, 0.044405405405, 0.04281981982, 0.061846846847, 0.03618018018, 0.080873873874, 0.04609009009, 0.009918918919, 0.090981981982], "MG_L_t": [4.258258258258, 2.184184184184, 2.568568568569, 2.824824824825, 2.904904904905, 4.49049049049, 5.411411411411, 6.500500500501, 2.008008008008, 2.104104104104, 5.227227227227, 5.107107107107, 2.592592592593, 7.413413413413, 5.787787787788, 2.784784784785, 7.645645645646, 7.845845845846, 5.843843843844, 2.792792792793, 4.874874874875, 9.535535535536, 7.501501501502, 2.808808808809, 6.932932932933, 3.481481481481, 5.203203203203, 6.468468468468, 5.475475475475, 4.474474474474, 5.555555555556, 8.342342342342, 6.548548548549, 9.375375375375, 3.289289289289, 8.158158158158, 8.286286286286, 6.924924924925, 7.389389389389, 5.243243243243, 9.247247247247, 6.604604604605, 9.239239239239, 9.783783783784, 2.576576576577, 3.097097097097, 4.626626626627, 5.011011011011, 7.917917917918, 4.218218218218], "b_BMP": [0.031801801802, 0.010540540541, 0.026531531532, 0.017252252252, 0.027432432432, 0.024144144144, 0.012342342342, 0.017792792793, 0.04527027027, 0.013513513514, 0.008738738739, 0.009774774775, 0.015405405405, 0.027612612613, 0.029324324324, 0.008018018018, 0.01027027027, 0.023243243243, 0.041306306306, 0.043288288288, 0.013558558559, 0.014369369369, 0.005225225225, 0.01463963964, 0.009504504505, 0.037927927928, 0.022387387387, 0.00963963964, 0.041666666667, 0.025540540541, 0.046126126126, 0.008153153153, 0.011756756757, 0.02027027027, 0.044774774775, 0.034594594595, 0.005, 0.02463963964, 0.008063063063, 0.012522522523, 0.025315315315, 0.006981981982, 0.009369369369, 0.010855855856, 0.008693693694, 0.012297297297, 0.007117117117, 0.00981981982, 0.043018018018, 0.006486486486], "B_Pr": [0.075118118118, 0.060533533534, 0.051720720721, 0.021930930931, 0.025406406406, 0.060595595596, 0.051162162162, 0.051658658659, 0.061836836837, 0.025096096096, 0.070029029029, 0.051472472472, 0.049424424424, 0.042039039039, 0.043714714715, 0.047872872873, 0.057616616617, 0.02850950951, 0.07486986987, 0.072201201201, 0.06462962963, 0.070215215215, 0.063946946947, 0.045514514515, 0.053954954955, 0.030743743744, 0.076421421421, 0.060223223223, 0.075552552553, 0.038997997998, 0.06916016016, 0.056623623624, 0.059292292292, 0.034033033033, 0.073132132132, 0.037694694695, 0.058113113113, 0.053644644645, 0.022923923924, 0.04476976977, 0.042411411411, 0.037074074074, 0.060161161161, 0.02702002002, 0.040177177177, 0.064071071071, 0.064133133133, 0.076545545546, 0.061278278278, 0.057368368368], "a_P": [12.886886886887, 18.801801801802, 4.195195195195, 17.489489489489, 18.44044044044, 5.127127127127, 6.534534534535, 6.971971971972, 4.138138138138, 17.09009009009, 6.42042042042, 7.675675675676, 8.683683683684, 4.784784784785, 3.054054054054, 9.691691691692, 6.287287287287, 14.978978978979, 4.366366366366, 7.428428428428, 13.058058058058, 2.084084084084, 10.737737737738, 14.123123123123, 19.201201201201, 12.088088088088, 12.715715715716, 2.027027027027, 19.885885885886, 17.261261261261, 1.532532532533, 14.37037037037, 7.086086086086, 14.465465465465, 6.04004004004, 19.372372372372, 9.292292292292, 2.065065065065, 14.750750750751, 7.39039039039, 14.313313313313, 18.06006006006, 10.376376376376, 9.045045045045, 2.844844844845, 14.693693693694, 8.968968968969, 16.386386386386, 6.439439439439, 16.101101101101]}}