{
  "MG_L_t": 3.571693509544085e-05,
  "MG_M_t": 0.0008802330432633812,
  "maturity_t": 2.8885336551108588e-05,
  "a_Diff": 0.0011963781363129155,
  "a_m_OC": 0.0004214087553241162,
  "a_m_ALP": 0.00012679251691260072,
  "c_weight": 0.008606735876133283,
  "CD_H_t": 6.79060117825613e-06,
  "a_c_Mo": 0.004385541923577303,
  "a_Pr_Mo": 0.2522589800928486,
  "MG_H_t": 0.11051599915787885,
  "pH_t": 5.941610144473384e-07,
  "a_TGF_nTGF": 0.0003237412950213278,
  "a_BMP_nBMP": 0.07508288546449172,
  "B_Pr": 1.584484511759097,
  "b_BMP": 0.0577754847158647,
  "b_TGF": 0.11595890209135881,
  "B_Mo": 0.33108021991971553,
  "a_Mo": 0.2820438666739193
}