{
  "MG_L_t": 0.0001071394366159402,
  "MG_M_t": 0.05605675497245439,
  "maturity_t": 0.01769010461112155,
  "a_m_OC": 0.05651306386005358,
  "a_m_ALP": 0.058000711394439214,
  "c_weight": 0.0019688746368880187,
  "CD_H_t": 0.022835922032056734,
  "a_c_Mo": 0.09133078156235433,
  "a_Pr_Mo": 0.042415650740837356,
  "MG_H_t": 0.030660645918515715,
  "pH_t": 0.06416604478146751,
  "a_TGF_nTGF": 0.2874953801283286,
  "b_TGF": 0.34821280798999954
}