{"medians": {"MG_L_t": 6.148148148148, "MG_M_t": 12.5375375375375, "maturity_t": 0.8366366366365, "a_Diff": 4.3963963963965, "a_P": 5.2747747747744995, "a_m_OC": 0.7625125125125001, "a_m_ALP": 0.707957957958, "c_weight": 0.0005427927924999999, "CD_H_t": 0.850195195195, "a_c_Mo": 10.11011011011, "a_Pr_Mo": 5.4654654654655, "MG_H_t": 31.861861861862003, "pH_t": 9.061061061061501, "a_TGF_nTGF": 0.1165920920925, "a_BMP_nBMP": 0.374692692693, "B_Pr": 0.053179179179, "b_BMP": 0.018198198197999997, "b_TGF": 0.047725225225500004, "B_Mo": 0.00032072072099999997, "a_Mo": 3.953953953954}}