{"posteriors": {"MG_L_t": [5.93993993994, 7.453453453453, 4.378378378378, 7.261261261261, 5.971971971972, 8.846846846847, 7.901901901902, 3.625625625626, 9.727727727728, 9.207207207207, 5.955955955956, 4.186186186186, 3.161161161161, 7.469469469469, 8.094094094094, 4.354354354354, 2.960960960961, 4.05005005005, 3.305305305305, 3.041041041041, 7.541541541542, 8.278278278278, 7.333333333333, 3.281281281281, 2.664664664665, 7.077077077077, 6.468468468468, 5.051051051051, 9.583583583584, 4.074074074074, 6.700700700701, 3.145145145145, 4.41041041041, 2.656656656657, 4.994994994995, 9.135135135135, 3.449449449449, 7.797797797798, 7.437437437437, 2.976976976977, 9.487487487487, 8.486486486486, 2.264264264264, 4.722722722723, 9.463463463463, 5.547547547548, 7.117117117117, 6.324324324324, 8.718718718719, 6.900900900901], "MG_M_t": [12.927927927928, 10.175175175175, 12.392392392392, 12.342342342342, 10.205205205205, 10.2002002002, 14.019019019019, 11.641641641642, 13.288288288288, 13.263263263263, 13.633633633634, 12.312312312312, 13.383383383383, 13.853853853854, 10.035035035035, 11.856856856857, 14.554554554555, 14.86986986987, 12.177177177177, 14.004004004004, 11.711711711712, 12.662662662663, 12.717717717718, 12.992992992993, 10.980980980981, 12.422422422422, 12.897897897898, 10.235235235235, 10.605605605606, 11.731731731732, 12.472472472472, 10.885885885886, 10.015015015015, 12.602602602603, 13.133133133133, 11.351351351351, 12.952952952953, 13.638638638639, 12.627627627628, 10.03003003003, 13.593593593594, 11.901901901902, 13.948948948949, 11.381381381381, 11.236236236236, 13.728728728729, 12.942942942943, 13.363363363363, 12.067067067067, 13.953953953954], "maturity_t": [0.882282282282, 0.811011011011, 0.716116116116, 0.931531531532, 0.835435435435, 0.615215215215, 0.763763763764, 0.777377377377, 0.776576576577, 0.79019019019, 0.666066066066, 0.944344344344, 0.889489489489, 0.897497497497, 0.73973973974, 0.959159159159, 0.893493493493, 0.641641641642, 0.654054054054, 0.97997997998, 0.865065065065, 0.684084084084, 0.614014014014, 0.618818818819, 0.976376376376, 0.852652652653, 0.712112112112, 0.949149149149, 0.876276276276, 0.955555555556, 0.861861861862, 0.865465465465, 0.611611611612, 0.748548548549, 0.869469469469, 0.975175175175, 0.891491491491, 0.815015015015, 0.69009009009, 0.914714714715, 0.636036036036, 0.915915915916, 0.84024024024, 0.843843843844, 0.666866866867, 0.837837837838, 0.832632632633, 0.682082082082, 0.970770770771, 0.763363363363], "a_Diff": [3.90990990991, 5.918918918919, 5.054054054054, 1.936936936937, 1.576576576577, 2.063063063063, 3.531531531532, 2.261261261261, 1.54954954955, 1.567567567568, 2.297297297297, 5.981981981982, 9.27027027027, 6.486486486486, 3.774774774775, 5.954954954955, 6.261261261261, 2.513513513514, 5.585585585586, 7.603603603604, 5.990990990991, 1.774774774775, 8.621621621622, 8.333333333333, 3.054054054054, 5.621621621622, 2.126126126126, 3.207207207207, 1.342342342342, 4.126126126126, 7.846846846847, 3.891891891892, 6.684684684685, 5.099099099099, 6.657657657658, 3.36036036036, 2.765765765766, 4.099099099099, 1.234234234234, 5.423423423423, 9.468468468468, 5.063063063063, 4.666666666667, 4.027027027027, 6.225225225225, 3.405405405405, 8.378378378378, 9.522522522523, 4.855855855856, 2.36036036036], "a_P": [1.693693693694, 8.036036036036, 9.0, 2.297297297297, 2.513513513514, 3.594594594595, 7.171171171171, 5.207207207207, 2.891891891892, 2.009009009009, 2.351351351351, 8.576576576577, 9.603603603604, 9.837837837838, 5.720720720721, 8.252252252252, 4.531531531532, 3.558558558559, 7.225225225225, 9.693693693694, 8.189189189189, 5.072072072072, 1.612612612613, 4.36036036036, 4.765765765766, 4.828828828829, 9.081081081081, 6.018018018018, 7.864864864865, 8.09009009009, 9.036036036036, 7.018018018018, 7.144144144144, 7.585585585586, 8.522522522523, 6.540540540541, 3.306306306306, 3.522522522523, 5.342342342342, 3.441441441441, 1.324324324324, 6.927927927928, 6.738738738739, 2.945945945946, 4.081081081081, 3.81981981982, 1.099099099099, 4.945945945946, 4.495495495495, 9.756756756757], "a_m_OC": [0.668668668669, 0.84034034034, 0.903903903904, 0.618118118118, 0.864864864865, 0.781781781782, 0.625625625626, 0.603103103103, 0.565065065065, 0.532532532533, 0.876376376376, 0.754254254254, 0.765265265265, 0.89039039039, 0.782782782783, 0.626626626627, 0.648648648649, 0.543043043043, 0.531531531532, 0.656156156156, 0.997497497497, 0.721721721722, 0.551551551552, 0.908408408408, 0.982482482482, 0.741741741742, 0.87037037037, 0.736236236236, 0.601101101101, 0.505005005005, 0.75975975976, 0.767267267267, 0.965965965966, 0.504504504505, 0.636136136136, 0.998998998999, 0.771771771772, 0.873373373373, 0.916916916917, 0.507007007007, 0.906406406406, 0.786786786787, 0.932932932933, 0.526026026026, 0.904904904905, 0.713713713714, 0.541041041041, 0.835835835836, 0.798798798799, 0.855855855856], "a_m_ALP": [0.572572572573, 0.621121121121, 0.532532532533, 0.943943943944, 0.844344344344, 0.664664664665, 0.635635635636, 0.740740740741, 0.893893893894, 0.733733733734, 0.756256256256, 0.612612612613, 0.601101101101, 0.503503503504, 0.915415415415, 0.880880880881, 0.500500500501, 0.782282282282, 0.793793793794, 0.70970970971, 0.707207207207, 0.912912912913, 0.807307307307, 0.873373373373, 0.689189189189, 0.613113113113, 0.64014014014, 0.97047047047, 0.644644644645, 0.525025025025, 0.694694694695, 0.613613613614, 0.749249249249, 0.778278278278, 0.666166166166, 0.642642642643, 0.795295295295, 0.708708708709, 0.958958958959, 0.51951951952, 0.959459459459, 0.519019019019, 0.50950950951, 0.988488488488, 0.726226226226, 0.734234234234, 0.581081081081, 0.67967967968, 0.685685685686, 0.8003003003], "c_weight": [0.000261261261, 0.000677477477, 0.000757657658, 0.000847747748, 0.000842342342, 0.000518018018, 0.000254954955, 0.00047027027, 0.000125225225, 0.000278378378, 0.000526126126, 0.000133333333, 0.000863963964, 0.000179279279, 0.000576576577, 0.000745945946, 0.000566666667, 0.000656756757, 0.000408108108, 0.000704504505, 0.000840540541, 0.000167567568, 0.000898198198, 0.000465765766, 0.000727927928, 0.000871171171, 0.000845945946, 0.000478378378, 0.000495495495, 0.000272972973, 0.000181081081, 0.000415315315, 0.000559459459, 0.00085045045, 0.00064954955, 0.000920720721, 0.000392792793, 0.000754054054, 0.000916216216, 0.00030990991, 0.00070990991, 0.000969369369, 0.000246846847, 0.000816216216, 0.000151351351, 0.000948648649, 0.000187387387, 0.000407207207, 0.000273873874, 0.000454054054], "CD_H_t": [0.946156156156, 0.898918918919, 0.883063063063, 0.981831831832, 0.739369369369, 0.811711711712, 0.773393393393, 0.813693693694, 0.918078078078, 0.824594594595, 0.857627627628, 0.923693693694, 0.870840840841, 0.823273273273, 0.738378378378, 0.942192192192, 0.819309309309, 0.910810810811, 0.869189189189, 0.82954954955, 0.772402402402, 0.77042042042, 0.778018018018, 0.971261261261, 0.833843843844, 0.986786786787, 0.95012012012, 0.836816816817, 0.805105105105, 0.794534534535, 0.795195195195, 0.841771771772, 0.702372372372, 0.848378378378, 0.987777777778, 0.861921921922, 0.892312312312, 0.977537537538, 0.963003003003, 0.765465465465, 0.902882882883, 0.827567567568, 0.696756756757, 0.950780780781, 0.878768768769, 0.852012012012, 0.73012012012, 0.816006006006, 0.855315315315, 0.90981981982],