{"medians": {"MG_L_t": 5.963963963964, "MG_M_t": 12.3998998998995, "maturity_t": 0.805205205205, "a_Diff": 4.5135135135135, "a_P": 4.4864864864865, "a_m_OC": 0.748248248248, "a_m_ALP": 0.7457457457455, "c_weight": 0.0006171171175, "CD_H_t": 0.8681981981985, "a_c_Mo": 10.2302302302305, "a_Pr_Mo": 5.895895895896, "MG_H_t": 32.802802802803, "pH_t": 9.123623623623999, "a_TGF_nTGF": 0.12904004004, "a_BMP_nBMP": 0.4739094094095, "B_Pr": 0.0305265265265, "b_BMP": 0.0318243243245, "b_TGF": 0.053522522522500005, "B_Mo": 0.0032734734735, "a_Mo": 3.3933933933929996}}