{"posteriors": {"MG_L_t": [2.960960960961, 3.705705705706, 9.487487487487, 8.078078078078, 2.520520520521, 2.536536536537, 3.129129129129, 8.014014014014, 4.650650650651, 6.596596596597, 2.744744744745, 7.597597597598, 4.21021021021, 3.625625625626, 7.90990990991, 7.205205205205, 2.304304304304, 6.484484484484, 4.858858858859, 6.644644644645, 5.171171171171, 6.508508508509, 5.97997997998, 7.885885885886, 3.009009009009, 2.608608608609, 8.318318318318, 3.457457457457, 6.532532532533, 2.472472472472, 6.948948948949, 7.813813813814, 4.362362362362, 2.232232232232, 9.831831831832, 8.646646646647, 6.164164164164, 4.778778778779, 8.830830830831, 5.61961961962, 9.239239239239, 9.5995995996, 8.950950950951, 9.247247247247, 2.336336336336, 4.066066066066, 9.607607607608, 3.721721721722, 5.947947947948, 5.523523523524], "MG_M_t": [11.016016016016, 12.367367367367, 10.660660660661, 14.484484484484, 11.976976976977, 14.634634634635, 12.702702702703, 12.692692692693, 11.496496496496, 12.697697697698, 11.906906906907, 10.455455455455, 11.586586586587, 11.771771771772, 11.256256256256, 14.009009009009, 11.421421421421, 12.217217217217, 10.930930930931, 13.168168168168, 10.31031031031, 14.049049049049, 12.917917917918, 12.807807807808, 13.393393393393, 12.432432432432, 14.77977977978, 13.208208208208, 12.472472472472, 11.926926926927, 11.406406406406, 13.643643643644, 14.744744744745, 11.951951951952, 12.582582582583, 11.596596596597, 12.157157157157, 11.696696696697, 14.139139139139, 13.448448448448, 13.013013013013, 11.936936936937, 13.373373373373, 14.5995995996, 12.687687687688, 12.777777777778, 11.261261261261, 12.337337337337, 10.07007007007, 10.29029029029], "maturity_t": [0.984384384384, 0.973173173173, 0.901901901902, 0.991991991992, 0.933533533534, 0.942342342342, 0.980780780781, 0.796596596597, 0.723323323323, 0.945545545546, 0.716116116116, 0.834234234234, 0.673273273273, 0.762962962963, 0.916716716717, 0.661661661662, 0.997197197197, 0.878678678679, 0.603203203203, 0.715715715716, 0.799399399399, 0.913513513514, 0.763763763764, 0.601201201201, 0.682882882883, 0.771371371371, 0.962762762763, 0.724524524525, 0.758558558559, 0.992392392392, 0.756156156156, 0.925125125125, 0.998398398398, 0.951151151151, 0.686486486486, 0.683283283283, 0.969169169169, 0.811011011011, 0.702902902903, 0.886286286286, 0.721321321321, 0.864664664665, 0.866666666667, 0.775375375375, 0.788188188188, 0.760560560561, 0.672072072072, 0.957157157157, 0.712112112112, 0.917917917918], "a_Diff": [4.279279279279, 2.171171171171, 1.612612612613, 6.252252252252, 2.189189189189, 8.36036036036, 6.351351351351, 8.423423423423, 1.153153153153, 4.846846846847, 4.153153153153, 4.324324324324, 2.963963963964, 8.144144144144, 6.495495495495, 4.216216216216, 4.990990990991, 4.198198198198, 2.864864864865, 6.036036036036, 4.648648648649, 5.207207207207, 1.954954954955, 8.810810810811, 4.108108108108, 1.504504504505, 4.54954954955, 5.783783783784, 2.54954954955, 3.081081081081, 1.018018018018, 8.342342342342, 7.216216216216, 1.864864864865, 1.297297297297, 5.423423423423, 6.72972972973, 2.954954954955, 4.0, 8.855855855856, 5.648648648649, 5.009009009009, 6.144144144144, 9.720720720721, 9.612612612613, 1.036036036036, 4.477477477477, 3.594594594595, 3.981981981982, 8.927927927928], "a_P": [4.27027027027, 4.45045045045, 5.927927927928, 1.333333333333, 8.981981981982, 7.882882882883, 7.081081081081, 3.864864864865, 3.207207207207, 6.936936936937, 5.621621621622, 4.837837837838, 7.873873873874, 8.243243243243, 5.27027027027, 1.405405405405, 2.720720720721, 3.702702702703, 9.783783783784, 4.522522522523, 2.693693693694, 9.585585585586, 7.414414414414, 1.837837837838, 4.747747747748, 3.09009009009, 4.882882882883, 1.81981981982, 8.801801801802, 4.657657657658, 7.171171171171, 3.099099099099, 2.684684684685, 6.18018018018, 5.198198198198, 9.846846846847, 4.081081081081, 5.810810810811, 2.621621621622, 3.774774774775, 2.378378378378, 1.963963963964, 2.90990990991, 1.297297297297, 1.243243243243, 9.504504504505, 4.36036036036, 1.0, 4.864864864865, 1.891891891892], "a_m_OC": [0.921921921922, 0.501501501502, 0.763263263263, 0.513013013013, 0.534534534535, 0.883883883884, 0.908908908909, 0.917417417417, 0.909409409409, 0.708208208208, 0.936936936937, 0.966966966967, 0.732232232232, 0.863363363363, 0.705705705706, 0.567567567568, 0.675675675676, 0.977977977978, 0.517017017017, 0.56006006006, 0.75025025025, 0.628628628629, 0.506506506507, 0.722722722723, 0.594594594595, 0.950950950951, 0.517517517518, 0.810810810811, 0.822322322322, 0.689189189189, 0.654654654655, 0.84034034034, 0.768768768769, 0.621621621622, 0.637137137137, 0.592092092092, 0.749249249249, 0.887887887888, 0.971971971972, 0.747247247247, 0.538538538539, 0.507007007007, 0.697197197197, 0.643643643644, 0.871371371371, 0.877877877878, 0.894394394394, 0.978478478478, 0.957457457457, 0.856856856857], "a_m_ALP": [0.636136136136, 0.585085085085, 0.501001001001, 0.923423423423, 0.728228228228, 0.543543543544, 0.562062062062, 0.614114114114, 0.878378378378, 0.967467467467, 0.851351351351, 0.813313313313, 0.905405405405, 0.834334334334, 0.978978978979, 0.592592592593, 0.758258258258, 0.672672672673, 0.642642642643, 0.566566566567, 0.809309309309, 0.656656656657, 0.935435435435, 0.955955955956, 0.612612612613, 0.608108108108, 0.885885885886, 0.99049049049, 0.547047047047, 0.711711711712, 0.838338338338, 0.819319319319, 0.74024024024, 0.577077077077, 0.767767767768, 0.6996996997, 0.992992992993, 0.552552552553, 0.699199199199, 0.625625625626, 0.751251251251, 0.888888888889, 0.844344344344, 0.632632632633, 0.91991991992, 0.773773773774, 0.765265265265, 0.654154154154, 0.731231231231, 0.931431431431], "c_weight": [0.000898198198, 0.000720720721, 0.000826126126, 0.000115315315, 0.000489189189, 0.00059009009, 0.000911711712, 0.000100900901, 0.000704504505, 0.000356756757, 0.000942342342, 0.000797297297, 0.000631531532, 0.000627027027, 0.000504504505, 0.000113513514, 0.000975675676, 0.00015045045, 0.000611711712, 0.000111711712, 0.000853153153, 0.000707207207, 0.000961261261, 0.000289189189, 0.000644144144, 0.000991891892, 0.000647747748, 0.000477477477, 0.00014954955, 0.000127927928, 0.000291891892, 0.000622522523, 0.000812612613, 0.000912612613, 0.000867567568, 0.000461261261, 0.000864864865, 0.000193693694, 0.000420720721, 0.000823423423, 0.000759459459, 0.00019009009, 0.000246846847, 0.000587387387, 0.0007, 0.000426126126, 0.000594594595, 0.000368468468, 0.000675675676, 0.00036036036], "CD_H_t": [0.748288288288, 0.991741741742, 0.67, 0.704354354354, 0.992072072072, 0.981831831832, 0.815015015015, 0.755555555556, 0.931621621622, 0.674294294294, 0.739039039039, 0.867867867868, 0.876456456456, 0.796516516517, 0.885705705706, 0.964324324324, 0.89990990991, 0.682882882883, 0.906846846847, 0.845735735736, 0.67033033033, 0.707987987988, 0.715255255255, 0.875135135135, 0.997687687688, 0.868528528529, 0.962012012012, 0.754234234234, 0.830540540541, 0.986126126126, 0.894954954955, 0.728138138138, 0.685525525526, 0.675945945946, 0.871171171171, 0.992732732733, 0.697087087087, 0.877447447447, 0.974234234234, 0.925345345345, 0.897597597598, 0.687837837838, 0.908828828829, 0.831861861862, 0.882732732733, 0.907837837838, 0.696426426426, 0.941861861862, 0.71954954955, 0.722852852853],