{
  "MG_L_t": 0.6874668973313468,
  "MG_M_t": 0.2517770855671981,
  "maturity_t": 0.2481909616807007,
  "a_m_OC": 0.7977689543586068,
  "a_m_ALP": 0.02918218296425814,
  "CD_H_t": 0.28654506901964244,
  "a_Pr_Mo": 0.26613741023482396,
  "MG_H_t": 0.7424938961149942,
  "pH_t": 0.03337116855068213,
  "a_TGF_nTGF": 0.0790053443254127
}