{"a_m_OC": 1.323042389728488e-21, "a_c_Mo": 0.39232660861236845, "a_Mo": 2.2593186603116563e-12, "B_Pr": 0.025541070474621657, "a_P": 0.44487448475306557}