{"medians": {"a_m_OC": 0.5365365365370001, "a_c_Mo": 48.698698698699005, "a_Mo": 4.249249249249, "B_Pr": 0.056437437437, "a_P": 11.5555555555555}}