{"posteriors": {"a_m_OC": [0.545545545546, 0.508008008008, 0.503003003003, 0.507007007007, 0.51951951952, 0.501001001001, 0.5, 0.508508508509, 0.517017017017, 0.512012012012, 0.567067067067, 0.502502502503, 0.524024024024, 0.562562562563, 0.515515515516, 0.557557557558, 0.577577577578, 0.539039039039, 0.515015015015, 0.50950950951, 0.517517517518, 0.528528528529, 0.595595595596, 0.521021021021, 0.571071071071, 0.538538538539, 0.587087087087, 0.537537537538, 0.504004004004, 0.540540540541, 0.566566566567, 0.563063063063, 0.572072072072, 0.544044044044, 0.556056056056, 0.506006006006, 0.535535535536, 0.511011011011, 0.507507507508, 0.538038038038, 0.584084084084, 0.520520520521, 0.554054054054, 0.523523523524, 0.589089089089, 0.574074074074, 0.581581581582, 0.560560560561, 0.580580580581, 0.505505505506], "a_c_Mo": [95.895895895896, 15.715715715716, 34.534534534535, 34.934934934935, 20.42042042042, 47.547547547548, 50.650650650651, 67.467467467467, 49.84984984985, 44.644644644645, 27.927927927928, 93.293293293293, 74.474474474474, 2.902902902903, 38.338338338338, 7.607607607608, 79.279279279279, 80.680680680681, 21.321321321321, 58.858858858859, 96.896896896897, 24.624624624625, 94.194194194194, 1.401401401401, 20.620620620621, 43.443443443443, 61.661661661662, 97.697697697698, 75.875875875876, 0.1001001001, 95.095095095095, 37.737737737738, 51.951951951952, 2.002002002002, 27.427427427427, 77.377377377377, 18.718718718719, 23.223223223223, 98.498498498498, 65.865865865866, 12.212212212212, 63.163163163163, 6.306306306306, 57.557557557558, 91.691691691692, 21.021021021021, 70.570570570571, 24.924924924925, 91.491491491492, 60.760760760761], "a_Mo": [5.565565565566, 4.094094094094, 3.093093093093, 3.173173173173, 5.235235235235, 3.513513513514, 2.872872872873, 4.494494494494, 3.083083083083, 3.613613613614, 5.345345345345, 5.145145145145, 4.904904904905, 4.114114114114, 6.436436436436, 4.144144144144, 4.544544544545, 4.394394394394, 6.336336336336, 2.712712712713, 2.702702702703, 3.913913913914, 5.375375375375, 3.653653653654, 5.965965965966, 5.055055055055, 4.364364364364, 3.313313313313, 3.303303303303, 2.852852852853, 4.384384384384, 5.845845845846, 5.435435435435, 4.624624624625, 3.723723723724, 2.612612612613, 6.856856856857, 2.432432432432, 1.521521521522, 4.354354354354, 5.335335335335, 3.243243243243, 3.143143143143, 2.592592592593, 3.953953953954, 4.464464464464, 4.984984984985, 3.593593593594, 6.266266266266, 7.297297297297], "B_Pr": [0.040921921922, 0.034901901902, 0.078159159159, 0.057492492492, 0.06705005005, 0.06103003003, 0.035026026026, 0.058113113113, 0.031550550551, 0.050913913914, 0.03546046046, 0.082937937938, 0.033660660661, 0.067422422422, 0.067546546547, 0.033536536537, 0.061464464464, 0.04867967968, 0.072325325325, 0.034281281281, 0.070587587588, 0.06134034034, 0.03937037037, 0.071084084084, 0.044893893894, 0.077352352352, 0.034715715716, 0.061960960961, 0.081324324324, 0.049114114114, 0.046755755756, 0.055072072072, 0.054513513514, 0.081882882883, 0.055382382382, 0.053768768769, 0.043094094094, 0.050045045045, 0.06345045045, 0.068663663664, 0.059106106106, 0.072883883884, 0.048059059059, 0.049176176176, 0.074311311311, 0.065498498498, 0.065312312312, 0.044583583584, 0.038129129129, 0.068787787788], "a_P": [10.756756756757, 10.851851851852, 2.312312312312, 3.054054054054, 15.207207207207, 8.930930930931, 19.144144144144, 18.421421421421, 10.718718718719, 14.978978978979, 15.644644644645, 18.022022022022, 5.583583583584, 6.002002002002, 5.716716716717, 15.397397397397, 6.078078078078, 17.622622622623, 8.626626626627, 13.60960960961, 4.29029029029, 1.58958958959, 18.687687687688, 6.553553553554, 16.481481481481, 18.497497497497, 14.788788788789, 8.094094094094, 14.104104104104, 8.531531531532, 15.283283283283, 13.704704704705, 12.259259259259, 19.942942942943, 19.828828828829, 18.193193193193, 9.824824824825, 10.395395395395, 3.52952952953, 15.226226226226, 9.501501501502, 7.865865865866, 10.623623623624, 9.311311311311, 3.13013013013, 12.791791791792, 16.006006006006, 12.772772772773, 13.685685685686, 5.868868868869]}}