{"MG_M_t": 0.9946727576724784, "maturity_t": 0.20676928108753925, "CD_H_t": 0.6321735438637008, "pH_t": 0.2187736452407323, "a_m_ALP": 0.014947000945260332, "MG_H_t": 0.44168394723267557, "a_BMP_nBMP": 0.051054194621713206, "a_TGF_nTGF": 0.002638362031935238, "a_Pr_Mo": 0.09050725210981102, "a_m_OC": 0.1216064114007993, "MG_L_t": 0.48137531694212166, "a_c_Mo": 0.21668020885503014, "b_TGF": 0.7205976476903564, "a_Mo": 0.5030711891834663, "b_BMP": 0.09057023428983113, "B_Pr": 0.05483790858815176, "a_P": 0.08722078661307836}