{"medians": {"MG_M_t": 12.3798798798795, "maturity_t": 0.7593593593595, "CD_H_t": 0.8554804804805, "pH_t": 9.158658658659, "a_m_ALP": 0.7134634634635, "MG_H_t": 28.978978978979, "a_BMP_nBMP": 0.033157657657999995, "a_TGF_nTGF": 0.0344954954955, "a_Pr_Mo": 4.629629629629999, "a_m_OC": 0.6393893893895, "MG_L_t": 6.096096096096, "a_c_Mo": 45.045045045045, "b_TGF": 0.041234234234, "a_Mo": 4.384384384384, "b_BMP": 0.0157432432435, "B_Pr": 0.05802002002, "a_P": 8.835835835836}}