{"posteriors": {"MG_M_t": [13.403403403403, 10.26026026026, 14.014014014014, 14.139139139139, 14.794794794795, 14.169169169169, 13.953953953954, 13.428428428428, 10.495495495495, 12.452452452452, 13.323323323323, 10.840840840841, 12.142142142142, 10.695695695696, 12.567567567568, 13.188188188188, 11.901901901902, 11.586586586587, 11.931931931932, 11.331331331331, 13.168168168168, 10.990990990991, 14.764764764765, 10.12012012012, 13.728728728729, 14.65965965966, 13.798798798799, 14.834834834835, 11.671671671672, 10.815815815816, 10.535535535536, 11.631631631632, 11.531531531532, 14.864864864865, 14.369369369369, 14.654654654655, 12.277277277277, 12.212212212212, 11.181181181181, 10.795795795796, 14.309309309309, 11.501501501502, 13.328328328328, 10.385385385385, 13.438438438438, 12.792792792793, 12.352352352352, 12.407407407407, 12.252252252252, 10.585585585586], "maturity_t": [0.946346346346, 0.608408408408, 0.668468468468, 0.677277277277, 0.867067067067, 0.816616616617, 0.76976976977, 0.895895895896, 0.63963963964, 0.684484484484, 0.671671671672, 0.982382382382, 0.873473473473, 0.662462462462, 0.942342342342, 0.602802802803, 0.73973973974, 0.658458458458, 0.871871871872, 0.754954954955, 0.835835835836, 0.692092092092, 0.932332332332, 0.716116116116, 0.806606606607, 0.885885885886, 0.915115115115, 0.62962962963, 0.763763763764, 0.604804804805, 0.608808808809, 0.613613613614, 0.975175175175, 0.724524524525, 0.601201201201, 0.877477477477, 0.764964964965, 0.968768768769, 0.775375375375, 0.996796796797, 0.902702702703, 0.765365365365, 0.625625625626, 0.637237237237, 0.905905905906, 0.63003003003, 0.658058058058, 0.923523523524, 0.65005005005, 0.665665665666], "CD_H_t": [0.984144144144, 0.895615615616, 0.674954954955, 0.848048048048, 0.903873873874, 0.788258258258, 0.677597597598, 0.997357357357, 0.915435435435, 0.743333333333, 0.796186186186, 0.852672672673, 0.71987987988, 0.998678678679, 0.753243243243, 0.696756756757, 0.725495495495, 0.975555555556, 0.856966966967, 0.96036036036, 0.918738738739, 0.713933933934, 0.894294294294, 0.992072072072, 0.854324324324, 0.803783783784, 0.909489489489, 0.89957957958, 0.963333333333, 0.732102102102, 0.748948948949, 0.755555555556, 0.988438438438, 0.721201201201, 0.825585585586, 0.741021021021, 0.882072072072, 0.732762762763, 0.905195195195, 0.856636636637, 0.860600600601, 0.904864864865, 0.695105105105, 0.995375375375, 0.924684684685, 0.842762762763, 0.794534534535, 0.894624624625, 0.934924924925, 0.679249249249], "pH_t": [9.260760760761, 9.208708708709, 8.595095095095, 8.929429429429, 9.215715715716, 9.044544544545, 9.480980980981, 9.493993993994, 8.755255255255, 8.639139139139, 9.497997997998, 8.714214214214, 9.194694694695, 9.492992992993, 8.998498498498, 9.198698698699, 9.345845845846, 9.045545545546, 9.367867867868, 9.244744744745, 8.656156156156, 9.031531531532, 9.296796796797, 9.233733733734, 8.906406406406, 9.15965965966, 8.569069069069, 9.053553553554, 9.210710710711, 9.157657657658, 9.241741741742, 8.773273273273, 8.835335335335, 9.381881881882, 9.17967967968, 9.263763763764, 8.597097097097, 9.068568568569, 8.73023023023, 9.443943943944, 8.741241241241, 9.390890890891, 9.105605605606, 9.40990990991, 9.151651651652, 9.284784784785, 8.517017017017, 9.147647647648, 9.433933933934, 8.962462462462], "a_m_ALP": [0.687187187187, 0.688688688689, 0.895895895896, 0.535535535536, 0.54004004004, 0.753253253253, 0.709209209209, 0.62962962963, 0.794794794795, 0.892392392392, 0.641641641642, 0.638638638639, 0.722722722723, 0.695695695696, 0.545545545546, 0.889389389389, 0.769269269269, 0.903403403403, 0.63963963964, 0.761761761762, 0.748248248248, 0.93043043043, 0.716716716717, 0.856856856857, 0.71021021021, 0.745745745746, 0.534034034034, 0.666166166166, 0.628128128128, 0.692692692693, 0.524524524525, 0.767767767768, 0.804304304304, 0.571071071071, 0.623123123123, 0.835835835836, 0.573073073073, 0.778778778779, 0.809309309309, 0.511011011011, 0.513013013013, 0.916916916917, 0.64014014014, 0.639139139139, 0.643643643644, 0.856356356356, 0.772272272272, 0.755255255255, 0.890890890891, 0.837837837838], "MG_H_t": [21.101101101101, 20.08008008008, 26.006006006006, 22.522522522523, 32.232232232232, 34.994994994995, 24.604604604605, 31.151151151151, 21.521521521522, 24.504504504505, 38.518518518519, 20.12012012012, 22.022022022022, 29.58958958959, 34.094094094094, 36.776776776777, 25.565565565566, 30.31031031031, 27.867867867868, 28.428428428428, 28.808808808809, 27.027027027027, 39.51951951952, 21.321321321321, 36.236236236236, 32.112112112112, 39.379379379379, 29.089089089089, 28.268268268268, 39.95995995996, 32.672672672673, 21.461461461461, 30.25025025025, 37.697697697698, 39.8998998999, 20.48048048048, 27.387387387387, 39.219219219219, 23.463463463463, 21.401401401401, 28.868868868869, 23.683683683684, 37.817817817818, 34.814814814815, 26.346346346346, 24.264264264264, 34.014014014014, 31.731731731732, 34.914914914915, 36.616616616617], "a_BMP_nBMP": [0.008234234234, 0.078396396396, 0.011801801802, 0.015666666667, 0.043513513514, 0.054711711712, 0.074531531532, 0.054315315315, 0.019234234234, 0.097225225225, 0.035981981982, 0.061252252252, 0.021414414414, 0.033504504505, 0.027162162162, 0.086720720721, 0.035882882883, 0.032810810811, 0.034990990991, 0.059468468468, 0.07581981982, 0.012594594595, 0.03954954955, 0.023495495495, 0.018342342342, 0.013288288288, 0.04718018018, 0.025774774775, 0.022207207207, 0.033900900901, 0.028846846847, 0.009720720721, 0.063135135135, 0.024882882883, 0.016756756757, 0.096828828829, 0.058477477477, 0.019432432432, 0.011306306306, 0.039945945946, 0.016558558559, 0.015567567568, 0.01972972973, 0.01745045045, 0.029342342342, 0.050252252252, 0.091081081081, 0.00981981982, 0.070369369369, 0.088801801802], "a_TGF_nTGF": [0.017747747748, 0.021711711712, 0.078891891892, 0.016063063063, 0.050846846847, 0.092567567568, 0.083252252252, 0.01972972973, 0.02963963964, 0.023099099099, 0.026072072072, 0.054414414414, 0.041234234234, 0.073936936937, 0.04609009009, 0.079783783784, 0.033702702703, 0.012891891892, 0.020522522523, 0.037864864865, 0.013684684685, 0.032414414414, 0.022207207207, 0.032117117117, 0.028846846847, 0.024387387387, 0.028153153153, 0.077603603604, 0.045594594595, 0.081369369369, 0.09227027027, 0.048765765766, 0.033009009009, 0.040045045045, 0.029342342342, 0.048171171171, 0.057783783784, 0.032315315315, 0.067990990991, 0.042027027027, 0.016657657658, 0.04936036036, 0.020720720721, 0.022900900901, 0.088405405405, 0.042126126126, 0.035288288288, 0.014873873874, 0.021612612613, 0.063036036036], "a_Pr_Mo": [9.67967967968, 5.305305305305, 8.648648648649, 0.940940940941, 4.594594594595, 8.998998998999, 4.724724724725, 9.73973973974, 4.464464464464, 3.873873873874, 4.634634634635, 9.80980980981, 3.023023023023, 3.943943943944, 1.831831831832, 4.994994994995, 2.192192192192, 1.131131131131, 9.229229229229, 5.645645645646, 0.07007007007, 1.371371371371, 5.895895895896, 2.322322322322, 6.426426426426, 4.514514514515, 6.096096096096, 3.563563563564, 7.217217217217, 6.816816816817, 1.431431431431, 4.864864864865, 6.646646646647, 6.986986986987, 8.698698698699, 4.564564564565, 2.512512512513, 6.796796796797, 2.372372372372, 0.500500500501, 3.983983983984, 5.775775775776, 2.992992992993, 5.845845845846, 4.624624624625, 1.951951951952, 2.162162162162, 7.357357357357, 6.886886886887, 1.461461461461],