{
  "MG_M_t": 0.003159759823500502,
  "pH_t": 0.004350516379897091,
  "a_Pr_Mo": 0.0015501673293391706,
  "a_c_Mo": 0.49469962953226504,
  "CD_H_t": 0.07641853901154369,
  "MG_L_t": 0.00868912645638474,
  "MG_H_t": 0.0005150145276451571,
  "maturity_t": 0.003898807049553789,
  "a_m_ALP": 0.00877313603146125,
  "a_m_OC": 0.0013828177342414232,
  "a_Mo": 0.7755219042156245,
  "b_TGF": 0.5721952040632328,
  "a_BMP_nBMP": 0.006083853237280414,
  "a_TGF_nTGF": 3.1086349247285904e-05,
  "c_weight": 0.0003002469675588986
}