{
  "MG_L_t": 0.03781162417043424,
  "MG_M_t": 0.006677095390478531,
  "maturity_t": 0.01847229661565204,
  "a_P": 0.016080900461647653,
  "a_m_OC": 0.00038049323861607767,
  "a_m_ALP": 0.042982635388132885,
  "c_weight": 0.1568522262277515,
  "CD_H_t": 0.003891027613535447,
  "a_c_Mo": 0.002544859022830697,
  "a_Pr_Mo": 0.00692408010446787,
  "MG_H_t": 0.007085271325515523,
  "pH_t": 0.005612342204758332,
  "a_TGF_nTGF": 0.09504778324145771,
  "B_Pr": 0.01965693873158537,
  "a_Mo": 2.11460076426961
}