{
  "MG_L_t": 0.48117100857061273,
  "MG_M_t": 0.0006940774971963647,
  "maturity_t": 0.11420056639490361,
  "CD_H_t": 0.034908521494135494,
  "a_c_Mo": 0.00016756181651649395,
  "MG_H_t": 0.00010616091485351644,
  "a_Pr_Mo": 0.00037738740165048986,
  "pH_t": 0.013557506983627985,
  "a_P": 0.1771654673037879,
  "a_m_OC": 1.5853333369873717,
  "B_Pr": 0.3425235059666801,
  "a_TGF_nTGF": 0.06808067886213381
}