{
  "MG_M_t": 0.03205423108959399,
  "pH_t": 0.00788257233007644,
  "a_Pr_Mo": 0.0025361791481785583,
  "CD_H_t": 0.8039438311253557,
  "MG_L_t": 2.7045361127471317e-05,
  "MG_H_t": 0.02249188759244836,
  "maturity_t": 0.0014313803022901282,
  "a_m_ALP": 0.007397020607112045,
  "a_m_OC": 0.026718141951907567,
  "a_Mo": 0.20611617327952678,
  "a_BMP_nBMP": 0.28729631779571346,
  "a_TGF_nTGF": 0.0011199195690583224,
  "c_weight": 0.013671560661109621
}