{"maturity_t": 0.7333307880371586, "pH_t": 0.5880930551860237, "a_m_ALP": 0.04933101114344362, "MG_H_t": 0.11430114330892796, "a_BMP_nBMP": 3.1592035273541705e-10}