{"medians": {"maturity_t": 0.7145145145145, "pH_t": 9.149149149149501, "a_m_ALP": 0.791041041041, "MG_H_t": 29.179179179179002, "a_BMP_nBMP": 0.045198198198}}