{"posteriors": {"maturity_t": [0.644844844845, 0.619219219219, 0.661261261261, 0.684084084084, 0.976376376376, 0.617217217217, 0.932732732733, 0.830630630631, 0.683283283283, 0.803803803804, 0.924324324324, 0.985985985986, 0.892292292292, 0.91031031031, 0.715315315315, 0.713713713714, 0.853853853854, 0.694494494494, 0.669269269269, 0.765365365365, 0.624824824825, 0.763763763764, 0.692092092092, 0.628428428428, 0.641641641642, 0.636436436436, 0.605605605606, 0.810610610611, 0.682482482482, 0.805805805806, 0.612812812813, 0.614814814815, 0.913913913914, 0.995195195195, 0.753353353353, 0.846646646647, 0.766166166166, 0.655655655656, 0.857457457457, 0.634834834835, 0.755755755756, 0.617617617618, 0.979179179179, 0.626426426426, 0.712112112112, 0.664864864865, 0.814614614615, 0.700500500501, 0.852252252252, 0.983183183183], "pH_t": [8.564064064064, 8.701201201201, 8.754254254254, 9.463963963964, 9.340840840841, 9.320820820821, 9.372872872873, 8.553053053053, 8.735235235235, 9.423923923924, 9.17967967968, 9.163663663664, 9.283783783784, 8.76026026026, 9.274774774775, 9.022522522523, 8.961461461461, 8.594094094094, 8.668168168168, 9.247747747748, 8.83033033033, 9.065565565566, 9.462962962963, 9.134634634635, 9.440940940941, 9.092592592593, 9.255755755756, 9.232732732733, 9.113613613614, 8.807307307307, 9.298798798799, 9.122622622623, 9.487987987988, 8.812312312312, 8.533033033033, 9.334834834835, 8.718218218218, 9.486986986987, 9.125625625626, 9.165665665666, 9.41991991992, 9.293793793794, 9.468968968969, 8.916416416416, 8.851351351351, 8.882382382382, 9.331831831832, 9.097597597598, 9.30980980981, 9.295795795796], "a_m_ALP": [0.804804804805, 0.921421421421, 0.846846846847, 0.615615615616, 0.527527527528, 0.935435435435, 0.618618618619, 0.74024024024, 0.817317317317, 0.543043043043, 0.674674674675, 0.669169169169, 0.582082082082, 0.6996996997, 0.853853853854, 0.89039039039, 0.884384384384, 0.756756756757, 0.844844844845, 0.776276276276, 0.760760760761, 0.71021021021, 0.964464464464, 0.697197197197, 0.908908908909, 0.573573573574, 0.893893893894, 0.681181181181, 0.79029029029, 0.895395395395, 0.93043043043, 0.951951951952, 0.53953953954, 0.611611611612, 0.791791791792, 0.713713713714, 0.97047047047, 0.77977977978, 0.656156156156, 0.78978978979, 0.938938938939, 0.858358358358, 0.76026026026, 0.770770770771, 0.966466466466, 0.983483483483, 0.808308308308, 0.847347347347, 0.890890890891, 0.864364364364], "MG_H_t": [20.760760760761, 25.945945945946, 26.746746746747, 27.307307307307, 22.122122122122, 31.551551551552, 26.486486486486, 29.229229229229, 29.129129129129, 28.988988988989, 22.322322322322, 31.751751751752, 31.211211211211, 39.51951951952, 27.147147147147, 30.09009009009, 30.810810810811, 32.692692692693, 33.993993993994, 34.314314314314, 20.720720720721, 33.433433433433, 37.197197197197, 27.987987987988, 23.583583583584, 33.773773773774, 38.458458458458, 34.294294294294, 33.133133133133, 32.772772772773, 34.354354354354, 25.125125125125, 24.104104104104, 29.88988988989, 38.058058058058, 33.953953953954, 23.843843843844, 28.068068068068, 24.504504504505, 28.268268268268, 20.06006006006, 21.801801801802, 25.545545545546, 38.798798798799, 21.941941941942, 37.017017017017, 34.874874874875, 27.927927927928, 28.908908908909, 31.311311311311], "a_BMP_nBMP": [0.033504504505, 0.052333333333, 0.042225225225, 0.065711711712, 0.059864864865, 0.05381981982, 0.051936936937, 0.047873873874, 0.032513513514, 0.041630630631, 0.043018018018, 0.064126126126, 0.047675675676, 0.027954954955, 0.03954954955, 0.056099099099, 0.060855855856, 0.029144144144, 0.043711711712, 0.020225225225, 0.041828828829, 0.032414414414, 0.034198198198, 0.062837837838, 0.054117117117, 0.04609009009, 0.053918918919, 0.070864864865, 0.045099099099, 0.044801801802, 0.02627027027, 0.028747747748, 0.056594594595, 0.06481981982, 0.061648648649, 0.021513513514, 0.031720720721, 0.033009009009, 0.030927927928, 0.024288288288, 0.051837837838, 0.040342342342, 0.056198198198, 0.06809009009, 0.077603603604, 0.045297297297, 0.033108108108, 0.048468468468, 0.050846846847, 0.017153153153]}}