{
  "MG_M_t": 0.019994269846730424,
  "maturity_t": 0.0024849582884320953,
  "CD_H_t": 0.0012225996178416578,
  "pH_t": 0.003107584691100784,
  "a_m_ALP": 0.007112055341606036,
  "MG_H_t": 0.001495479205935944,
  "a_Pr_Mo": 0.00203368000549895,
  "a_m_OC": 0.009270268407905045,
  "MG_L_t": 0.04130217418903436,
  "a_c_Mo": 0.0002254387613470032,
  "b_TGF": 0.40991743673169667,
  "a_Mo": 0.6531306954906174,
  "b_BMP": 0.3402664489012706,
  "B_Pr": 0.05650019236884901,
  "a_P": 0.05934203604552515
}