{"MG_M_t": 0.12512841300073296, "pH_t": 0.22756088476112554, "a_Pr_Mo": 0.20257042017440813, "a_c_Mo": 0.03615524317936833}