{"medians": {"MG_M_t": 12.962962962963001, "pH_t": 8.9239239239235, "a_Pr_Mo": 5.850850850851, "a_c_Mo": 44.5445445445445}}