{"posteriors": {"MG_M_t": [11.081081081081, 12.562562562563, 13.223223223223, 10.745745745746, 14.339339339339, 12.837837837838, 12.942942942943, 14.534534534535, 13.108108108108, 11.731731731732, 10.935935935936, 13.693693693694, 12.722722722723, 13.718718718719, 13.943943943944, 10.125125125125, 14.82982982983, 14.299299299299, 10.22022022022, 12.727727727728, 11.026026026026, 13.153153153153, 14.084084084084, 12.537537537538, 12.862862862863, 14.70970970971, 10.485485485485, 13.663663663664, 10.565565565566, 14.784784784785, 14.364364364364, 12.607607607608, 12.982982982983, 13.473473473473, 13.243243243243, 13.348348348348, 13.613613613614, 10.675675675676, 12.832832832833, 11.286286286286, 11.476476476476, 12.272272272272, 12.997997997998, 12.487487487487, 10.185185185185, 14.124124124124, 14.199199199199, 13.413413413413, 11.461461461461, 14.009009009009], "pH_t": [8.849349349349, 9.007507507508, 8.774274274274, 9.071571571572, 9.451951951952, 8.789289289289, 9.335835835836, 8.931431431431, 8.973473473473, 8.957457457457, 8.886386386386, 8.755255255255, 8.682182182182, 8.519019019019, 9.072572572573, 8.624124124124, 9.053553553554, 8.735235235235, 9.194694694695, 9.215715715716, 8.687187187187, 8.716216216216, 9.00950950951, 8.577077077077, 9.413913913914, 9.106606606607, 9.370870870871, 8.568068068068, 8.625125125125, 9.043543543544, 8.792292292292, 9.045545545546, 8.69019019019, 9.362862862863, 8.603103103103, 8.997497497497, 8.885385385385, 8.711211211211, 8.728228228228, 8.726226226226, 8.602102102102, 9.084584584585, 9.105605605606, 9.225725725726, 9.217717717718, 8.722222222222, 8.51001001001, 8.916416416416, 9.334834834835, 9.342842842843], "a_Pr_Mo": [7.717717717718, 6.326326326326, 4.644644644645, 5.815815815816, 9.289289289289, 9.92992992993, 3.663663663664, 3.573573573574, 0.49049049049, 4.464464464464, 1.591591591592, 6.046046046046, 3.223223223223, 0.500500500501, 8.968968968969, 0.820820820821, 4.004004004004, 5.885885885886, 7.217217217217, 4.084084084084, 2.352352352352, 4.594594594595, 6.716716716717, 6.606606606607, 5.195195195195, 6.016016016016, 3.963963963964, 6.626626626627, 1.711711711712, 8.718718718719, 2.772772772773, 6.866866866867, 3.163163163163, 1.401401401401, 6.366366366366, 1.961961961962, 1.161161161161, 9.93993993994, 8.428428428428, 7.957957957958, 6.956956956957, 5.495495495495, 6.036036036036, 6.666666666667, 4.134134134134, 7.947947947948, 7.467467467467, 9.64964964965, 2.622622622623, 8.788788788789], "a_c_Mo": [27.027027027027, 17.117117117117, 93.293293293293, 13.913913913914, 59.65965965966, 13.813813813814, 37.237237237237, 67.467467467467, 40.44044044044, 39.039039039039, 16.616616616617, 51.951951951952, 51.751751751752, 27.927927927928, 56.256256256256, 28.828828828829, 59.55955955956, 99.8998998999, 46.346346346346, 21.721721721722, 74.574574574575, 33.933933933934, 14.914914914915, 45.345345345345, 42.542542542543, 79.079079079079, 51.351351351351, 99.099099099099, 98.998998998999, 9.409409409409, 65.365365365365, 59.459459459459, 41.941941941942, 88.088088088088, 61.361361361361, 56.956956956957, 21.221221221221, 2.002002002002, 43.743743743744, 65.265265265265, 65.665665665666, 39.93993993994, 36.536536536537, 31.131131131131, 68.168168168168, 49.149149149149, 20.22022022022, 30.730730730731, 8.808808808809, 77.877877877878]}}