{
  "MG_M_t": 0.15771644812078126,
  "maturity_t": 5.0719895690718446e-05,
  "a_m_OC": 1.5134956129571e-06,
  "a_m_ALP": 0.7131508229857194,
  "CD_H_t": 7.165271311315595e-05,
  "a_Pr_Mo": 0.6512060626165533,
  "pH_t": 2.267434792454599e-06
}