{
    "means": [
        0.7382874164319513,
        0.7297022676785632,
        0.7550906488934797,
        0.7512833860345838,
        0.9459692174509371,
        0.7496491568761361,
        0.7515455658941298,
        0.8639275235871018
    ],
    "stds": [
        0.09484282799747355,
        0.02421251564268187,
        0.024637826374720544,
        0.01871405102438174,
        0.032527867193871934,
        0.019558950779692066,
        0.019120838092402753,
        0.023941804353319333
    ]
}