{
    "means": [
        0.8355323487024855,
        0.8527543543632425,
        0.8441144567529987,
        0.8445546622935985,
        0.8516244318664239,
        0.8545972211865103,
        0.8527610450761655,
        0.9183019543330445
    ],
    "stds": [
        0.20778579842668787,
        0.09308831884684592,
        0.019291966181309052,
        0.05094623730165821,
        0.02200708972973004,
        0.011454849223468296,
        0.0071334009667451724,
        0.005586153152523728
    ]
}