{
    "means": [
        0.9724353735630666,
        0.9724353735630666,
        0.9724353735630666,
        0.9724353735630666,
        0.9724353735630666
    ],
    "stds": [
        0.1052960244974725,
        0.027500557577796975,
        0.023178694579155223,
        0.02105751724043814,
        0.023568494889045624
    ]
}