{
    "means": [
        0.7756712991160678,
        0.8272652670773882,
        0.8448084453257585,
        0.8524958588966659,
        0.8446353613763022
    ],
    "stds": [
        0.1052960244974725,
        0.027500557577796975,
        0.023178694579155223,
        0.02105751724043814,
        0.023568494889045624
    ]
}