{
    "means": [
        0.94549915431188,
        0.9466393014003152,
        0.9356452425458761,
        0.945713372460343,
        0.9724850066718602
    ],
    "stds": [
        0.05841122708808089,
        0.04021691324470351,
        0.04658237562086852,
        0.03689851735252853,
        0.03665342426810606
    ]
}