{"MG_M_t": 0.07973377911598817, "maturity_t": 0.6711684131164789, "CD_H_t": 0.10367729638925757, "pH_t": 0.20046340584625325, "a_m_ALP": 0.0020204963543014828, "MG_H_t": 0.5307420111704282}