{"medians": {"MG_M_t": 12.122122122122, "maturity_t": 0.8106106106105, "CD_H_t": 0.8077477477474999, "pH_t": 9.170670670671, "a_m_ALP": 0.7605105105105, "MG_H_t": 31.6516516516515}}