{"posteriors": {"MG_M_t": [12.272272272272, 11.386386386386, 11.961961961962, 14.114114114114, 12.642642642643, 10.04004004004, 13.643643643644, 12.147147147147, 14.139139139139, 12.187187187187, 10.805805805806, 12.807807807808, 13.108108108108, 11.666666666667, 11.586586586587, 14.089089089089, 13.213213213213, 13.653653653654, 12.242242242242, 12.887887887888, 13.288288288288, 11.716716716717, 10.625625625626, 10.585585585586, 14.044044044044, 14.594594594595, 11.791791791792, 13.253253253253, 11.836836836837, 10.22022022022, 14.454454454454, 11.576576576577, 12.157157157157, 11.896896896897, 12.697697697698, 14.86986986987, 11.091091091091, 10.365365365365, 12.097097097097, 10.31031031031, 12.482482482482, 12.192192192192, 10.105105105105, 10.405405405405, 10.965965965966, 11.291291291291, 10.39039039039, 11.691691691692, 13.003003003003, 10.42042042042], "maturity_t": [0.645245245245, 0.910710710711, 0.675675675676, 0.694894894895, 0.776176176176, 0.654854854855, 0.601601601602, 0.896696696697, 0.993193193193, 0.891091091091, 0.6, 0.991991991992, 0.687287287287, 0.825425425425, 0.748548548549, 0.67967967968, 0.709309309309, 0.735735735736, 0.958358358358, 0.664064064064, 0.676476476476, 0.660860860861, 0.84024024024, 0.951551551552, 0.873073073073, 0.913913913914, 0.885485485485, 0.70970970971, 0.925125125125, 0.807007007007, 0.803003003003, 0.756556556557, 0.892292292292, 0.822222222222, 0.854654654655, 0.97997997998, 0.893093093093, 0.955155155155, 0.836236236236, 0.721721721722, 0.794194194194, 0.814214214214, 0.775375375375, 0.875075075075, 0.935935935936, 0.674874874875, 0.648848848849, 0.686486486486, 0.865065065065, 0.834634634635], "CD_H_t": [0.881741741742, 0.674294294294, 0.998678678679, 0.717237237237, 0.776036036036, 0.905195195195, 0.809399399399, 0.683873873874, 0.975555555556, 0.800810810811, 0.704684684685, 0.900900900901, 0.687507507508, 0.712282282282, 0.936576576577, 0.932612612613, 0.874144144144, 0.997357357357, 0.937567567568, 0.917417417417, 0.713933933934, 0.692132132132, 0.8203003003, 0.817987987988, 0.989099099099, 0.950780780781, 0.851681681682, 0.875465465465, 0.92996996997, 0.987777777778, 0.701381381381, 0.771411411411, 0.732102102102, 0.761171171171, 0.673303303303, 0.749279279279, 0.998018018018, 0.683543543544, 0.748618618619, 0.85960960961, 0.806096096096, 0.752582582583, 0.763483483483, 0.69972972973, 0.821291291291, 0.993723723724, 0.724834834835, 0.738048048048, 0.728138138138, 0.928978978979], "pH_t": [8.659159159159, 9.417917917918, 9.37987987988, 9.202702702703, 9.250750750751, 9.295795795796, 8.872372372372, 8.746246246246, 9.165665665666, 9.106606606607, 9.371871871872, 9.232732732733, 8.784284284284, 9.248748748749, 9.490990990991, 9.404904904905, 9.376876876877, 9.093593593594, 8.896396396396, 9.396896896897, 9.03953953954, 9.383883883884, 8.72022022022, 9.016516516517, 9.190690690691, 9.034534534535, 9.303803803804, 9.010510510511, 9.175675675676, 8.505005005005, 8.714214214214, 9.15965965966, 8.548048048048, 9.472972972973, 9.473973973974, 8.841341341341, 9.035535535536, 9.47997997998, 8.557057057057, 9.33983983984, 9.425925925926, 9.05955955956, 8.821321321321, 8.988488488488, 9.108608608609, 9.241741741742, 9.243743743744, 9.277777777778, 8.802302302302, 9.367867867868], "a_m_ALP": [0.967967967968, 0.667167167167, 0.836836836837, 0.876876876877, 0.715715715716, 0.725725725726, 0.751751751752, 0.724724724725, 0.828328328328, 0.818318318318, 0.635135135135, 0.707207207207, 0.651651651652, 0.75975975976, 0.807807807808, 0.989489489489, 0.761261261261, 0.681181181181, 0.672172172172, 0.976976976977, 0.933933933934, 0.751251251251, 0.886886886887, 0.715215215215, 0.771771771772, 0.733733733734, 0.884884884885, 0.775275275275, 0.634134134134, 0.604104104104, 0.897897897898, 0.854354354354, 0.804804804805, 0.664164164164, 0.617617617618, 0.653153153153, 0.916416416416, 0.943443443443, 0.953953953954, 0.72022022022, 0.961461461461, 0.931931931932, 0.741241241241, 0.863863863864, 0.673673673674, 0.788788788789, 0.833833833834, 0.714214214214, 0.658658658659, 0.648648648649], "MG_H_t": [37.997997997998, 32.052052052052, 22.862862862863, 37.397397397397, 36.176176176176, 33.253253253253, 34.694694694695, 36.116116116116, 20.640640640641, 34.354354354354, 39.6996996997, 34.434434434434, 27.467467467467, 22.402402402402, 25.165165165165, 35.475475475475, 21.601601601602, 27.507507507508, 39.61961961962, 27.087087087087, 35.335335335335, 39.459459459459, 37.237237237237, 21.781781781782, 30.850850850851, 24.464464464464, 23.563563563564, 28.708708708709, 35.435435435435, 39.57957957958, 30.770770770771, 31.251251251251, 37.937937937938, 30.630630630631, 35.815815815816, 38.258258258258, 25.205205205205, 23.703703703704, 37.457457457457, 34.554554554555, 20.34034034034, 25.225225225225, 21.021021021021, 28.588588588589, 38.738738738739, 26.626626626627, 34.974974974975, 31.211211211211, 35.455455455455, 29.429429429429]}}