{
  "MG_M_t": 0.00016160137029610507,
  "CD_H_t": 0.0016443005266542751,
  "pH_t": 3.595609290484677e-05,
  "MG_H_t": 0.0006558067506471767,
  "a_Pr_Mo": 8.231461909135653e-05,
  "MG_L_t": 0.005453607482929896,
  "a_c_Mo": 0.002512322828685625,
  "B_Pr": 2.1760358828385518,
  "a_P": 2.1841801848084645
}