{"MG_L_t": 0.05834979153948571, "a_m_OC": 0.1540322393781314, "a_m_ALP": 0.020542817713351494, "CD_H_t": 0.16556146129825955, "a_TGF_nTGF": 0.8963340839388111}