{"MG_L_t": 0.7403822685304541, "a_m_OC": 0.7029167463679062, "c_weight": 2.6155770885575205e-16, "a_c_Mo": 0.006924613416299164, "pH_t": 0.13704035708102288}