{"medians": {"MG_L_t": 4.306306306306, "a_m_OC": 0.6488988988990001, "a_m_ALP": 0.67992992993, "CD_H_t": 0.7623273273275, "a_TGF_nTGF": 0.114195695696}}