{"medians": {"MG_L_t": 4.4904904904905, "a_m_OC": 0.7404904904905001, "c_weight": 0.000453153153, "a_c_Mo": 14.5145145145145, "pH_t": 8.876876876876501}}