{"posteriors": {"MG_L_t": [4.33033033033, 2.536536536537, 8.966966966967, 2.448448448448, 2.584584584585, 2.288288288288, 2.504504504505, 8.326326326326, 2.32032032032, 8.126126126126, 2.296296296296, 3.673673673674, 3.953953953954, 3.76976976977, 7.957957957958, 2.336336336336, 4.706706706707, 2.032032032032, 5.763763763764, 3.297297297297, 2.496496496496, 2.12012012012, 7.685685685686, 6.820820820821, 4.650650650651, 2.416416416416, 2.528528528529, 3.473473473473, 5.339339339339, 3.345345345345, 4.874874874875, 2.392392392392, 5.571571571572, 7.293293293293, 9.855855855856, 4.25025025025, 7.837837837838, 7.277277277277, 6.876876876877, 8.03003003003, 5.811811811812, 6.284284284284, 3.817817817818, 9.263263263263, 3.481481481481, 9.935935935936, 3.265265265265, 5.85985985986, 6.484484484484, 7.253253253253], "a_m_OC": [0.827827827828, 0.763263263263, 0.808308308308, 0.594094094094, 0.711711711712, 0.874374374374, 0.676176176176, 0.759259259259, 0.767267267267, 0.599099099099, 0.636136136136, 0.818318318318, 0.855355355355, 0.569069069069, 0.63013013013, 0.81981981982, 0.867867867868, 0.829329329329, 0.505505505506, 0.528528528529, 0.75975975976, 0.508008008008, 0.702702702703, 0.762262262262, 0.605605605606, 0.565065065065, 0.518018018018, 0.51951951952, 0.516016016016, 0.999499499499, 0.72972972973, 0.88038038038, 0.627127127127, 0.515515515516, 0.751251251251, 0.825825825826, 0.897897897898, 0.888388388388, 0.898898898899, 0.555055055055, 0.667167167167, 0.930930930931, 0.602102102102, 0.585585585586, 0.782282282282, 0.551051051051, 0.535535535536, 0.834834834835, 0.855855855856, 0.751751751752], "c_weight": [0.000454054054, 0.00039009009, 0.000556756757, 0.000436936937, 0.000381081081, 0.000377477477, 0.000427027027, 0.000376576577, 0.000530630631, 0.000532432432, 0.000647747748, 0.000534234234, 0.000417117117, 0.000430630631, 0.000471171171, 0.000366666667, 0.000582882883, 0.000491891892, 0.000393693694, 0.000283783784, 0.00054954955, 0.000558558559, 0.000500900901, 0.000568468468, 0.0004, 0.000477477477, 0.000373873874, 0.000545045045, 0.000408108108, 0.000525225225, 0.0005, 0.000278378378, 0.000467567568, 0.000624324324, 0.000363963964, 0.000407207207, 0.000452252252, 0.000392792793, 0.000583783784, 0.000589189189, 0.000535135135, 0.00043963964, 0.000537837838, 0.000496396396, 0.000399099099, 0.000422522523, 0.000545945946, 0.000354954955, 0.000424324324, 0.000433333333], "a_c_Mo": [19.71971971972, 18.698698698699, 19.079079079079, 9.329329329329, 13.773773773774, 17.337337337337, 10.07007007007, 19.159159159159, 15.515515515516, 17.517517517518, 19.039039039039, 15.475475475475, 3.063063063063, 15.555555555556, 18.778778778779, 19.61961961962, 14.774774774775, 6.246246246246, 18.658658658659, 18.418418418418, 11.091091091091, 12.912912912913, 12.272272272272, 11.191191191191, 3.143143143143, 15.815815815816, 6.066066066066, 8.648648648649, 8.868868868869, 9.389389389389, 5.845845845846, 17.317317317317, 19.499499499499, 18.998998998999, 14.254254254254, 13.033033033033, 16.156156156156, 17.037037037037, 18.978978978979, 15.075075075075, 8.528528528529, 16.896896896897, 9.309309309309, 12.652652652653, 18.858858858859, 13.053053053053, 12.112112112112, 6.366366366366, 12.992992992993, 14.014014014014], "pH_t": [8.774274274274, 9.424924924925, 8.955455455455, 8.83033033033, 8.626126126126, 9.207707707708, 8.757257257257, 8.894394394394, 8.794294294294, 9.154654654655, 9.482982982983, 8.843343343343, 9.167667667668, 8.707207207207, 9.020520520521, 8.859359359359, 8.918418418418, 9.465965965966, 8.622122122122, 8.946446446446, 8.854354354354, 8.517017017017, 8.94044044044, 8.751251251251, 8.662162162162, 9.210710710711, 9.287787787788, 9.273773773774, 8.935435435435, 8.591091091091, 8.604104104104, 8.524024024024, 9.467967967968, 9.197697697698, 9.370870870871, 9.072572572573, 8.698198198198, 8.855355355355, 9.355855855856, 9.015515515516, 8.919419419419, 8.951451451451, 8.692192192192, 8.824324324324, 8.828328328328, 8.54004004004, 8.672172172172, 8.748248248248, 8.816316316316, 9.293793793794]}}