{"posteriors": {"MG_L_t": [2.04004004004, 2.336336336336, 4.666666666667, 5.123123123123, 3.713713713714, 2.976976976977, 8.814814814815, 3.68968968969, 7.733733733734, 6.852852852853, 2.168168168168, 5.051051051051, 6.172172172172, 4.09009009009, 3.817817817818, 8.902902902903, 3.585585585586, 2.184184184184, 2.552552552553, 8.102102102102, 4.034034034034, 3.345345345345, 3.465465465465, 4.322322322322, 2.08008008008, 3.913913913914, 5.083083083083, 4.602602602603, 7.029029029029, 2.784784784785, 5.747747747748, 5.771771771772, 8.262262262262, 7.229229229229, 4.29029029029, 2.104104104104, 4.930930930931, 2.656656656657, 4.042042042042, 5.891891891892, 2.568568568569, 2.520520520521, 5.035035035035, 6.02002002002, 5.787787787788, 3.025025025025, 5.85985985986, 9.087087087087, 8.286286286286, 2.224224224224], "a_m_OC": [0.841341341341, 0.856856856857, 0.611611611612, 0.614114114114, 0.90990990991, 0.513013013013, 0.707707707708, 0.507007007007, 0.64964964965, 0.510510510511, 0.597597597598, 0.741741741742, 0.730730730731, 0.585585585586, 0.528028028028, 0.802802802803, 0.793293293293, 0.798298298298, 0.696196196196, 0.563063063063, 0.612112112112, 0.665665665666, 0.87987987988, 0.748248248248, 0.812812812813, 0.969469469469, 0.566566566567, 0.536536536537, 0.601101101101, 0.57007007007, 0.883383383383, 0.73023023023, 0.637637637638, 0.58008008008, 0.604604604605, 0.640640640641, 0.836336336336, 0.925425425425, 0.8998998999, 0.561561561562, 0.768768768769, 0.535535535536, 0.550550550551, 0.648148148148, 0.73973973974, 0.56956956957, 0.824324324324, 0.557057057057, 0.723223223223, 0.626626626627], "a_m_ALP": [0.673673673674, 0.611111111111, 0.873373373373, 0.686186186186, 0.62012012012, 0.737237237237, 0.630630630631, 0.647147147147, 0.761261261261, 0.692692692693, 0.791791791792, 0.734734734735, 0.536036036036, 0.512512512513, 0.501501501502, 0.584584584585, 0.655655655656, 0.74024024024, 0.632632632633, 0.821821821822, 0.659159159159, 0.645645645646, 0.877377377377, 0.622122122122, 0.757757757758, 0.701201201201, 0.882882882883, 0.530530530531, 0.564564564565, 0.804304304304, 0.976976976977, 0.637637637638, 0.546546546547, 0.582082082082, 0.52002002002, 0.834834834835, 0.747247247247, 0.938938938939, 0.551051051051, 0.561561561562, 0.599099099099, 0.852352352352, 0.629129129129, 0.61011011011, 0.942942942943, 0.74974974975, 0.847347347347, 0.709209209209, 0.741241241241, 0.703703703704], "CD_H_t": [0.77009009009, 0.775705705706, 0.691141141141, 0.724174174174, 0.765135135135, 0.822942942943, 0.70039039039, 0.807417417417, 0.724834834835, 0.685195195195, 0.777687687688, 0.971591591592, 0.772732732733, 0.787267267267, 0.714924924925, 0.689489489489, 0.860930930931, 0.998018018018, 0.673963963964, 0.735075075075, 0.682222222222, 0.723513513514, 0.752252252252, 0.688168168168, 0.732762762763, 0.670660660661, 0.690810810811, 0.678258258258, 0.816666666667, 0.817987987988, 0.930960960961, 0.726486486486, 0.884714714715, 0.865885885886, 0.747627627628, 0.72978978979, 0.851681681682, 0.694444444444, 0.96993993994, 0.771081081081, 0.909159159159, 0.751591591592, 0.763153153153, 0.967297297297, 0.688828828829, 0.761501501502, 0.958378378378, 0.879099099099, 0.93954954955, 0.735405405405], "a_TGF_nTGF": [0.080712712713, 0.16645045045, 0.122117117117, 0.078582582583, 0.192411411411, 0.18468968969, 0.103079079079, 0.111333333333, 0.079115115115, 0.10015015015, 0.152072072072, 0.072192192192, 0.085771771772, 0.152737737738, 0.099085085085, 0.178831831832, 0.093227227227, 0.156731731732, 0.149409409409, 0.098818818819, 0.194408408408, 0.086304304304, 0.180429429429, 0.086703703704, 0.132767767768, 0.10907007007, 0.142087087087, 0.159394394394, 0.133034034034, 0.176169169169, 0.08057957958, 0.164453453453, 0.082044044044, 0.105874874875, 0.141288288288, 0.108936936937, 0.166716716717, 0.087635635636, 0.147811811812, 0.071925925926, 0.070860860861, 0.162456456456, 0.101481481481, 0.114661661662, 0.11372972973, 0.18894994995, 0.169379379379, 0.078981981982, 0.083907907908, 0.123049049049]}}