{
  "MG_L_t": 0.45024928924564755,
  "MG_M_t": 0.003748911827580879,
  "maturity_t": 0.009703562672529925,
  "a_m_OC": 0.08372810974027885,
  "a_m_ALP": 0.0025525209975831515,
  "c_weight": 9.359600204577982e-06,
  "CD_H_t": 0.0055609722526161545,
  "a_c_Mo": 0.11676804993957351,
  "a_Pr_Mo": 0.00641917446488935,
  "MG_H_t": 0.008523200008708069,
  "pH_t": 0.011622287294263723,
  "a_TGF_nTGF": 0.004355110724775298
}