{"MG_L_t": 0.000983671229445612, "a_m_ALP": 0.0013198016509671211, "c_weight": 1.1209519334258282e-23, "a_TGF_nTGF": 0.003604517256697479, "a_Mo": 3.00778463588752e-15}