{"MG_L_t": 5.839337845083918e-11, "maturity_t": 4.858944699152333e-06, "a_P": 0.17450030028336214, "a_m_OC": 3.995587873697577e-12, "B_Pr": 0.0007954941256513619}