{"medians": {"MG_L_t": 3.0930930930929996, "maturity_t": 0.7533533533535, "a_P": 2.5900900900905, "a_m_OC": 0.5748248248250001, "B_Pr": 0.032233233233}}