{"medians": {"MG_L_t": 4.5985985985990006, "a_m_ALP": 0.805055055055, "c_weight": 0.000435135135, "a_TGF_nTGF": 0.1227162162165, "a_Mo": 5.4804804804805}}