{"posteriors": {"MG_L_t": [5.411411411411, 3.657657657658, 4.218218218218, 4.554554554555, 4.834834834835, 3.249249249249, 9.191191191191, 5.531531531532, 4.13013013013, 5.763763763764, 2.416416416416, 2.744744744745, 4.09009009009, 5.603603603604, 2.408408408408, 3.633633633634, 8.878878878879, 4.474474474474, 4.610610610611, 7.485485485485, 6.476476476476, 3.705705705706, 7.277277277277, 2.600600600601, 3.417417417417, 8.462462462462, 3.80980980981, 5.563563563564, 4.41041041041, 4.21021021021, 4.378378378378, 4.586586586587, 5.547547547548, 2.800800800801, 4.922922922923, 7.285285285285, 4.458458458458, 3.129129129129, 2.720720720721, 4.402402402402, 8.214214214214, 4.202202202202, 3.793793793794, 2.424424424424, 2.456456456456, 6.212212212212, 9.023023023023, 6.724724724725, 9.975975975976, 5.323323323323, 9.295295295295, 4.29029029029, 6.644644644645, 5.187187187187, 4.05005005005, 6.532532532533, 3.785785785786, 3.681681681682, 5.611611611612, 2.096096096096, 2.928928928929, 5.97997997998, 3.68968968969, 2.16016016016, 2.328328328328, 3.601601601602, 4.074074074074, 4.778778778779, 9.647647647648, 6.196196196196, 7.885885885886, 4.226226226226, 5.275275275275, 4.802802802803, 7.525525525526, 6.916916916917, 4.722722722723, 8.174174174174, 5.923923923924, 2.536536536537, 2.696696696697, 8.158158158158, 6.324324324324, 5.643643643644, 2.0, 3.841841841842, 4.258258258258, 3.737737737738, 6.124124124124, 4.978978978979, 4.282282282282, 9.383383383383, 3.153153153153, 5.019019019019, 4.818818818819, 2.256256256256, 8.39039039039, 2.608608608609, 8.798798798799, 5.875875875876], "a_m_ALP": [0.951951951952, 0.944944944945, 0.936436436436, 0.882882882883, 0.715215215215, 0.997997997998, 0.844844844845, 0.73973973974, 0.816316316316, 0.836336336336, 0.961461461461, 0.916916916917, 0.76026026026, 0.848848848849, 0.901901901902, 0.624624624625, 0.817817817818, 0.983983983984, 0.717217217217, 0.94044044044, 0.902402402402, 0.887887887888, 0.871871871872, 0.824324324324, 0.987487487487, 0.888888888889, 0.795795795796, 0.737237237237, 0.881881881882, 0.841841841842, 0.681181181181, 0.822322322322, 0.895895895896, 0.754754754755, 0.572072072072, 0.74974974975, 0.784784784785, 0.819319319319, 0.736236236236, 0.612612612613, 0.760760760761, 0.75025025025, 0.98048048048, 0.743243243243, 0.56006006006, 0.756756756757, 0.928928928929, 0.79029029029, 0.775275275275, 0.73023023023, 0.748248248248, 0.728728728729, 0.998998998999, 0.740740740741, 0.636136136136, 0.581081081081, 0.6001001001, 0.57007007007, 0.787287287287, 0.970970970971, 0.872372372372, 0.722222222222, 0.614614614615, 0.526026026026, 0.752752752753, 0.876876876877, 0.663163163163, 0.836836836837, 0.846846846847, 0.828828828829, 0.652652652653, 0.742742742743, 0.802302302302, 0.694194194194, 0.821821821822, 0.995995995996, 0.951451451451, 0.972472472472, 0.938938938939, 0.781281281281, 0.907407407407, 0.589089089089, 0.949449449449, 0.70970970971, 0.947447447447, 0.62012012012, 0.807807807808, 0.696696696697, 0.511511511512, 0.956956956957, 0.703203203203, 0.880880880881, 0.808808808809, 0.91991991992, 0.908408408408, 0.758758758759, 0.794294294294, 0.601101101101, 0.718718718719, 0.85985985986], "c_weight": [0.000487387387, 0.000444144144, 0.000406306306, 0.0005, 0.000467567568, 0.000422522523, 0.000441441441, 0.000446846847, 0.000345045045, 0.000411711712, 0.000418918919, 0.000645945946, 0.000459459459, 0.000405405405, 0.000382882883, 0.000486486486, 0.000399099099, 0.000323423423, 0.000497297297, 0.00050990991, 0.000433333333, 0.000333333333, 0.000558558559, 0.000465765766, 0.000338738739, 0.00046036036, 0.000592792793, 0.000379279279, 0.00029009009, 0.000615315315, 0.000426126126, 0.000348648649, 0.000455855856, 0.000641441441, 0.000383783784, 0.000572072072, 0.000603603604, 0.000636036036, 0.00048018018, 0.000607207207, 0.000540540541, 0.000301801802, 0.000636936937, 0.000579279279, 0.000463963964, 0.000364864865, 0.000452252252, 0.000343243243, 0.000493693694, 0.000581981982, 0.00034954955, 0.000461261261, 0.000391891892, 0.000683783784, 0.000476576577, 0.000436036036, 0.000358558559, 0.000394594595, 0.000669369369, 0.000322522523, 0.000241441441, 0.000293693694, 0.000389189189, 0.000501801802, 0.00043963964, 0.000294594595, 0.000378378378, 0.000374774775, 0.000503603604, 0.000401801802, 0.000483783784, 0.000361261261, 0.000310810811, 0.000403603604, 0.000587387387, 0.000347747748, 0.000563063063, 0.000531531532, 0.000264864865, 0.000327927928, 0.000325225225, 0.000392792793, 0.000568468468, 0.000644144144, 0.00055045045, 0.000353153153, 0.000498198198, 0.000525225225, 0.00060990991, 0.000341441441, 0.000434234234, 0.00057027027, 0.000257657658, 0.000318918919, 0.000299099099, 0.000285585586, 0.000324324324, 0.000296396396, 0.000516216216, 0.000334234234], "a_TGF_nTGF": [0.128108108108, 0.138359359359, 0.112531531532, 0.086570570571, 0.155134134134, 0.158595595596, 0.101215215215, 0.16219019019, 0.129439439439, 0.169645645646, 0.077650650651, 0.127575575576, 0.177766766767, 0.138226226226, 0.182027027027, 0.125844844845, 0.104942942943, 0.162323323323, 0.188816816817, 0.17111011011, 0.194408408408, 0.105608608609, 0.175104104104, 0.133965965966, 0.130903903904, 0.087502502503, 0.165385385385, 0.101348348348, 0.141953953954, 0.157397397397, 0.087369369369, 0.144616616617, 0.110268268268, 0.142087087087, 0.135031031031, 0.093626626627, 0.086703703704, 0.111998998999, 0.092694694695, 0.169778778779, 0.083375375375, 0.130770770771, 0.095091091091, 0.130105105105, 0.156731731732, 0.098951951952, 0.117191191191, 0.092960960961, 0.112132132132, 0.121983983984, 0.104543543544, 0.069263263263, 0.113995995996, 0.131303303303, 0.067, 0.114661661662, 0.148078078078, 0.125578578579, 0.122915915916, 0.097354354354, 0.13117017017, 0.118655655656, 0.17150950951, 0.142486486486, 0.090298298298, 0.096821821822, 0.157131131131, 0.089898898899, 0.127708708709, 0.07805005005, 0.086836836837, 0.080446446446, 0.084307307307, 0.116924924925, 0.088833833834, 0.173506506507, 0.096023023023, 0.110933933934, 0.139557557558, 0.074322322322, 0.135164164164, 0.136229229229, 0.100017017017, 0.104277277277, 0.198269269269, 0.086038038038, 0.162722722723, 0.153802802803, 0.122516516517, 0.170577577578, 0.119986986987, 0.18681981982, 0.143152152152, 0.172042042042, 0.068730730731, 0.138758758759, 0.081112112112, 0.110401401401, 0.094691691692, 0.099617617618],