{"posteriors": {"MG_L_t": [2.656656656657, 2.464464464464, 3.617617617618, 3.257257257257, 5.179179179179, 2.680680680681, 2.944944944945, 3.361361361361, 5.323323323323, 3.001001001001, 4.642642642643, 4.970970970971, 3.985985985986, 4.530530530531, 5.379379379379, 5.163163163163, 3.441441441441, 2.424424424424, 2.712712712713, 2.824824824825, 2.536536536537, 2.048048048048, 4.602602602603, 2.312312312312, 2.248248248248, 4.234234234234, 2.688688688689, 2.840840840841, 2.352352352352, 4.066066066066, 5.227227227227, 2.616616616617, 6.052052052052, 5.65965965966, 3.577577577578, 3.041041041041, 2.152152152152, 4.202202202202, 3.145145145145, 3.841841841842, 2.608608608609, 4.754754754755, 2.800800800801, 2.888888888889, 2.024024024024, 3.977977977978, 4.498498498498, 2.936936936937, 2.792792792793, 2.664664664665], "maturity_t": [0.853453453453, 0.638838838839, 0.868268268268, 0.677277277277, 0.732932932933, 0.687287287287, 0.783383383383, 0.785385385385, 0.770570570571, 0.740540540541, 0.834234234234, 0.896696696697, 0.797397397397, 0.805405405405, 0.815815815816, 0.754154154154, 0.775375375375, 0.726126126126, 0.746546546547, 0.834634634635, 0.711711711712, 0.832632632633, 0.71011011011, 0.664864864865, 0.661261261261, 0.691291291291, 0.937137137137, 0.622022022022, 0.925925925926, 0.845445445445, 0.73973973974, 0.668068068068, 0.760560560561, 0.69049049049, 0.752552552553, 0.698898898899, 0.815415415415, 0.780980980981, 0.741741741742, 0.934734734735, 0.711311311311, 0.783783783784, 0.735335335335, 0.738538538539, 0.936336336336, 0.720520520521, 0.772172172172, 0.745745745746, 0.736536536537, 0.88028028028], "a_P": [2.351351351351, 2.558558558559, 2.702702702703, 1.009009009009, 2.981981981982, 2.36036036036, 1.099099099099, 8.432432432432, 1.567567567568, 1.45045045045, 1.504504504505, 1.792792792793, 3.081081081081, 4.18018018018, 1.486486486486, 2.252252252252, 1.144144144144, 2.162162162162, 4.612612612613, 9.936936936937, 2.117117117117, 1.702702702703, 2.459459459459, 8.855855855856, 9.648648648649, 8.837837837838, 2.486486486486, 2.018018018018, 2.774774774775, 3.468468468468, 5.945945945946, 8.342342342342, 3.810810810811, 1.315315315315, 7.720720720721, 9.945945945946, 5.225225225225, 2.621621621622, 1.342342342342, 7.72972972973, 1.720720720721, 1.540540540541, 1.810810810811, 2.684684684685, 3.207207207207, 1.333333333333, 9.900900900901, 2.657657657658, 1.216216216216, 3.657657657658], "a_m_OC": [0.538538538539, 0.557557557558, 0.508008008008, 0.656156156156, 0.581081081081, 0.564064064064, 0.557057057057, 0.548048048048, 0.509009009009, 0.524024024024, 0.560560560561, 0.526026026026, 0.562062062062, 0.60960960961, 0.688688688689, 0.505505505506, 0.521021021021, 0.558058058058, 0.613113113113, 0.544544544545, 0.650650650651, 0.551051051051, 0.751251251251, 0.565565565566, 0.516016016016, 0.635135135135, 0.530530530531, 0.591591591592, 0.53953953954, 0.584584584585, 0.531031031031, 0.584084084084, 0.575575575576, 0.605605605606, 0.577077077077, 0.574074074074, 0.595095095095, 0.683683683684, 0.691191191191, 0.519019019019, 0.608608608609, 0.83983983984, 0.729229229229, 0.684684684685, 0.504004004004, 0.633133133133, 0.527027027027, 0.592092092092, 0.601101101101, 0.703203203203], "B_Pr": [0.025282282282, 0.022117117117, 0.025034034034, 0.039122122122, 0.023606606607, 0.032419419419, 0.060657657658, 0.022303303303, 0.037632632633, 0.054761761762, 0.037818818819, 0.02944044044, 0.033226226226, 0.026337337337, 0.02702002002, 0.043776776777, 0.070773773774, 0.041418418418, 0.031178178178, 0.021682682683, 0.03937037037, 0.053954954955, 0.03061961962, 0.027206206206, 0.0227997998, 0.022179179179, 0.031736736737, 0.035026026026, 0.029502502503, 0.026213213213, 0.047748748749, 0.027082082082, 0.024289289289, 0.038377377377, 0.030805805806, 0.027764764765, 0.032047047047, 0.043094094094, 0.065312312312, 0.022551551552, 0.055196196196, 0.024351351351, 0.062457457457, 0.045204204204, 0.036887887888, 0.072263263263, 0.035956956957, 0.065870870871, 0.071456456456, 0.031984984985]}}