{"min": 0.0010785745474120592, "max": 6.62819434741091, "mean": 1.2112576917480125}