{"min": 0.018159985936657564, "max": 2.767306652886721, "mean": 0.4552719206013879}