{
  "MG_L_t": 0.01882103116610543,
  "MG_M_t": 0.003688551594179532,
  "maturity_t": 0.001898316882632816,
  "a_Diff": 1.286440697957637,
  "a_P": 0.0015874074237513236,
  "a_m_OC": 0.018318941337448432,
  "a_m_ALP": 0.014479893756416673,
  "c_weight": 0.06208289126179459,
  "CD_H_t": 0.028613277873197097,
  "a_c_Mo": 0.0003209043531997514,
  "a_Pr_Mo": 0.0013404086462818399,
  "MG_H_t": 0.007873015592512661,
  "pH_t": 0.0033875512270193486,
  "a_TGF_nTGF": 0.1583051036626738,
  "B_Pr": 0.006494835388659805,
  "b_TGF": 0.3189420737146362,
  "a_Mo": 0.04198016507791488
}