{"medians": {"CD_H_t": 0.842511, "MG_L_t": 4.475237999999999, "MG_M_t": 7.7663835, "MG_H_t": 29.65983, "maturity_t": 0.38069050000000004, "B_MSC_Mo": 0.000123, "a_Mo": 6.5210105, "a_Diff": 3.3229115, "a_Pr": 1.103302, "a_c_Mo": 5.535768, "b_BMP": 0.0167535, "b_TGF": 0.0754175, "a_m_OC": 0.7132320000000001, "a_m_ALP": 0.7753875}}