{"posteriors": {"CD_H_t": [0.972431, 0.703017, 0.973257, 0.882296, 0.946843, 0.779285, 0.969955, 0.738509, 0.683042, 0.994552, 0.844987, 0.745113, 0.687499, 0.724312, 0.910525, 0.840035, 0.972926, 0.974907, 0.687169, 0.80999], "MG_L_t": [3.416708, 3.812906, 3.332666, 9.61981, 4.001001, 7.294647, 5.857929, 6.426213, 4.197099, 4.181091, 4.441221, 5.593797, 4.645323, 4.189095, 4.917459, 4.057029, 4.509255, 2.952476, 9.147574, 7.002501], "MG_M_t": [9.307154, 11.273137, 5.725363, 11.283142, 5.445223, 8.276638, 7.821411, 8.081541, 7.436218, 9.152076, 6.450725, 7.711356, 5.030015, 9.087044, 6.86093, 5.315158, 6.110555, 6.685843, 13.969485, 9.872436], "MG_H_t": [28.294147, 22.381191, 38.749375, 23.941971, 26.593297, 34.887444, 20.150075, 35.427714, 24.872436, 36.648324, 24.382191, 34.587294, 34.977489, 35.867934, 31.025513, 23.431716, 37.018509, 28.004002, 20.90045, 32.106053], "maturity_t": [0.082041, 0.326163, 0.069535, 0.63982, 0.998999, 0.765883, 0.244622, 0.643822, 0.314657, 0.931466, 0.808404, 0.266133, 0.229615, 0.714857, 0.108554, 0.007504, 0.327164, 0.434217, 0.487244, 0.766883], "B_MSC_Mo": [9.7e-05, 0.00016, 0.000147, 0.00015, 0.000153, 0.000142, 0.000106, 0.000143, 0.000114, 0.000117, 6.7e-05, 5.5e-05, 0.000123, 0.000123, 0.000108, 0.000122, 0.000151, 0.000146, 8.9e-05, 0.000144], "a_Mo": [6.295148, 6.456228, 6.291646, 9.408204, 8.056528, 3.14007, 8.725363, 8.788394, 8.161581, 5.958979, 5.993997, 9.198099, 6.585793, 7.63982, 4.582791, 6.316158, 3.441221, 6.022011, 9.544772, 9.71986], "a_Diff": [2.763882, 2.411206, 3.974987, 2.729365, 3.437719, 4.926463, 4.546773, 3.689845, 3.257629, 3.388194, 2.096048, 2.507254, 2.331666, 3.551776, 4.131066, 2.454727, 3.145073, 2.462231, 4.206103, 4.464232], "a_Pr": [1.046523, 1.255128, 1.28014, 1.515258, 1.321161, 1.327164, 1.027514, 1.335668, 1.243122, 1.18059, 1.131566, 1.097049, 1.011506, 1.109555, 1.02001, 1.051526, 1.08004, 1.093547, 1.032516, 1.005003], "a_c_Mo": [5.789895, 8.911456, 5.173587, 5.633817, 8.771386, 6.654327, 2.08004, 3.272636, 9.607804, 5.437719, 4.733367, 5.969985, 3.644822, 5.289645, 4.825413, 3.288644, 9.3997, 6.146073, 8.235118, 3.012506], "b_BMP": [0.015088, 0.017024, 0.01072, 0.013422, 0.014322, 0.011216, 0.018824, 0.016168, 0.020355, 0.011531, 0.01941, 0.016033, 0.051916, 0.02918, 0.016483, 0.024092, 0.020535, 0.015313, 0.020805, 0.03008], "b_TGF": [0.074877, 0.084467, 0.090635, 0.083612, 0.073212, 0.071051, 0.085413, 0.095048, 0.070105, 0.072086, 0.075958, 0.070825, 0.08978, 0.09964, 0.073302, 0.074832, 0.066368, 0.061911, 0.078389, 0.094282], "a_m_OC": [0.652076, 0.563282, 0.785143, 0.777139, 0.841171, 0.661581, 0.53952, 0.593297, 0.562531, 0.812406, 0.917709, 0.755128, 0.885693, 0.851676, 0.651326, 0.807654, 0.671336, 0.577039, 0.846173, 0.65983], "a_m_ALP": [0.808404, 0.638569, 0.742371, 0.682841, 0.950725, 0.935468, 0.706353, 0.813157, 0.833417, 0.565783, 0.814407, 0.602051, 0.916958, 0.850925, 0.605053, 0.732366, 0.936968, 0.574787, 0.645573, 0.873937]}}