{
  "MG_L_t": 0.048443854421991256,
  "MG_M_t": 0.01737233234205988,
  "maturity_t": 0.025808888752178204,
  "a_Diff": 0.00034224738337538846,
  "a_m_OC": 0.015624798189701522,
  "a_m_ALP": 0.0033850756628143503,
  "c_weight": 0.00010927013404192603,
  "a_c_Mo": 0.22601879082779897,
  "MG_H_t": 0.02080515817003449,
  "pH_t": 0.013891476846327763,
  "a_TGF_nTGF": 0.01000480588234638,
  "a_BMP_nBMP": 0.0016304414789589262,
  "b_BMP": 0.3095688913852688,
  "b_TGF": 0.27339658883987195
}