{"MG_M_t": 0.3697385925633373, "CD_H_t": 0.6872799384584471, "MG_H_t": 0.005504205706172055, "pH_t": 0.3090202849977746, "a_TGF_nTGF": 3.045221863455962e-13}