{"medians": {"MG_M_t": 11.946946946947001, "CD_H_t": 0.8343393393395, "MG_H_t": 29.83983983984, "pH_t": 9.057557557557999, "a_TGF_nTGF": 0.09682182182150001}}