{"posteriors": {"MG_M_t": [13.558558558559, 11.581581581582, 12.442442442442, 12.092092092092, 11.241241241241, 11.646646646647, 14.324324324324, 10.615615615616, 14.469469469469, 10.095095095095, 10.505505505506, 12.787787787788, 13.668668668669, 11.641641641642, 10.02002002002, 11.111111111111, 13.408408408408, 12.687687687688, 14.254254254254, 13.493493493493, 11.956956956957, 13.458458458458, 12.247247247247, 11.811811811812, 10.335335335335, 10.830830830831, 11.051051051051, 14.62962962963, 11.221221221221, 12.242242242242, 14.134134134134, 11.456456456456, 10.665665665666, 11.831831831832, 10.135135135135, 12.152152152152, 10.42042042042, 12.807807807808, 10.24024024024, 12.287287287287, 11.686686686687, 14.174174174174, 10.145145145145, 11.271271271271, 12.652652652653, 14.414414414414, 13.623623623624, 11.936936936937, 11.566566566567, 14.92992992993], "CD_H_t": [0.891981981982, 0.782642642643, 0.861921921922, 0.677597597598, 0.85036036036, 0.938558558559, 0.934594594595, 0.765465465465, 0.972252252252, 0.750600600601, 0.893963963964, 0.915435435435, 0.725495495495, 0.97951951952, 0.985135135135, 0.771741741742, 0.714264264264, 0.788258258258, 0.839129129129, 0.67033033033, 0.695765765766, 0.807087087087, 0.911141141141, 0.752252252252, 0.775705705706, 0.937237237237, 0.986126126126, 0.917747747748, 0.879099099099, 0.880750750751, 0.787267267267, 0.724834834835, 0.752912912913, 0.724504504505, 0.763483483483, 0.918078078078, 0.781321321321, 0.688828828829, 0.766126126126, 0.74960960961, 0.972582582583, 0.738708708709, 0.939219219219, 0.761171171171, 0.920720720721, 0.888348348348, 0.82954954955, 0.873813813814, 0.930630630631, 0.994714714715], "MG_H_t": [38.998998998999, 20.900900900901, 25.065065065065, 27.067067067067, 24.844844844845, 37.057057057057, 21.001001001001, 20.42042042042, 33.093093093093, 25.385385385385, 34.514514514515, 20.34034034034, 36.076076076076, 37.097097097097, 39.419419419419, 24.724724724725, 30.27027027027, 39.61961961962, 34.434434434434, 27.887887887888, 38.878878878879, 20.06006006006, 20.16016016016, 27.867867867868, 25.925925925926, 20.04004004004, 20.660660660661, 34.094094094094, 32.712712712713, 28.268268268268, 28.688688688689, 35.975975975976, 38.038038038038, 20.24024024024, 24.344344344344, 35.435435435435, 22.262262262262, 29.84984984985, 38.458458458458, 29.82982982983, 23.543543543544, 36.576576576577, 23.863863863864, 39.95995995996, 39.399399399399, 39.6996996997, 32.052052052052, 32.672672672673, 20.520520520521, 38.278278278278], "pH_t": [9.444944944945, 8.583083083083, 8.787287287287, 9.021521521522, 9.421921921922, 9.477977977978, 8.867367367367, 9.491991991992, 8.566066066066, 9.064564564565, 9.490990990991, 8.797297297297, 9.394894894895, 9.024524524525, 9.398898898899, 8.855355355355, 8.663163163163, 9.018518518519, 9.435935935936, 8.647147147147, 9.364864864865, 9.034534534535, 9.063563563564, 9.071571571572, 9.02952952953, 8.653153153153, 8.868368368368, 8.571071071071, 8.901401401401, 9.051551551552, 9.081581581582, 9.082582582583, 8.786286286286, 8.562062062062, 8.694194194194, 8.995495495495, 9.211711711712, 9.127627627628, 9.405905905906, 9.224724724725, 9.205705705706, 9.244744744745, 9.271771771772, 9.472972972973, 9.146646646647, 9.020520520521, 8.598098098098, 9.203703703704, 8.851351351351, 9.085585585586], "a_TGF_nTGF": [0.109868868869, 0.10054954955, 0.093227227227, 0.124247247247, 0.076452452452, 0.081112112112, 0.101348348348, 0.085904904905, 0.107605605606, 0.104676676677, 0.105209209209, 0.111998998999, 0.083109109109, 0.089765765766, 0.117590590591, 0.098951951952, 0.098552552553, 0.10480980981, 0.139291291291, 0.101747747748, 0.085505505506, 0.082044044044, 0.09123023023, 0.107738738739, 0.087236236236, 0.084573573574, 0.097354354354, 0.068065065065, 0.095091091091, 0.092960960961, 0.085771771772, 0.113463463463, 0.089898898899, 0.088700700701, 0.070993993994, 0.078449449449, 0.070062062062, 0.106274274274, 0.087502502503, 0.110002002002, 0.081644644645, 0.118389389389, 0.121318318318, 0.087635635636, 0.097221221221, 0.124114114114, 0.096422422422, 0.125711711712, 0.110800800801, 0.071792792793]}}