{
  "MG_M_t": 0.0008685321944166349,
  "maturity_t": 0.24699246924173662,
  "a_P": 1.4263023058652995,
  "a_m_OC": 0.0033183867659267274,
  "CD_H_t": 0.009880541845234403,
  "a_c_Mo": 0.042179890254952654,
  "a_Pr_Mo": 0.0010454173192009507,
  "MG_H_t": 0.0018685066361597293,
  "pH_t": 1.7265350074953612e-05,
  "B_Pr": 1.9700744843415579
}