{
  "MG_M_t": 0.0011798466977784618,
  "CD_H_t": 0.059198425725976736,
  "a_c_Mo": 0.0030627330292846387,
  "MG_H_t": 0.029299124623979128,
  "a_Pr_Mo": 0.02509774872237907,
  "pH_t": 0.0012611781083089974,
  "a_P": 5.176224291538288,
  "a_TGF_nTGF": 4.877304309033644e-05
}