{"a_c_Mo": 0.2109163693438203, "CD_H_t": 0.9195459863406028, "a_Mo": 0.13363679770007908, "b_TGF": 1.3227040898014332e-05, "a_BMP_nBMP": 0.5021737329562972}