{"medians": {"a_c_Mo": 23.673673673674, "CD_H_t": 0.7259909909910001, "a_Mo": 4.099099099099, "b_TGF": 0.078545045045, "a_BMP_nBMP": 0.0579324324325}}