{"posteriors": {"a_c_Mo": [12.312312312312, 64.064064064064, 1.201201201201, 4.304304304304, 89.189189189189, 85.985985985986, 18.618618618619, 38.638638638639, 20.520520520521, 8.908908908909, 78.178178178178, 20.720720720721, 34.234234234234, 20.32032032032, 33.333333333333, 16.016016016016, 3.203203203203, 23.823823823824, 12.712712712713, 70.07007007007, 61.461461461461, 75.775775775776, 73.373373373373, 23.523523523524, 51.451451451451, 31.531531531532, 10.21021021021, 67.467467467467, 1.501501501502, 19.219219219219, 59.159159159159, 30.830830830831, 2.302302302302, 6.406406406406, 31.131131131131, 1.001001001001, 41.641641641642, 57.657657657658, 64.364364364364, 87.087087087087, 12.112112112112, 8.408408408408, 67.067067067067, 16.416416416416, 14.614614614615, 10.01001001001, 3.803803803804, 50.45045045045, 7.607607607608, 26.426426426426], "CD_H_t": [0.775375375375, 0.982822822823, 0.953093093093, 0.816996996997, 0.993393393393, 0.825915915916, 0.685855855856, 0.744984984985, 0.976546546547, 0.717897897898, 0.674624624625, 0.699069069069, 0.724504504505, 0.998018018018, 0.881741741742, 0.714924924925, 0.718888888889, 0.677597597598, 0.812702702703, 0.705015015015, 0.697417417417, 0.689489489489, 0.796186186186, 0.701381381381, 0.891321321321, 0.673633633634, 0.701711711712, 0.820630630631, 0.805105105105, 0.798498498498, 0.713603603604, 0.986456456456, 0.851021021021, 0.997357357357, 0.728798798799, 0.680570570571, 0.77009009009, 0.715915915916, 0.70039039039, 0.816666666667, 0.679249249249, 0.793213213213, 0.670660660661, 0.727477477477, 0.707987987988, 0.691141141141, 0.681891891892, 0.69015015015, 0.971921921922, 0.7103003003], "a_Mo": [9.409409409409, 3.593593593594, 4.494494494494, 5.335335335335, 3.483483483483, 3.543543543544, 4.844844844845, 3.753753753754, 6.856856856857, 9.76976976977, 2.892892892893, 7.057057057057, 5.165165165165, 5.665665665666, 4.174174174174, 7.197197197197, 2.062062062062, 2.092092092092, 2.992992992993, 2.792792792793, 0.19019019019, 1.761761761762, 4.324324324324, 8.168168168168, 2.272272272272, 3.083083083083, 4.024024024024, 1.181181181181, 3.623623623624, 7.917917917918, 0.27027027027, 7.587587587588, 9.88988988989, 7.867867867868, 7.007007007007, 9.71971971972, 0.880880880881, 5.025025025025, 0.770770770771, 1.321321321321, 4.704704704705, 5.045045045045, 3.243243243243, 6.416416416416, 6.246246246246, 0.21021021021, 3.793793793794, 7.617617617618, 1.091091091091, 3.263263263263], "b_TGF": [0.092963963964, 0.057387387387, 0.072648648649, 0.08463963964, 0.049162162162, 0.099306306306, 0.095045045045, 0.095837837838, 0.034198198198, 0.094747747748, 0.084837837838, 0.094846846847, 0.093657657658, 0.065018018018, 0.099504504505, 0.054414414414, 0.060261261261, 0.023297297297, 0.056099099099, 0.075423423423, 0.058279279279, 0.057288288288, 0.098414414414, 0.090585585586, 0.060558558559, 0.084738738739, 0.057882882883, 0.088405405405, 0.067990990991, 0.091477477477, 0.097522522523, 0.084540540541, 0.076018018018, 0.057486486486, 0.032513513514, 0.081864864865, 0.081072072072, 0.087711711712, 0.084144144144, 0.075126126126, 0.074828828829, 0.082756756757, 0.08345045045, 0.068189189189, 0.035684684685, 0.046387387387, 0.08681981982, 0.075027027027, 0.081666666667, 0.06145045045], "a_BMP_nBMP": [0.018540540541, 0.09781981982, 0.018441441441, 0.019234234234, 0.061054054054, 0.02736036036, 0.00981981982, 0.092072072072, 0.075027027027, 0.037072072072, 0.091279279279, 0.080477477477, 0.011702702703, 0.056198198198, 0.065315315315, 0.036675675676, 0.099801801802, 0.09009009009, 0.060657657658, 0.096630630631, 0.012198198198, 0.081468468468, 0.052036036036, 0.089693693694, 0.01972972973, 0.036972972973, 0.07690990991, 0.056693693694, 0.055108108108, 0.067198198198, 0.006252252252, 0.071063063063, 0.006945945946, 0.096135135135, 0.095441441441, 0.059567567568, 0.044306306306, 0.005855855856, 0.087216216216, 0.08236036036, 0.059171171171, 0.063432432432, 0.089099099099, 0.034, 0.003279279279, 0.082756756757, 0.047972972973, 0.023693693694, 0.028747747748, 0.034198198198]}}