{
  "MG_M_t": 0.00019075040279932238,
  "a_P": 0.3325989447031099,
  "a_m_OC": 0.0024151979544697884,
  "CD_H_t": 0.000173980699118553,
  "a_c_Mo": 0.42217180980502095,
  "a_Pr_Mo": 9.667415919447617e-07,
  "MG_H_t": 0.4376423628729949,
  "pH_t": 0.4407925146028229
}