{
  "MG_L_t": 0.10220923322474706,
  "MG_M_t": 0.02700650679448351,
  "maturity_t": 0.003961858220140313,
  "a_Diff": 0.03493366525495279,
  "CD_H_t": 0.06942383326611606,
  "a_Pr_Mo": 2.299834507367811,
  "MG_H_t": 6.291121191819683e-05,
  "pH_t": 0.003888147114250817,
  "b_BMP": 0.030693071304185207,
  "b_TGF": 0.0007686445887811009
}