{
  "MG_L_t": 0.00013818069788847125,
  "MG_M_t": 2.5659058230704743e-06,
  "maturity_t": 0.012108046482803513,
  "a_Diff": 0.1346802457738866,
  "a_m_OC": 0.06805766644928471,
  "a_m_ALP": 0.00988024640571849,
  "c_weight": 0.005306782456005678,
  "CD_H_t": 0.045373243279806026,
  "a_c_Mo": 0.0001586215269786933,
  "a_Pr_Mo": 0.002596962113970542,
  "MG_H_t": 0.09107058125717059,
  "pH_t": 0.11728006535105416,
  "a_TGF_nTGF": 0.35481018464611985,
  "a_BMP_nBMP": 0.07934774434886306,
  "B_Pr": 0.04344004193976679,
  "b_BMP": 0.060050219841180634,
  "b_TGF": 0.4717585093007988,
  "B_Mo": 0.13035219505355028,
  "a_Mo": 0.02714075871171357
}