{
  "MG_M_t": 0.006764356223958304,
  "pH_t": 0.00013172407028126955,
  "a_Pr_Mo": 0.005057851493855688,
  "a_c_Mo": 0.0012832309528612719,
  "B_Pr": 1.0827155955844288,
  "a_P": 0.917865329483299,
  "CD_H_t": 3.5939695201101496e-05,
  "MG_L_t": 0.0005221046079091972,
  "MG_H_t": 0.007298152543876976,
  "maturity_t": 0.013227121710481177,
  "a_m_ALP": 0.03775445299124954,
  "a_m_OC": 1.79684616939329e-05,
  "a_Mo": 0.012423070982102742,
  "b_TGF": 0.002419464746555862,
  "b_BMP": 0.025441849518869394,
  "a_BMP_nBMP": 0.0010532207672554219,
  "a_TGF_nTGF": 0.0036925613802660556,
  "B_Mo": 0.03171022199344554,
  "a_Diff": 0.005064714351748962,
  "c_weight": 0.003366481747838629
}