{
  "MG_M_t": 0.032833001383880345,
  "maturity_t": 0.28576611070521674,
  "CD_H_t": 0.06505363583823853,
  "pH_t": 1.0827149491485248,
  "a_m_ALP": 1.2843298667152847,
  "MG_H_t": 0.27250193215057955,
  "a_BMP_nBMP": 0.06433976367948657
}