{"maturity_t": 2.3263663688926924e-10, "a_m_ALP": 1.5399188335597683e-19, "a_c_Mo": 0.9253783581878366, "B_Pr": 0.021084271251190643, "a_P": 0.02244121526825547}