{"medians": {"maturity_t": 0.9279279279279999, "a_m_ALP": 0.6356356356355, "a_c_Mo": 48.848848848849, "B_Pr": 0.063977977978, "a_P": 12.1926926926925}}