{"posteriors": {"maturity_t": [0.985985985986, 0.933933933934, 0.950750750751, 0.971171171171, 0.961161161161, 0.932732732733, 0.859059059059, 0.892692692693, 0.903903903904, 0.997597597598, 0.958358358358, 0.838638638639, 0.897097097097, 0.861061061061, 0.968768768769, 0.853053053053, 0.923523523524, 0.931531531532, 0.957157157157, 0.93953953954, 0.884284284284, 0.945945945946, 0.981581581582, 0.994394394394, 0.943543543544, 0.92992992993, 0.930730730731, 0.873873873874, 0.977177177177, 0.966766766767, 0.897897897898, 0.827027027027, 0.94034034034, 0.974774774775, 0.947947947948, 0.843443443443, 0.9995995996, 0.881881881882, 0.864664664665, 0.935135135135, 0.900700700701, 0.825825825826, 0.799399399399, 0.870670670671, 0.879079079079, 0.925925925926, 0.831431431431, 0.803403403403, 0.845445445445, 0.808208208208], "a_m_ALP": [0.56956956957, 0.62962962963, 0.580580580581, 0.570570570571, 0.594094094094, 0.635135135135, 0.662162162162, 0.64014014014, 0.644644644645, 0.567567567568, 0.597597597598, 0.667667667668, 0.623623623624, 0.65015015015, 0.597097097097, 0.651651651652, 0.610610610611, 0.601601601602, 0.586086086086, 0.591591591592, 0.626626626627, 0.606606606607, 0.632132132132, 0.562062062062, 0.648648648649, 0.631131131131, 0.636136136136, 0.623123123123, 0.571571571572, 0.641641641642, 0.668668668669, 0.696196196196, 0.645645645646, 0.545045045045, 0.589089089089, 0.645145145145, 0.613613613614, 0.651151151151, 0.675175175175, 0.653653653654, 0.687687687688, 0.661161161161, 0.694194194194, 0.674674674675, 0.638138138138, 0.582582582583, 0.658658658659, 0.657157157157, 0.652152152152, 0.665665665666], "a_c_Mo": [69.96996996997, 28.428428428428, 91.991991991992, 71.371371371371, 59.65965965966, 17.717717717718, 26.426426426426, 1.101101101101, 82.082082082082, 88.388388388388, 96.996996996997, 22.822822822823, 26.226226226226, 81.081081081081, 63.263263263263, 19.419419419419, 51.951951951952, 10.21021021021, 54.954954954955, 44.644644644645, 80.980980980981, 22.922922922923, 92.092092092092, 45.145145145145, 70.27027027027, 39.139139139139, 53.453453453453, 65.765765765766, 13.913913913914, 29.429429429429, 4.504504504505, 50.550550550551, 82.282282282282, 71.471471471471, 13.613613613614, 42.642642642643, 22.222222222222, 2.802802802803, 12.812812812813, 53.753753753754, 39.83983983984, 70.17017017017, 86.286286286286, 20.22022022022, 98.598598598599, 65.065065065065, 11.811811811812, 93.093093093093, 38.938938938939, 47.147147147147], "B_Pr": [0.059478478478, 0.054203203203, 0.065932932933, 0.067856856857, 0.066615615616, 0.074931931932, 0.059664664665, 0.059850850851, 0.055196196196, 0.057988988989, 0.063512512513, 0.070835835836, 0.083, 0.078221221221, 0.064195195195, 0.054513513514, 0.068973973974, 0.044273273273, 0.045700700701, 0.073008008008, 0.076421421421, 0.078531531532, 0.056499499499, 0.07064964965, 0.076359359359, 0.063760760761, 0.041976976977, 0.074001001001, 0.039184184184, 0.042225225225, 0.043094094094, 0.039122122122, 0.073690690691, 0.081882882883, 0.029192192192, 0.056933933934, 0.077972972973, 0.081572572573, 0.062457457457, 0.039556556557, 0.036205205205, 0.080083083083, 0.076545545546, 0.071084084084, 0.03937037037, 0.048059059059, 0.080517517518, 0.079338338338, 0.077848848849, 0.051596596597], "a_P": [10.148148148148, 11.973973973974, 18.212212212212, 9.102102102102, 4.651651651652, 16.690690690691, 7.143143143143, 11.08008008008, 15.625625625626, 14.522522522523, 15.511511511512, 7.618618618619, 19.353353353353, 8.987987987988, 10.281281281281, 12.392392392392, 3.282282282282, 15.283283283283, 10.414414414414, 17.622622622623, 3.928928928929, 11.403403403403, 18.535535535536, 8.113113113113, 16.747747747748, 15.720720720721, 10.528528528529, 15.644644644645, 9.083083083083, 14.256256256256, 10.927927927928, 12.753753753754, 15.587587587588, 4.043043043043, 15.701701701702, 19.562562562563, 15.378378378378, 11.992992992993, 7.78978978979, 17.451451451451, 15.73973973974, 5.374374374374, 4.575575575576, 6.857857857858, 7.276276276276, 14.655655655656, 13.305305305305, 5.811811811812, 15.568568568569, 13.096096096096]}}