{"MG_M_t": 0.6791088294089037, "a_m_OC": 0.00011298023331537126, "a_m_ALP": 3.2494725222571813e-06, "CD_H_t": 0.09083064165605662, "pH_t": 0.2507199565997637}