{"medians": {"MG_M_t": 12.2147147147145, "a_m_OC": 0.6856856856855, "a_m_ALP": 0.8566066066065, "CD_H_t": 0.784954954955, "pH_t": 8.939439439438999}}