{"posteriors": {"MG_M_t": [11.451451451451, 14.164164164164, 12.337337337337, 11.196196196196, 10.25025025025, 14.159159159159, 11.221221221221, 11.611611611612, 11.471471471471, 11.541541541542, 12.057057057057, 13.343343343343, 12.867867867868, 14.484484484484, 13.603603603604, 11.271271271271, 10.155155155155, 13.488488488488, 11.246246246246, 14.824824824825, 12.457457457457, 14.854854854855, 10.49049049049, 12.662662662663, 10.165165165165, 11.566566566567, 14.134134134134, 14.934934934935, 13.308308308308, 10.005005005005, 12.552552552553, 12.092092092092, 13.678678678679, 11.386386386386, 10.510510510511, 12.912912912913, 11.771771771772, 14.119119119119, 10.840840840841, 11.991991991992, 13.713713713714, 13.878878878879, 10.105105105105, 12.077077077077, 12.397397397397, 13.498498498498, 13.958958958959, 12.377377377377, 10.32032032032, 11.526526526527], "a_m_OC": [0.594094094094, 0.581081081081, 0.554054054054, 0.689189189189, 0.751251251251, 0.708708708709, 0.738238238238, 0.597097097097, 0.681181181181, 0.800800800801, 0.747247247247, 0.782782782783, 0.610610610611, 0.541541541542, 0.58008008008, 0.62012012012, 0.731231231231, 0.904404404404, 0.872372372372, 0.762762762763, 0.78028028028, 0.621121121121, 0.665665665666, 0.549049049049, 0.736736736737, 0.733733733734, 0.512012012012, 0.705705705706, 0.603103103103, 0.666666666667, 0.535535535536, 0.773773773774, 0.665165165165, 0.682182182182, 0.657657657658, 0.761261261261, 0.767767767768, 0.534534534535, 0.505505505506, 0.672672672673, 0.912912912913, 0.626126126126, 0.710710710711, 0.580580580581, 0.76026026026, 0.833833833834, 0.733233233233, 0.657157157157, 0.817817817818, 0.822322322322], "a_m_ALP": [0.925925925926, 0.95045045045, 0.7997997998, 0.855855855856, 0.761761761762, 0.777777777778, 0.944444444444, 0.595095095095, 0.844844844845, 0.72972972973, 0.816316316316, 0.897397397397, 0.864364364364, 0.558558558559, 0.870870870871, 0.805305305305, 0.929429429429, 0.857357357357, 0.735735735736, 0.907907907908, 0.791791791792, 0.898898898899, 0.942442442442, 0.980980980981, 0.827827827828, 0.842342342342, 0.873373373373, 0.890890890891, 0.831831831832, 0.924924924925, 0.877377377377, 0.832332332332, 0.984984984985, 0.898398398398, 0.786286286286, 0.904904904905, 0.95995995996, 0.98048048048, 0.916416416416, 0.794294294294, 0.843343343343, 0.605105105105, 0.771271271271, 0.658158158158, 0.79029029029, 0.901901901902, 0.834834834835, 0.582582582583, 0.926926926927, 0.86986986987], "CD_H_t": [0.980840840841, 0.855315315315, 0.715585585586, 0.732432432432, 0.921381381381, 0.74960960961, 0.697747747748, 0.960690690691, 0.891321321321, 0.68024024024, 0.923693693694, 0.744654654655, 0.693123123123, 0.91972972973, 0.692462462462, 0.955405405405, 0.980510510511, 0.730780780781, 0.731771771772, 0.978198198198, 0.729129129129, 0.774714714715, 0.67957957958, 0.861591591592, 0.902882882883, 0.978858858859, 0.941861861862, 0.812042042042, 0.735735735736, 0.789249249249, 0.76018018018, 0.901231231231, 0.86984984985, 0.752912912913, 0.712942942943, 0.856636636637, 0.780660660661, 0.805435435435, 0.892312312312, 0.763153153153, 0.670660660661, 0.768438438438, 0.981831831832, 0.713603603604, 0.999009009009, 0.959369369369, 0.713933933934, 0.701381381381, 0.908828828829, 0.681561561562], "pH_t": [9.074574574575, 9.081581581582, 9.02952952953, 8.691191191191, 8.66016016016, 9.322822822823, 9.046546546547, 9.436936936937, 8.521021021021, 8.684184184184, 9.036536536537, 9.176676676677, 8.918418418418, 8.517017017017, 8.604104104104, 9.020520520521, 8.506006006006, 9.492992992993, 8.912412412412, 8.938438438438, 8.704204204204, 9.282782782783, 8.789289289289, 9.295795795796, 8.571071071071, 9.075575575576, 9.230730730731, 8.922422422422, 9.416916916917, 8.985485485485, 8.589089089089, 8.94044044044, 9.077577577578, 9.060560560561, 8.988488488488, 8.821321321321, 9.037537537538, 8.659159159159, 8.715215215215, 8.722222222222, 8.505005005005, 9.495995995996, 8.763263263263, 9.457957957958, 8.953453453453, 8.935435435435, 8.845345345345, 8.643143143143, 8.842342342342, 9.264764764765]}}