{"MG_M_t": 0.1993561788409828, "maturity_t": 0.6696802033174796, "CD_H_t": 0.3236319266319073, "pH_t": 0.7982030917338829, "a_m_ALP": 0.9961971277757802, "MG_H_t": 0.8850938848399009, "a_BMP_nBMP": 0.7733164079867834, "a_TGF_nTGF": 0.03875072992854075, "a_Pr_Mo": 0.24882789342684578, "a_m_OC": 0.1373671690452124, "MG_L_t": 0.11696796037040937, "a_c_Mo": 0.4665194170331295, "b_TGF": 0.13056332965711068, "a_Mo": 0.18385716895544751, "b_BMP": 0.967142342340766, "B_Mo": 0.002108160864878317, "a_Diff": 4.6546337006549706e-05, "c_weight": 2.0475254352086423e-14, "B_Pr": 0.08824576212625358, "a_P": 0.40632975696552665}