{"medians": {"MG_M_t": 12.4574574574575, "maturity_t": 0.7983983983985, "CD_H_t": 0.866876876877, "pH_t": 8.934434434434, "a_m_ALP": 0.7434934934935, "MG_H_t": 32.042042042042, "a_BMP_nBMP": 0.031126126126, "a_TGF_nTGF": 0.0281036036035, "a_Pr_Mo": 5.325325325325, "a_m_OC": 0.6866866866865, "MG_L_t": 6.1721721721725, "a_c_Mo": 52.452452452452505, "b_TGF": 0.0459909909905, "a_Mo": 3.5535535535535, "b_BMP": 0.016554054054, "B_Mo": 0.0003653153155, "a_Diff": 2.342342342342, "c_weight": 0.00016954955, "B_Pr": 0.044490490490499995, "a_P": 9.881881881882}}