{"posteriors": {"MG_M_t": [11.341341341341, 11.446446446446, 14.744744744745, 11.731731731732, 13.723723723724, 14.784784784785, 13.038038038038, 12.772772772773, 10.560560560561, 10.605605605606, 10.900900900901, 14.654654654655, 12.662662662663, 13.048048048048, 14.469469469469, 14.604604604605, 13.703703703704, 10.025025025025, 10.03003003003, 11.596596596597, 12.252252252252, 14.594594594595, 13.308308308308, 11.271271271271, 11.311311311311, 10.015015015015, 14.51951951952, 11.531531531532, 10.925925925926, 12.792792792793, 13.778778778779, 12.157157157157, 10.715715715716, 14.76976976977, 13.888888888889, 11.561561561562, 14.404404404404, 11.171171171171, 13.463463463463, 14.56956956957, 11.356356356356, 11.756756756757, 10.760760760761, 11.761761761762, 13.478478478478, 11.291291291291, 14.069069069069, 13.488488488488, 14.634634634635, 10.625625625626], "maturity_t": [0.890690690691, 0.691291291291, 0.958758758759, 0.785785785786, 0.654454454454, 0.911111111111, 0.776176176176, 0.937937937938, 0.68008008008, 0.796596596597, 0.854254254254, 0.751351351351, 0.865465465465, 0.882282282282, 0.876676676677, 0.647647647648, 0.738938938939, 0.62962962963, 0.651251251251, 0.990790790791, 0.878278278278, 0.69009009009, 0.941541541542, 0.761361361361, 0.855055055055, 0.8002002002, 0.840640640641, 0.880680680681, 0.867067067067, 0.830630630631, 0.653253253253, 0.794194194194, 0.906306306306, 0.706106106106, 0.663663663664, 0.668868868869, 0.64964964965, 1.0, 0.867867867868, 0.982782782783, 0.643643643644, 0.718918918919, 0.771371371371, 0.855455455455, 0.940740740741, 0.894694694695, 0.712512512513, 0.642842842843, 0.837837837838, 0.641241241241], "CD_H_t": [0.893963963964, 0.732432432432, 0.925345345345, 0.850690690691, 0.763483483483, 0.96960960961, 0.961021021021, 0.97984984985, 0.893303303303, 0.960690690691, 0.676606606607, 0.928318318318, 0.867867867868, 0.9596996997, 0.922372372372, 0.961681681682, 0.862912912913, 0.812042042042, 0.908168168168, 0.885375375375, 0.865885885886, 0.694114114114, 0.875795795796, 0.791561561562, 0.763813813814, 0.946486486486, 0.762162162162, 0.726486486486, 0.925675675676, 0.780990990991, 0.762492492492, 0.73045045045, 0.948468468468, 0.692462462462, 0.827567567568, 0.865225225225, 0.875465465465, 0.744324324324, 0.929309309309, 0.888018018018, 0.688498498498, 0.756546546547, 0.894624624625, 0.971261261261, 0.799489489489, 0.818318318318, 1.0, 0.793213213213, 0.81963963964, 0.895945945946], "pH_t": [9.376876876877, 8.887387387387, 8.9004004004, 9.418918918919, 8.872372372372, 8.926426426426, 8.982482482482, 8.697197197197, 8.847347347347, 8.958458458458, 9.33983983984, 9.347847847848, 8.728228228228, 9.257757757758, 8.97047047047, 8.696196196196, 9.031531531532, 8.574074074074, 8.542042042042, 9.303803803804, 9.144644644645, 8.66016016016, 9.266766766767, 8.608108108108, 8.692192192192, 8.93043043043, 9.358858858859, 9.248748748749, 8.634134134134, 8.663163163163, 9.101601601602, 9.325825825826, 9.281781781782, 8.633133133133, 8.549049049049, 8.501001001001, 8.591091091091, 9.185685685686, 9.097597597598, 8.726226226226, 9.23973973974, 9.301801801802, 9.213713713714, 8.938438438438, 8.756256256256, 8.895395395395, 9.470970970971, 8.761261261261, 9.457957957958, 8.568068068068], "a_m_ALP": [0.835335335335, 0.844344344344, 0.850850850851, 0.714214214214, 0.868368368368, 0.618118118118, 0.926926926927, 0.535535535536, 0.924424424424, 0.733233233233, 0.978478478478, 0.847347347347, 0.977477477477, 0.968968968969, 0.567567567568, 0.95045045045, 0.92992992993, 0.737737737738, 0.72022022022, 0.938438438438, 0.647147147147, 0.841841841842, 0.854854854855, 0.702702702703, 0.871871871872, 0.744244244244, 0.685185185185, 0.935435435435, 0.666166166166, 0.77027027027, 0.682182182182, 0.735235235235, 0.713213213213, 0.521021021021, 0.560560560561, 0.746246246246, 0.506506506507, 0.834834834835, 0.556556556557, 0.605105105105, 0.905905905906, 0.742742742743, 0.854354354354, 0.514014014014, 0.624624624625, 0.515515515516, 0.519019019019, 0.88988988989, 0.888388388388, 0.601601601602], "MG_H_t": [35.755755755756, 30.15015015015, 29.96996996997, 32.552552552553, 34.734734734735, 33.613613613614, 37.897897897898, 36.376376376376, 24.864864864865, 22.942942942943, 36.796796796797, 29.50950950951, 25.305305305305, 32.312312312312, 33.273273273273, 34.134134134134, 36.556556556557, 22.402402402402, 22.282282282282, 39.299299299299, 24.124124124124, 22.962962962963, 33.153153153153, 31.771771771772, 39.7997997998, 34.754754754755, 24.404404404404, 24.744744744745, 38.878878878879, 39.099099099099, 33.313313313313, 26.146146146146, 28.028028028028, 27.407407407407, 30.670670670671, 20.06006006006, 33.533533533534, 22.802802802803, 20.640640640641, 25.865865865866, 35.355355355355, 30.47047047047, 23.123123123123, 36.956956956957, 39.319319319319, 24.564564564565, 26.666666666667, 35.475475475475, 39.439439439439, 32.792792792793], "a_BMP_nBMP": [0.060855855856, 0.055405405405, 0.025675675676, 0.050252252252, 0.040243243243, 0.086324324324, 0.008234234234, 0.054216216216, 0.04172972973, 0.03290990991, 0.081666666667, 0.06372972973, 0.018936936937, 0.01527027027, 0.02190990991, 0.001990990991, 0.066504504505, 0.016558558559, 0.025378378378, 0.090585585586, 0.09227027027, 0.015864864865, 0.006648648649, 0.004468468468, 0.050846846847, 0.078990990991, 0.034396396396, 0.020324324324, 0.002684684685, 0.092171171171, 0.043315315315, 0.011405405405, 0.040144144144, 0.022900900901, 0.00654954955, 0.002387387387, 0.089693693694, 0.039252252252, 0.001198198198, 0.066603603604, 0.006351351351, 0.090684684685, 0.06036036036, 0.005954954955, 0.014576576577, 0.004369369369, 0.092765765766, 0.029342342342, 0.015963963964, 0.022009009009], "a_TGF_nTGF": [0.061747747748, 0.027756756757, 0.013288288288, 0.044108108108, 0.045396396396, 0.067495495495, 0.015666666667, 0.050351351351, 0.014774774775, 0.05045045045, 0.056099099099, 0.003378378378, 0.084342342342, 0.075225225225, 0.023297297297, 0.027657657658, 0.045297297297, 0.036279279279, 0.011801801802, 0.017252252252, 0.047477477477, 0.015072072072, 0.016657657658, 0.007243243243, 0.021216216216, 0.011306306306, 0.022900900901, 0.046783783784, 0.071558558559, 0.010414414414, 0.023891891892, 0.007441441441, 0.042522522523, 0.043315315315, 0.008630630631, 0.012792792793, 0.01309009009, 0.089297297297, 0.060954954955, 0.02845045045, 0.025576576577, 0.082657657658, 0.056990990991, 0.048468468468, 0.003576576577, 0.018540540541, 0.030432432432, 0.019432432432, 0.058081081081, 0.092072072072], "a_Pr_Mo": [0.33033033033, 8.588588588589, 0.13013013013, 9.52952952953, 2.082082082082, 2.812812812813, 5.415415415415, 0.48048048048, 0.860860860861, 3.173173173173, 9.059059059059, 9.64964964965, 1.971971971972, 6.106106106106, 0.710710710711, 9.189189189189, 2.202202202202, 8.748748748749, 5.795795795796, 4.524524524525, 3.343343343343, 2.212212212212, 3.873873873874, 5.495495495495, 3.103103103103, 8.688688688689, 0.610610610611, 3.463463463463, 7.177177177177, 7.567567567568, 0.570570570571, 1.161161161161, 8.608608608609, 8.008008008008, 0.34034034034, 2.562562562563, 0.29029029029, 6.506506506507, 5.235235235235, 7.857857857858, 9.299299299299, 6.536536536537, 9.389389389389, 6.766766766767, 6.336336336336, 3.953953953954, 8.918918918919, 5.835835835836, 4.614614614615, 6.786786786787],