{"a_c_Mo": 8.504667253454287e-06, "CD_H_t": 0.08052093432207436, "a_m_OC": 0.28258158485152685, "a_Mo": 0.03784310287710996, "a_BMP_nBMP": 0.38885657211913194}