{"medians": {"a_c_Mo": 19.2692692692695, "CD_H_t": 0.7195495495495, "a_m_OC": 0.754004004004, "a_Mo": 4.7897897897899995, "a_BMP_nBMP": 0.05163963964}}