{"posteriors": {"a_c_Mo": [0.2002002002, 14.814814814815, 14.914914914915, 65.765765765766, 1.501501501502, 64.064064064064, 7.607607607608, 31.431431431431, 38.338338338338, 86.486486486486, 8.908908908909, 16.416416416416, 3.903903903904, 40.640640640641, 15.415415415415, 36.336336336336, 20.32032032032, 18.318318318318, 6.206206206206, 10.910910910911, 0.900900900901, 6.806806806807, 5.805805805806, 21.121121121121, 20.820820820821, 28.528528528529, 17.517517517518, 32.732732732733, 18.918918918919, 61.661661661662, 7.307307307307, 67.267267267267, 9.80980980981, 30.03003003003, 25.525525525526, 6.706706706707, 19.61961961962, 7.507507507508, 23.123123123123, 5.905905905906, 21.521521521522, 41.141141141141, 54.254254254254, 35.635635635636, 0.500500500501, 16.816816816817, 18.718718718719, 61.461461461461, 22.222222222222, 72.872872872873], "CD_H_t": [0.708648648649, 0.678588588589, 0.674954954955, 0.72021021021, 0.676606606607, 0.883063063063, 0.975225225225, 0.806426426426, 0.752912912913, 0.706006006006, 0.718888888889, 0.867537537538, 0.997027027027, 0.712612612613, 0.674294294294, 0.704354354354, 0.699399399399, 0.974564564565, 0.677927927928, 0.698738738739, 0.717897897898, 0.713273273273, 0.7103003003, 0.757537537538, 0.684534534535, 0.711951951952, 0.673963963964, 0.70039039039, 0.73012012012, 0.862252252252, 0.915765765766, 0.989429429429, 0.852342342342, 0.685855855856, 0.710960960961, 0.722192192192, 0.924354354354, 0.679249249249, 0.734744744745, 0.692462462462, 0.882072072072, 0.695105105105, 0.747297297297, 0.762492492492, 0.851681681682, 0.765465465465, 0.752252252252, 0.865885885886, 0.680570570571, 0.794534534535], "a_m_OC": [0.566066066066, 0.606106106106, 0.756256256256, 0.896396396396, 0.877877877878, 0.91991991992, 0.67967967968, 0.794294294294, 0.527027027027, 0.855855855856, 0.916916916917, 0.993493493493, 0.815315315315, 0.551051051051, 0.564564564565, 0.696696696697, 0.667167167167, 0.980980980981, 0.624624624625, 0.581581581582, 0.725225225225, 0.832832832833, 0.621121121121, 0.856856856857, 0.938438438438, 0.982982982983, 0.622122122122, 0.751751751752, 0.504504504505, 0.95995995996, 0.5995995996, 0.971971971972, 0.917917917918, 0.838838838839, 0.997497497497, 0.607107107107, 0.722222222222, 0.876876876877, 0.956456456456, 0.582582582583, 0.816816816817, 0.654154154154, 0.631631631632, 0.652652652653, 0.759259259259, 0.963963963964, 0.536036036036, 0.988488488488, 0.650650650651, 0.721721721722], "a_Mo": [9.259259259259, 2.452452452452, 5.515515515516, 3.273273273273, 0.510510510511, 2.252252252252, 6.166166166166, 5.705705705706, 4.064064064064, 0.860860860861, 6.176176176176, 9.119119119119, 6.226226226226, 5.035035035035, 3.883883883884, 4.214214214214, 2.042042042042, 5.685685685686, 6.286286286286, 1.081081081081, 6.936936936937, 3.093093093093, 5.645645645646, 8.008008008008, 7.577577577578, 3.863863863864, 3.733733733734, 4.674674674675, 8.348348348348, 2.622622622623, 4.904904904905, 1.061061061061, 3.643643643644, 0.520520520521, 4.314314314314, 6.566566566567, 7.867867867868, 7.887887887888, 4.364364364364, 2.912912912913, 8.138138138138, 3.853853853854, 2.152152152152, 8.028028028028, 5.325325325325, 7.797797797798, 0.850850850851, 6.606606606607, 2.532532532533, 7.467467467467], "a_BMP_nBMP": [0.095243243243, 0.069675675676, 0.045297297297, 0.091774774775, 0.075324324324, 0.052531531532, 0.020621621622, 0.009621621622, 0.036774774775, 0.002486486486, 0.061054054054, 0.018045045045, 0.024684684685, 0.019036036036, 0.030036036036, 0.061252252252, 0.038162162162, 0.091477477477, 0.071459459459, 0.069477477477, 0.019234234234, 0.080972972973, 0.099207207207, 0.079189189189, 0.050747747748, 0.035387387387, 0.093558558559, 0.046288288288, 0.039747747748, 0.016657657658, 0.034495495495, 0.011702702703, 0.019531531532, 0.012792792793, 0.009324324324, 0.094945945946, 0.088207207207, 0.089, 0.090189189189, 0.086720720721, 0.084936936937, 0.074531531532, 0.037468468468, 0.029738738739, 0.067891891892, 0.041333333333, 0.090585585586, 0.085333333333, 0.056396396396, 0.023891891892]}}