{"MG_L_t": 0.18987634906289974, "MG_M_t": 0.906786666165216, "CD_H_t": 0.0824656922694216, "a_Pr_Mo": 0.00018971275570704352, "pH_t": 0.0010595932699207302}