{"MG_L_t": 0.019609075108183962, "a_Diff": 0.02018189421121832, "a_Pr_Mo": 0.588717200539447, "pH_t": 0.007176390355518224, "b_BMP": 0.005692894813260606}