{"MG_M_t": 0.47145286601755865, "MG_L_t": 0.31278738266155354, "a_BMP_nBMP": 0.9674209886223368, "a_c_Mo": 9.516932465990058e-11, "a_Diff": 0.00044402687271983957}