{"medians": {"MG_L_t": 5.319319319319, "MG_M_t": 12.2197197197195, "CD_H_t": 0.8203003003005, "a_Pr_Mo": 7.167167167166999, "pH_t": 9.255755755755999}}