{"medians": {"MG_L_t": 4.414414414414001, "a_Diff": 6.7747747747750005, "a_Pr_Mo": 5.725725725726, "pH_t": 9.261261261261499, "b_BMP": 0.036486486486500005}}