{"medians": {"MG_M_t": 12.267267267267, "MG_L_t": 4.938938938939, "a_BMP_nBMP": 0.0650675675675, "a_c_Mo": 54.6546546546545, "a_Diff": 7.3558558558555}}