{"posteriors": {"MG_L_t": [3.777777777778, 2.168168168168, 7.317317317317, 5.483483483483, 3.401401401401, 5.891891891892, 8.014014014014, 3.985985985986, 2.792792792793, 9.295295295295, 2.832832832833, 4.106106106106, 8.718718718719, 5.179179179179, 5.419419419419, 7.493493493493, 7.277277277277, 7.269269269269, 2.008008008008, 3.129129129129, 2.28028028028, 6.716716716717, 8.726726726727, 3.96996996997, 2.336336336336, 4.634634634635, 6.18018018018, 3.153153153153, 4.058058058058, 4.482482482482, 3.52952952953, 9.711711711712, 2.448448448448, 4.09009009009, 5.675675675676, 6.1001001001, 6.212212212212, 9.63963963964, 3.977977977978, 7.797797797798, 2.16016016016, 2.616616616617, 5.571571571572, 8.742742742743, 4.530530530531, 3.009009009009, 4.122122122122, 6.532532532533, 3.361361361361, 4.138138138138, 2.520520520521, 2.232232232232, 3.185185185185, 5.139139139139, 6.244244244244, 7.325325325325, 3.345345345345, 3.497497497497, 5.771771771772, 5.387387387387, 2.056056056056, 5.627627627628, 2.08008008008, 2.784784784785, 3.433433433433, 3.377377377377, 3.473473473473, 2.528528528529, 2.128128128128, 6.252252252252, 2.984984984985, 2.720720720721, 6.484484484484, 4.146146146146, 4.778778778779, 3.857857857858, 9.479479479479, 2.944944944945, 4.514514514515, 5.531531531532, 4.994994994995, 4.554554554555, 3.617617617618, 3.577577577578, 4.738738738739, 3.289289289289, 7.54954954955, 5.195195195195, 2.824824824825, 4.346346346346, 3.225225225225, 7.861861861862, 8.054054054054, 5.747747747748, 9.495495495495, 3.393393393393, 6.38038038038, 6.372372372372, 8.19019019019, 3.697697697698], "a_Diff": [9.81981981982, 7.531531531532, 5.864864864865, 5.918918918919, 2.198198198198, 4.315315315315, 8.900900900901, 5.063063063063, 6.522522522523, 6.945945945946, 9.351351351351, 8.45045045045, 2.648648648649, 6.171171171171, 6.567567567568, 7.45045045045, 5.72972972973, 9.477477477477, 8.234234234234, 7.963963963964, 7.918918918919, 8.198198198198, 3.954954954955, 1.945945945946, 8.918918918919, 4.603603603604, 3.648648648649, 3.135135135135, 6.216216216216, 8.621621621622, 8.792792792793, 6.846846846847, 6.243243243243, 5.45045045045, 6.855855855856, 7.855855855856, 9.891891891892, 4.117117117117, 8.396396396396, 5.234234234234, 4.468468468468, 7.666666666667, 8.153153153153, 9.207207207207, 8.54954954955, 5.333333333333, 9.162162162162, 8.972972972973, 8.756756756757, 6.081081081081, 7.054054054054, 5.054054054054, 2.666666666667, 7.927927927928, 4.927927927928, 8.684684684685, 7.486486486486, 7.459459459459, 8.171171171171, 6.198198198198, 3.306306306306, 1.315315315315, 6.144144144144, 7.837837837838, 9.693693693694, 9.873873873874, 9.963963963964, 5.306306306306, 8.927927927928, 5.810810810811, 2.81981981982, 2.657657657658, 9.630630630631, 5.162162162162, 7.378378378378, 6.702702702703, 3.207207207207, 5.756756756757, 4.414414414414, 3.612612612613, 5.126126126126, 5.765765765766, 8.810810810811, 8.675675675676, 6.018018018018, 9.144144144144, 9.297297297297, 8.081081081081, 1.063063063063, 3.045045045045, 8.018018018018, 8.036036036036, 4.369369369369, 9.990990990991, 5.045045045045, 4.495495495495, 3.738738738739, 7.846846846847, 7.072072072072, 3.171171171171], "a_Pr_Mo": [4.624624624625, 7.977977977978, 8.848848848849, 9.64964964965, 4.384384384384, 8.648648648649, 9.139139139139, 9.95995995996, 5.775775775776, 4.694694694695, 6.066066066066, 2.112112112112, 6.656656656657, 8.538538538539, 2.182182182182, 8.808808808809, 0.580580580581, 8.088088088088, 8.258258258258, 2.672672672673, 1.731731731732, 6.316316316316, 7.397397397397, 7.007007007007, 0.790790790791, 6.706706706707, 7.837837837838, 3.253253253253, 7.407407407407, 2.162162162162, 2.532532532533, 8.158158158158, 0.920920920921, 9.51951951952, 3.503503503504, 8.308308308308, 4.174174174174, 0.46046046046, 6.106106106106, 3.143143143143, 6.726726726727, 1.331331331331, 7.387387387387, 5.685685685686, 2.902902902903, 9.049049049049, 4.064064064064, 3.153153153153, 0.820820820821, 3.373373373373, 3.083083083083, 8.058058058058, 9.75975975976, 0.19019019019, 1.411411411411, 5.865865865866, 3.583583583584, 4.304304304304, 7.207207207207, 5.765765765766, 4.084084084084, 6.986986986987, 5.095095095095, 5.015015015015, 3.653653653654, 7.157157157157, 5.665665665666, 7.227227227227, 2.602602602603, 5.025025025025, 7.767767767768, 1.571571571572, 3.003003003003, 2.872872872873, 8.628628628629, 0.16016016016, 6.696696696697, 5.555555555556, 7.217217217217, 1.431431431431, 7.117117117117, 1.201201201201, 6.386386386386, 2.042042042042, 3.043043043043, 6.686686686687, 5.415415415415, 6.936936936937, 7.417417417417, 6.896896896897, 6.446446446446, 2.432432432432, 8.298298298298, 0.780780780781, 9.119119119119, 9.319319319319, 1.741741741742, 2.022022022022, 7.687687687688, 9.299299299299], "pH_t": [9.488988988989, 9.407907907908, 9.290790790791, 9.157657657658, 9.396896896897, 9.146646646647, 9.277777777778, 9.090590590591, 9.353853853854, 9.310810810811, 9.387887887888, 8.62012012012, 9.052552552553, 8.728228228228, 9.318818818819, 9.463963963964, 9.346846846847, 8.626126126126, 9.487987987988, 9.264764764765, 9.418918918919, 8.697197197197, 9.221721721722, 9.401901901902, 9.355855855856, 9.256756756757, 9.38988988989, 8.632132132132, 8.714214214214, 9.25975975976, 9.417917917918, 8.735235235235, 9.343843843844, 9.368868868869, 8.625125125125, 9.00950950951, 8.76026026026, 9.336836836837, 9.210710710711, 9.37987987988, 9.261761761762, 9.365865865866, 9.167667667668, 9.23973973974, 9.194694694695, 9.108608608609, 9.067567567568, 9.30980980981, 9.36986986987, 9.442942942943, 9.143643643644, 8.725225225225, 9.260760760761, 9.460960960961, 9.348848848849, 9.273773773774, 8.831331331331, 9.120620620621, 9.403903903904, 9.308808808809, 9.297797797798, 9.226726726727, 9.121621621622, 8.74024024024, 9.252752752753, 9.133633633634, 8.504004004004, 9.218718718719, 9.294794794795, 9.357857857858, 9.373873873874, 9.322822822823, 9.384884884885, 8.736236236236, 9.380880880881, 9.351851851852, 9.048548548549, 9.400900900901, 8.555055055055, 8.633133133133, 9.193693693694, 8.722222222222, 8.764264264264, 8.98048048048, 9.458958958959, 9.448948948949, 9.497997997998, 8.638138138138, 9.48998998999, 9.216716716717, 8.905405405405, 9.330830830831, 9.421921921922, 9.33983983984, 9.334834834835, 8.984484484484, 9.217717717718, 9.097597597598, 8.639139139139, 9.457957957958],