{"posteriors": {"MG_M_t": [11.706706706707, 12.002002002002, 14.199199199199, 11.111111111111, 11.636636636637, 13.988988988989, 14.954954954955, 10.45045045045, 13.978978978979, 13.743743743744, 12.377377377377, 11.401401401401, 10.19019019019, 11.816816816817, 10.045045045045, 12.582582582583, 13.088088088088, 10.965965965966, 13.558558558559, 13.553553553554, 11.711711711712, 14.51951951952, 10.640640640641, 14.694694694695, 10.43043043043, 14.924924924925, 12.552552552553, 12.342342342342, 11.691691691692, 11.171171171171, 13.778778778779, 12.192192192192, 12.182182182182, 11.061061061061, 11.076076076076, 10.47047047047, 13.503503503504, 14.349349349349, 12.572572572573, 12.922922922923, 11.496496496496, 11.541541541542, 12.977977977978, 10.855855855856, 11.591591591592, 12.357357357357, 11.156156156156, 12.557557557558, 14.63963963964, 14.654654654655], "MG_L_t": [3.209209209209, 5.883883883884, 3.137137137137, 6.812812812813, 8.878878878879, 8.558558558559, 3.921921921922, 2.624624624625, 4.33033033033, 3.089089089089, 7.205205205205, 2.072072072072, 4.306306306306, 5.035035035035, 2.608608608609, 2.544544544545, 6.940940940941, 6.676676676677, 4.818818818819, 5.067067067067, 3.441441441441, 4.074074074074, 6.42042042042, 9.63963963964, 3.84984984985, 3.233233233233, 3.64964964965, 2.920920920921, 4.842842842843, 2.960960960961, 7.701701701702, 2.128128128128, 5.307307307307, 5.299299299299, 5.203203203203, 8.118118118118, 6.892892892893, 6.660660660661, 7.189189189189, 2.424424424424, 4.226226226226, 8.638638638639, 9.119119119119, 4.45045045045, 4.122122122122, 7.973973973974, 9.375375375375, 4.106106106106, 5.555555555556, 8.550550550551], "a_BMP_nBMP": [0.029936936937, 0.094648648649, 0.011405405405, 0.097324324324, 0.093756756757, 0.078297297297, 0.071657657658, 0.069279279279, 0.018837837838, 0.088108108108, 0.017252252252, 0.089792792793, 0.061351351351, 0.032315315315, 0.027162162162, 0.060558558559, 0.022108108108, 0.024981981982, 0.012891891892, 0.068783783784, 0.083846846847, 0.086225225225, 0.071855855856, 0.035486486486, 0.092468468468, 0.070765765766, 0.013882882883, 0.055801801802, 0.099009009009, 0.074531531532, 0.057387387387, 0.036972972973, 0.073837837838, 0.097027027027, 0.054216216216, 0.082063063063, 0.078099099099, 0.047873873874, 0.09672972973, 0.006351351351, 0.096828828829, 0.083945945946, 0.049954954955, 0.070864864865, 0.08236036036, 0.019036036036, 0.029045045045, 0.05490990991, 0.058081081081, 0.011306306306], "a_c_Mo": [69.469469469469, 74.874874874875, 50.850850850851, 63.063063063063, 74.774774774775, 59.359359359359, 61.861861861862, 69.56956956957, 38.738738738739, 26.226226226226, 79.77977977978, 62.662662662663, 65.665665665666, 79.079079079079, 63.163163163163, 43.443443443443, 44.944944944945, 53.353353353353, 74.574574574575, 52.552552552553, 59.259259259259, 52.952952952953, 70.27027027027, 61.561561561562, 54.454454454454, 36.536536536537, 51.651651651652, 58.258258258258, 51.851851851852, 47.547547547548, 34.234234234234, 62.062062062062, 74.374374374374, 67.267267267267, 49.449449449449, 65.065065065065, 39.53953953954, 27.727727727728, 54.854854854855, 34.934934934935, 28.128128128128, 78.078078078078, 40.44044044044, 48.948948948949, 35.835835835836, 50.550550550551, 47.847847847848, 58.158158158158, 44.844844844845, 57.757757757758], "a_Diff": [7.828828828829, 9.810810810811, 6.945945945946, 5.963963963964, 8.702702702703, 4.081081081081, 7.27027027027, 9.423423423423, 8.18018018018, 6.378378378378, 8.648648648649, 7.72972972973, 4.288288288288, 9.342342342342, 1.603603603604, 7.684684684685, 7.252252252252, 5.720720720721, 7.693693693694, 5.171171171171, 7.873873873874, 3.081081081081, 7.36036036036, 5.216216216216, 6.072072072072, 8.72972972973, 6.081081081081, 8.855855855856, 3.162162162162, 9.558558558559, 9.594594594595, 5.396396396396, 7.351351351351, 6.126126126126, 8.504504504505, 7.072072072072, 8.54954954955, 9.648648648649, 3.90990990991, 9.873873873874, 9.477477477477, 6.972972972973, 4.378378378378, 6.009009009009, 8.990990990991, 7.0, 8.027027027027, 4.522522522523, 7.432432432432, 8.972972972973]}}