{"posteriors": {"MG_L_t": [4.578578578579, 2.880880880881, 4.666666666667, 3.297297297297, 5.835835835836, 9.495495495495, 2.720720720721, 8.822822822823, 7.765765765766, 3.401401401401, 7.525525525526, 5.363363363363, 4.234234234234, 7.757757757758, 4.682682682683, 9.735735735736, 3.785785785786, 8.086086086086, 6.46046046046, 2.024024024024, 7.485485485485, 8.23023023023, 4.202202202202, 9.575575575576, 8.03003003003, 3.465465465465, 4.082082082082, 3.417417417417, 5.099099099099, 3.169169169169, 7.469469469469, 2.32032032032, 3.497497497497, 9.703703703704, 4.770770770771, 2.28028028028, 5.171171171171, 2.072072072072, 7.325325325325, 8.214214214214, 8.398398398398, 7.66966966967, 8.902902902903, 9.71971971972, 8.814814814815, 5.275275275275, 2.248248248248, 3.353353353353, 9.983983983984, 5.475475475475], "MG_M_t": [13.703703703704, 12.482482482482, 13.483483483483, 14.644644644645, 14.249249249249, 12.117117117117, 12.322322322322, 14.294294294294, 12.517517517518, 11.906906906907, 12.507507507508, 14.80980980981, 13.248248248248, 13.613613613614, 12.047047047047, 10.26026026026, 11.556556556557, 10.975975975976, 10.465465465465, 10.795795795796, 14.169169169169, 11.331331331331, 10.365365365365, 11.076076076076, 11.286286286286, 12.032032032032, 14.67967967968, 11.406406406406, 11.111111111111, 11.786786786787, 10.29029029029, 13.983983983984, 12.437437437437, 11.501501501502, 14.319319319319, 13.073073073073, 10.960960960961, 12.717717717718, 10.105105105105, 11.621621621622, 14.524524524525, 10.890890890891, 14.87987987988, 11.571571571572, 13.768768768769, 12.012012012012, 10.610610610611, 14.96996996997, 13.083083083083, 13.548548548549], "CD_H_t": [0.695105105105, 0.751591591592, 0.748948948949, 0.775045045045, 0.773723723724, 0.726156156156, 0.834834834835, 0.743003003003, 0.781981981982, 0.796186186186, 0.894954954955, 0.673633633634, 0.89957957958, 0.829219219219, 0.819309309309, 0.703693693694, 0.74993993994, 0.948468468468, 0.858948948949, 0.901561561562, 0.88009009009, 0.707987987988, 0.923033033033, 0.877777777778, 0.744984984985, 0.798498498498, 0.897597597598, 0.758858858859, 0.858288288288, 0.692462462462, 0.875795795796, 0.873813813814, 0.831531531532, 0.901891891892, 0.904864864865, 0.974894894895, 0.914114114114, 0.774714714715, 0.828228228228, 0.820960960961, 0.791891891892, 0.773393393393, 0.968948948949, 0.746966966967, 0.81006006006, 0.980840840841, 0.81963963964, 0.722852852853, 0.99009009009, 0.93987987988], "a_Pr_Mo": [7.237237237237, 8.048048048048, 9.76976976977, 6.126126126126, 9.049049049049, 4.984984984985, 6.746746746747, 2.532532532533, 6.096096096096, 8.148148148148, 7.397397397397, 9.85985985986, 6.066066066066, 9.409409409409, 9.50950950951, 6.216216216216, 8.248248248248, 5.605605605606, 8.848848848849, 7.227227227227, 7.067067067067, 3.833833833834, 9.289289289289, 6.916916916917, 4.354354354354, 8.578578578579, 6.586586586587, 1.081081081081, 7.427427427427, 8.168168168168, 7.507507507508, 8.898898898899, 4.294294294294, 5.775775775776, 8.038038038038, 6.876876876877, 2.592592592593, 3.543543543544, 7.487487487487, 9.159159159159, 9.78978978979, 5.415415415415, 5.565565565566, 9.119119119119, 7.847847847848, 1.901901901902, 2.392392392392, 6.446446446446, 7.937937937938, 7.107107107107], "pH_t": [9.396896896897, 9.303803803804, 8.502002002002, 9.410910910911, 9.324824824825, 9.393893893894, 9.31981981982, 9.210710710711, 9.320820820821, 9.181681681682, 9.254754754755, 9.187687687688, 8.527027027027, 9.454954954955, 9.242742742743, 9.256756756757, 9.491991991992, 9.17967967968, 8.649149149149, 9.375875875876, 9.094594594595, 8.716216216216, 9.101601601602, 9.48998998999, 9.345845845846, 8.79029029029, 9.425925925926, 9.338838838839, 8.949449449449, 9.272772772773, 9.44994994995, 9.312812812813, 9.046546546547, 9.106606606607, 8.85035035035, 9.048548548549, 9.466966966967, 9.455955955956, 9.202702702703, 9.414914914915, 9.490990990991, 9.28978978979, 9.313813813814, 9.203703703704, 9.157657657658, 8.967467467467, 9.250750750751, 9.277777777778, 8.754254254254, 9.194694694695]}}