{"min": 2.9774663463440785, "max": 1482.6622541900767, "mean": 338.32316481065675}