{"min": 1.7824890392277781, "max": 1260.5850070502981, "mean": 255.45696230006845}