{
  "MG_M_t": 0.15171468353560832,
  "maturity_t": 0.16566992245420376,
  "CD_H_t": 0.021915245987074807,
  "a_Pr_Mo": 0.16051323875721835,
  "pH_t": 0.05259696320407496,
  "a_m_OC": 0.3323220736774082,
  "a_m_ALP": 0.029953489904023134,
  "MG_H_t": 0.0002312855459487712,
  "MG_L_t": 1.2673117621851118,
  "a_BMP_nBMP": 0.01143736321424698,
  "a_TGF_nTGF": 0.12748430212559533
}