{
  "MG_L_t": 0.0004907456889371314,
  "MG_M_t": 0.01812120967900276,
  "maturity_t": 6.0243224442035336e-05,
  "a_Diff": 0.29947471222688904,
  "CD_H_t": 0.027215396378589867,
  "a_c_Mo": 0.02167372089776937,
  "MG_H_t": 0.116524653560504,
  "b_BMP": 0.4216125480688209,
  "b_TGF": 0.014400763200113324,
  "a_Pr_Mo": 0.00053856566967741,
  "pH_t": 4.8583310777846964e-05,
  "a_P": 0.00011047244361798053,
  "a_Mo": 0.029609097471429105,
  "B_Pr": 0.40668105122646386,
  "B_Mo": 0.11815742265496679,
  "a_m_OC": 3.1625877014965936e-05,
  "a_m_ALP": 0.00038322190039366837,
  "c_weight": 0.0003865632964691379,
  "a_TGF_nTGF": 0.00255037416613358,
  "a_BMP_nBMP": 0.4769516983478954
}