{
  "MG_L_t": 0.0010494621930394275,
  "MG_M_t": 0.001206805072194137,
  "maturity_t": 0.020333502587980896,
  "a_Diff": 0.3193282995200204,
  "a_P": 0.000921954830503041,
  "a_m_OC": 0.027331095441313562,
  "a_m_ALP": 0.05626265471303216,
  "c_weight": 0.0004991064643506434,
  "CD_H_t": 0.02065367474578197,
  "a_c_Mo": 0.00030793592656639567,
  "a_Pr_Mo": 0.39103543417423997,
  "MG_H_t": 3.740698677799494e-06,
  "pH_t": 0.08173203786404996,
  "a_TGF_nTGF": 0.002818429400263904,
  "a_BMP_nBMP": 0.47134089245471383,
  "B_Pr": 0.02924979188219322,
  "b_BMP": 0.4004171209224352,
  "b_TGF": 0.005671476429531241,
  "B_Mo": 0.13317620110487255,
  "a_Mo": 0.0448153579113618
}