{
  "MG_L_t": 0.0003666311961278794,
  "MG_M_t": 9.965838306903049e-05,
  "maturity_t": 6.038267187473414e-05,
  "a_Diff": 0.001315923806618182,
  "CD_H_t": 0.0005415878999236292,
  "a_c_Mo": 0.9369135337644668,
  "a_Pr_Mo": 0.09403687402106255,
  "MG_H_t": 1.2172968111899415e-05,
  "pH_t": 0.0006070159686130789,
  "b_BMP": 0.0010664287752259552,
  "b_TGF": 4.372123088331339e-05,
  "a_Mo": 0.9175942456478163
}