{
  "MG_M_t": 0.0012047287394423793,
  "maturity_t": 1.147185314877101e-05,
  "a_m_ALP": 0.25062875038565513,
  "c_weight": 0.3424185201213024,
  "CD_H_t": 2.5188986650748667e-07,
  "a_Pr_Mo": 7.94750370825908e-06,
  "MG_H_t": 0.2555217091136875,
  "pH_t": 0.259255223863239,
  "a_TGF_nTGF": 0.028498119290227983
}