{"a_P": 0.0486105376549878, "B_Pr": 0.001341878966798738, "a_c_Mo": 0.950472630285231, "B_Mo": 4.097277492426793e-24, "a_Mo": 0.736920786871287}