{"a_P": 2.006461644783892e-05, "c_weight": 0.784867485321646, "a_BMP_nBMP": 0.22955602761874494, "B_Pr": 6.300505039790738e-26, "B_Mo": 1.2267424876363186e-06}