{"a_m_OC": 0.9423167647297441, "a_Mo": 0.0038236730841907777, "B_Mo": 0.07208872738605866, "B_Pr": 1.0401678763126843e-11, "a_P": 4.875435254827103e-18}