{"medians": {"a_P": 4.0, "B_Pr": 0.045855855855500005, "a_c_Mo": 9.3393393393395, "B_Mo": 0.00745, "a_Mo": 2.697697697698}}