{"medians": {"a_P": 3.513513513514, "c_weight": 0.0005324324325, "a_BMP_nBMP": 0.5624784784785, "B_Pr": 0.026585585585499998, "B_Mo": 0.0006635585585}}