{"medians": {"a_m_OC": 0.691941941942, "a_Mo": 5.685685685686, "B_Mo": 0.000694144144, "B_Pr": 0.029998998999, "a_P": 2.426426426426}}