{"posteriors": {"a_P": [2.396396396396, 7.423423423423, 3.846846846847, 1.477477477477, 6.90990990991, 1.648648648649, 1.09009009009, 1.936936936937, 8.369369369369, 6.396396396396, 3.711711711712, 4.954954954955, 8.882882882883, 3.126126126126, 6.981981981982, 1.63963963964, 2.900900900901, 3.216216216216, 4.945945945946, 3.621621621622, 5.018018018018, 5.873873873874, 3.468468468468, 2.162162162162, 4.783783783784, 6.612612612613, 7.279279279279, 4.225225225225, 5.108108108108, 4.432432432432, 9.54954954955, 3.018018018018, 2.756756756757, 3.747747747748, 2.387387387387, 1.855855855856, 8.684684684685, 8.054054054054, 5.396396396396, 2.675675675676, 4.09009009009, 8.072072072072, 5.837837837838, 2.027027027027, 3.774774774775, 2.405405405405, 3.90990990991, 1.27027027027, 5.072072072072, 7.063063063063], "B_Pr": [0.038625625626, 0.026213213213, 0.048245245245, 0.071580580581, 0.0227997998, 0.041852852853, 0.05743043043, 0.033226226226, 0.027826826827, 0.038005005005, 0.065560560561, 0.047004004004, 0.045142142142, 0.052651651652, 0.026337337337, 0.026399399399, 0.050541541542, 0.055692692693, 0.051596596597, 0.050913913914, 0.043404404404, 0.0245995996, 0.046383383383, 0.024289289289, 0.047314314314, 0.038377377377, 0.053272272272, 0.028571571572, 0.054947947948, 0.057058058058, 0.028323323323, 0.060471471471, 0.048865865866, 0.051348348348, 0.050851851852, 0.021372372372, 0.039246246246, 0.045328328328, 0.033536536537, 0.073194194194, 0.039990990991, 0.046755755756, 0.047438438438, 0.082503503504, 0.02670970971, 0.076173173173, 0.047686686687, 0.030309309309, 0.037508508509, 0.04054954955], "a_c_Mo": [2.262262262262, 5.785785785786, 3.003003003003, 10.830830830831, 14.054054054054, 1.081081081081, 2.122122122122, 13.393393393393, 14.434434434434, 1.221221221221, 12.412412412412, 18.878878878879, 0.24024024024, 0.38038038038, 8.948948948949, 15.595595595596, 5.225225225225, 10.01001001001, 13.053053053053, 7.167167167167, 19.099099099099, 14.234234234234, 11.211211211211, 16.796796796797, 15.255255255255, 15.835835835836, 9.72972972973, 5.265265265265, 5.365365365365, 4.804804804805, 12.532532532533, 6.666666666667, 19.219219219219, 3.883883883884, 12.352352352352, 3.923923923924, 19.77977977978, 11.911911911912, 4.364364364364, 10.37037037037, 11.351351351351, 18.818818818819, 4.164164164164, 8.248248248248, 1.001001001001, 0.780780780781, 15.875875875876, 7.927927927928, 7.347347347347, 6.906906906907], "B_Mo": [0.0092, 0.0055, 0.0122, 0.009, 0.0014, 0.0043, 0.0038, 0.0078, 0.0023, 0.0096, 0.0225, 0.0104, 0.027, 0.0068, 0.0017, 0.0027, 0.0097, 0.0163, 0.0085, 0.0061, 0.0081, 0.0083, 0.0075, 0.0008, 0.0042, 0.0071, 0.0201, 0.0056, 0.0048, 0.008, 0.0069, 0.0089, 0.0047, 0.0058, 0.0105, 0.003, 0.0045, 0.0099, 0.0037, 0.007, 0.005, 0.0101, 0.0148, 0.0074, 0.0119, 0.0169, 0.0051, 0.0158, 0.0044, 0.0088], "a_Mo": [0.03003003003, 3.063063063063, 1.631631631632, 0.21021021021, 9.95995995996, 2.702702702703, 3.223223223223, 0.35035035035, 8.468468468468, 1.701701701702, 0.31031031031, 1.861861861862, 0.14014014014, 6.916916916917, 7.307307307307, 2.162162162162, 0.13013013013, 1.231231231231, 4.744744744745, 7.337337337337, 2.682682682683, 1.271271271271, 0.770770770771, 6.736736736737, 7.867867867868, 0.680680680681, 0.780780780781, 6.056056056056, 8.538538538539, 6.256256256256, 5.695695695696, 5.565565565566, 7.347347347347, 3.203203203203, 2.462462462462, 0.900900900901, 5.075075075075, 2.712712712713, 2.692692692693, 8.098098098098, 9.90990990991, 1.591591591592, 3.113113113113, 6.756756756757, 2.282282282282, 2.412412412412, 1.721721721722, 0.11011011011, 1.221221221221, 6.226226226226]}}