{"posteriors": {"a_m_OC": [0.679179179179, 0.624124124124, 0.958958958959, 0.596596596597, 0.613613613614, 0.831331331331, 0.984984984985, 0.519019019019, 0.558558558559, 0.605105105105, 0.911911911912, 0.675175175175, 0.557557557558, 0.772772772773, 0.545045045045, 0.632632632633, 0.732232232232, 0.525525525526, 0.723223223223, 0.704204204204, 0.66016016016, 0.839339339339, 0.518018018018, 0.627627627628, 0.900900900901, 0.535035035035, 0.585585585586, 0.603103103103, 0.626126126126, 0.914914914915, 0.502002002002, 0.838338338338, 0.607107107107, 0.755755755756, 0.794794794795, 0.822322322322, 0.698198198198, 0.847347347347, 0.864864864865, 0.910910910911, 0.790790790791, 0.919419419419, 0.894894894895, 0.602602602603, 0.685685685686, 0.625125125125, 0.591091091091, 0.974974974975, 0.81981981982, 0.988488488488], "a_Mo": [3.703703703704, 8.498498498498, 4.804804804805, 3.683683683684, 4.064064064064, 4.104104104104, 4.024024024024, 9.83983983984, 5.175175175175, 6.766766766767, 2.592592592593, 4.494494494494, 9.74974974975, 6.876876876877, 9.499499499499, 8.238238238238, 5.645645645646, 5.155155155155, 5.855855855856, 3.533533533534, 8.088088088088, 6.036036036036, 5.725725725726, 8.208208208208, 6.906906906907, 6.346346346346, 7.937937937938, 5.115115115115, 7.927927927928, 7.657657657658, 5.405405405405, 2.972972972973, 1.021021021021, 5.935935935936, 6.606606606607, 6.966966966967, 9.92992992993, 3.003003003003, 8.028028028028, 2.982982982983, 7.117117117117, 8.858858858859, 5.995995995996, 4.424424424424, 5.585585585586, 2.042042042042, 3.813813813814, 0.29029029029, 2.822822822823, 4.264264264264], "B_Mo": [0.00078018018, 0.000983783784, 0.000757657658, 0.000965765766, 0.000771171171, 0.000905405405, 0.000787387387, 0.000877477477, 0.000508108108, 0.000563063063, 0.000942342342, 0.000836036036, 0.000398198198, 0.000646846847, 0.000536036036, 0.000754054054, 0.000512612613, 0.000659459459, 0.000872072072, 0.000977477477, 0.000759459459, 0.000622522523, 0.000687387387, 0.000318918919, 0.000555855856, 0.000998198198, 0.000377477477, 0.000756756757, 0.000793693694, 0.000390990991, 0.000541441441, 0.000764864865, 0.000996396396, 0.000333333333, 0.000504504505, 0.000462162162, 0.000209009009, 0.000886486486, 0.00032972973, 0.000635135135, 0.000700900901, 0.000984684685, 0.000848648649, 0.000382882883, 0.000566666667, 0.000772072072, 0.000444144144, 0.00096036036, 0.000385585586, 0.000289189189], "B_Pr": [0.022365365365, 0.034901901902, 0.021372372372, 0.02490990991, 0.025034034034, 0.033970970971, 0.022861861862, 0.023482482482, 0.027578578579, 0.044211211211, 0.025468468468, 0.04898998999, 0.024227227227, 0.027640640641, 0.025964964965, 0.023358358358, 0.030867867868, 0.031984984985, 0.047438438438, 0.027950950951, 0.034219219219, 0.030743743744, 0.026089089089, 0.042039039039, 0.025406406406, 0.052465465465, 0.033164164164, 0.02702002002, 0.024351351351, 0.043714714715, 0.032419419419, 0.034653653654, 0.024847847848, 0.040115115115, 0.035274274274, 0.030061061061, 0.022923923924, 0.036081081081, 0.021248248248, 0.025530530531, 0.046941941942, 0.040425425425, 0.035522522523, 0.041666666667, 0.022613613614, 0.029936936937, 0.037880880881, 0.021496496496, 0.023234234234, 0.033660660661], "a_P": [5.279279279279, 2.825825825826, 6.781781781782, 3.491491491491, 3.586586586587, 1.817817817818, 5.393393393393, 6.81981981982, 3.301301301301, 1.19019019019, 4.442442442442, 1.38038038038, 5.469469469469, 4.1001001001, 3.472472472472, 4.537537537538, 2.008008008008, 1.77977977978, 1.456456456456, 1.741741741742, 1.988988988989, 2.977977977978, 2.236236236236, 1.171171171171, 2.027027027027, 1.399399399399, 2.464464464464, 2.141141141141, 2.388388388388, 1.095095095095, 1.798798798799, 1.931931931932, 4.613613613614, 1.437437437437, 2.578578578579, 3.339339339339, 3.567567567568, 1.019019019019, 7.409409409409, 1.893893893894, 1.684684684685, 3.168168168168, 3.415415415415, 1.475475475475, 7.371371371371, 1.646646646647, 1.114114114114, 3.149149149149, 3.814814814815, 1.912912912913]}}