{"posteriors": {"a_P": [2.288288288288, 3.099099099099, 5.378378378378, 6.072072072072, 1.72972972973, 4.675675675676, 5.216216216216, 5.18018018018, 7.09009009009, 7.162162162162, 3.405405405405, 3.576576576577, 3.954954954955, 3.963963963964, 4.36036036036, 2.990990990991, 1.621621621622, 2.486486486486, 4.018018018018, 6.495495495495, 4.567567567568, 7.252252252252, 1.162162162162, 3.279279279279, 2.243243243243, 4.324324324324, 6.738738738739, 6.783783783784, 2.135135135135, 1.207207207207, 1.846846846847, 8.045045045045, 4.387387387387, 6.558558558559, 4.756756756757, 7.432432432432, 3.945945945946, 2.72972972973, 1.243243243243, 3.45045045045, 4.900900900901, 7.414414414414, 4.27027027027, 3.504504504505, 1.792792792793, 2.783783783784, 3.72972972973, 2.585585585586, 4.873873873874, 4.045045045045, 3.522522522523, 1.873873873874, 1.666666666667, 4.054054054054, 1.990990990991, 1.252252252252, 2.558558558559, 1.774774774775, 1.396396396396, 6.918918918919, 2.504504504505, 1.783783783784, 2.63963963964, 5.099099099099, 4.540540540541, 2.828828828829, 1.18018018018, 4.495495495495, 1.522522522523, 1.540540540541, 4.315315315315, 3.225225225225, 4.72972972973, 1.234234234234, 8.90990990991, 7.036036036036, 1.441441441441, 6.621621621622, 2.0, 2.594594594595, 2.720720720721, 4.099099099099, 8.990990990991, 2.261261261261, 4.54954954955, 1.612612612613, 2.009009009009, 5.801801801802, 2.225225225225, 3.648648648649, 7.315315315315, 5.693693693694, 2.108108108108, 1.072072072072, 5.153153153153, 9.252252252252, 1.972972972973, 3.369369369369, 3.468468468468, 1.513513513514], "c_weight": [0.000718918919, 0.000145945946, 0.0007, 0.000304504505, 0.000618918919, 0.000630630631, 0.000953153153, 0.000365765766, 0.000615315315, 0.000424324324, 0.00041981982, 0.000563963964, 0.000355855856, 0.000863963964, 0.000186486486, 0.000767567568, 0.000864864865, 0.000795495495, 0.000600900901, 0.000257657658, 0.000407207207, 0.000913513514, 0.00035045045, 0.000491891892, 0.000437837838, 0.000920720721, 0.000635135135, 0.000316216216, 0.000216216216, 0.000493693694, 0.000153153153, 0.000124324324, 0.000368468468, 0.000679279279, 0.000286486486, 0.000486486486, 0.000137837838, 0.00095045045, 0.000605405405, 0.000138738739, 0.000554954955, 0.000936936937, 0.00028018018, 0.000812612613, 0.000398198198, 0.000403603604, 0.000546846847, 0.000744144144, 0.000884684685, 0.000165765766, 0.000577477477, 0.000177477477, 0.000704504505, 0.000447747748, 0.000203603604, 0.000653153153, 0.000217117117, 0.000708108108, 0.000942342342, 0.000237837838, 0.000288288288, 0.000667567568, 0.00084954955, 0.000713513514, 0.000440540541, 0.000995495495, 0.000558558559, 0.000997297297, 0.000897297297, 0.000790990991, 0.00045045045, 0.000556756757, 0.000414414414, 0.000833333333, 0.000579279279, 0.000518018018, 0.000572972973, 0.000901801802, 0.0001, 0.000271171171, 0.000230630631, 0.000618018018, 0.000252252252, 0.00070990991, 0.000500900901, 0.000773873874, 0.000107207207, 0.000742342342, 0.000856756757, 0.000315315315, 0.000328828829, 0.00086036036, 0.000389189189, 0.000334234234, 0.000781081081, 0.000179279279, 0.000227927928, 0.00024954955, 0.000443243243, 0.000872072072], "a_BMP_nBMP": [0.486009009009, 0.213042042042, 0.702833833834, 0.940953953954, 0.175291291291, 0.850932932933, 0.649595595596, 0.991288288288, 0.370820820821, 0.473425425425, 0.88093993994, 0.996128128128, 0.893523523524, 0.456002002002, 0.550862862863, 0.091078078078, 0.801566566567, 0.515048048048, 0.501496496496, 0.062039039039, 0.135604604605, 0.57603003003, 0.998064064064, 0.69509009009, 0.371788788789, 0.99516016016, 0.730904904905, 0.551830830831, 0.102693693694, 0.786079079079, 0.317582582583, 0.970960960961, 0.498592592593, 0.088174174174, 0.259504504505, 0.595389389389, 0.676698698699, 0.114309309309, 0.538279279279, 0.965153153153, 0.561510510511, 0.831573573574, 0.132700700701, 0.663147147147, 0.059135135135, 0.829637637638, 0.244984984985, 0.945793793794, 0.045583583584, 0.395987987988, 0.913850850851, 0.915786786787, 0.772527527528, 0.896427427427, 0.260472472472, 0.258536536537, 0.762847847848, 0.716385385385, 0.782207207207, 0.465681681682, 0.722193193193, 0.621524524525, 0.855772772773, 0.516983983984, 0.870292292292, 0.630236236236, 0.279831831832, 0.640883883884, 0.919658658659, 0.111405405405, 0.240145145145, 0.929338338338, 0.171419419419, 0.105597597598, 0.943857857858, 0.453098098098, 0.122053053053, 0.655403403403, 0.235305305305, 0.907075075075, 0.146252252252, 0.969025025025, 0.191746746747, 0.117213213213, 0.362109109109, 0.320486486486, 0.484073073073, 0.899331331331, 0.993224224224, 0.592485485485, 0.282735735736, 0.795758758759, 0.283703703704, 0.434706706707, 0.591517517518, 0.451162162162, 0.563446446446, 0.999032032032, 0.962249249249, 0.207234234234], "B_Pr": [0.033722722723, 0.030433433433, 0.024537537538, 0.026089089089, 0.044583583584, 0.027516516517, 0.021372372372, 0.024227227227, 0.021186186186, 0.021930930931, 0.032171171171, 0.025096096096, 0.023606606607, 0.022923923924, 0.023296296296, 0.026337337337, 0.046631631632, 0.03546046046, 0.027764764765, 0.026833833834, 0.02342042042, 0.022861861862, 0.058051051051, 0.024847847848, 0.034591591592, 0.028571571572, 0.022365365365, 0.023978978979, 0.032233233233, 0.052775775776, 0.031922922923, 0.023482482482, 0.023544544545, 0.024785785786, 0.028695695696, 0.0227997998, 0.026771771772, 0.029998998999, 0.048121121121, 0.021124124124, 0.022737737738, 0.022551551552, 0.024289289289, 0.028757757758, 0.046693693694, 0.028199199199, 0.023048048048, 0.025716716717, 0.023234234234, 0.031364364364, 0.025034034034, 0.028633633634, 0.035646646647, 0.035398398398, 0.027082082082, 0.037322322322, 0.038377377377, 0.029316316316, 0.04117017017, 0.024723723724, 0.025282282282, 0.02913013013, 0.031612612613, 0.022675675676, 0.021992992993, 0.026027027027, 0.03906006006, 0.029006006006, 0.032915915916, 0.046383383383, 0.021682682683, 0.023668668669, 0.029812812813, 0.051782782783, 0.022241241241, 0.023854854855, 0.040115115115, 0.02490990991, 0.022179179179, 0.029688688689, 0.027640640641, 0.030681681682, 0.023358358358, 0.021496496496, 0.025840840841, 0.027454454454, 0.042597597598, 0.026895895896, 0.026399399399, 0.022985985986, 0.026213213213, 0.029502502503, 0.021, 0.031426426426, 0.022489489489, 0.022613613614, 0.027888888889, 0.0245995996, 0.021062062062, 0.048555555556], "B_Mo": [0.000561981982, 0.000792882883, 0.000694774775, 0.000887027027, 0.000751261261, 0.000839459459, 0.000541171171, 0.000862252252, 0.000492612613, 0.000969279279, 0.000893963964, 0.000580810811, 0.000539189189, 0.000472792793, 0.000784954955, 0.000487657658, 0.000722522523, 0.000801801802, 0.000930630631, 0.00088009009, 0.000439099099, 0.00079981982, 0.000902882883, 0.00048963964, 0.000506486486, 0.000934594595, 0.00097027027, 0.00066009009, 0.000584774775, 0.000863243243, 0.00056990991, 0.000501531532, 0.000865225225, 0.000542162162, 0.00064027027, 0.000757207207, 0.000546126126, 0.000344954955, 0.000706666667, 0.000592702703, 0.000424234234, 0.000804774775, 0.00077009009, 0.000967297297, 0.000626396396, 0.000673963964, 0.000775045045, 0.000402432432, 0.000910810811, 0.000954414414, 0.000275585586, 0.000735405405, 0.000432162162, 0.000826576577, 0.000558018018, 0.000728468468, 0.000869189189, 0.000462882883, 0.000285495495, 0.000989099099, 0.000577837838, 0.000610540541, 0.000716576577, 0.000968288288, 0.000861261261, 0.00049954955, 0.000667027027, 0.000557027027, 0.000434144144, 0.000997027027, 0.00084045045, 0.000303333333, 0.00080972973, 0.000533243243, 0.000638288288, 0.000935585586, 0.000810720721, 0.000895945946, 0.000715585586, 0.000984144144, 0.000270630631, 0.000659099099, 0.000912792793, 0.000593693694, 0.000422252252, 0.000491621622, 0.000574864865, 0.000742342342, 0.000476756757, 0.000321171171, 0.000537207207, 0.000831531532, 0.000672972973, 0.00074036036, 0.000240900901, 0.00056, 0.000268648649, 0.000232972973, 0.00026963964, 0.000486666667]}}