{"min": 3.2221449640075415, "max": 3089.045910956974, "mean": 577.0216393723198}