{"min": 11.251634337266927, "max": 3683.0060765630024, "mean": 863.7756288207539}