{"MG_M_t": 0.11113169116792469, "maturity_t": 0.051552879380626984, "CD_H_t": 0.9489163021776842, "a_Pr_Mo": 0.6447525936817385, "pH_t": 0.20946585132650314}