{"medians": {"MG_M_t": 12.3148148148145, "maturity_t": 0.785985985986, "CD_H_t": 0.8201351351355, "a_Pr_Mo": 4.929929929929999, "pH_t": 8.954454454454}}