{"posteriors": {"MG_M_t": [14.524524524525, 10.0, 10.670670670671, 13.788788788789, 10.815815815816, 12.287287287287, 12.082082082082, 13.543543543544, 11.921921921922, 10.665665665666, 14.499499499499, 12.342342342342, 12.947947947948, 10.975975975976, 10.475475475475, 11.656656656657, 11.076076076076, 12.657657657658, 10.980980980981, 10.575575575576, 11.496496496496, 12.477477477477, 14.424424424424, 13.028028028028, 13.868868868869, 10.32032032032, 12.742742742743, 12.232232232232, 11.166166166166, 11.376376376376, 12.382382382382, 12.517517517518, 12.137137137137, 12.957957957958, 14.064064064064, 13.553553553554, 12.367367367367, 11.786786786787, 11.796796796797, 10.725725725726, 11.741741741742, 12.762762762763, 13.438438438438, 11.691691691692, 13.943943943944, 14.87987987988, 10.535535535536, 13.243243243243, 13.758758758759, 14.684684684685], "maturity_t": [0.891091091091, 0.649249249249, 0.785385385385, 0.65045045045, 0.817017017017, 0.821421421421, 0.905105105105, 0.765365365365, 0.698898898899, 0.81021021021, 0.789389389389, 0.810610610611, 0.659259259259, 0.723723723724, 0.771371371371, 0.754154154154, 0.823823823824, 0.799399399399, 0.861861861862, 0.606806806807, 0.849049049049, 0.786586586587, 0.916316316316, 0.730530530531, 0.794194194194, 0.893493493493, 0.918718718719, 0.841041041041, 0.948348348348, 0.728928928929, 0.747747747748, 0.658858858859, 0.943543543544, 0.600800800801, 0.744544544545, 0.837437437437, 0.737337337337, 0.675675675676, 0.956356356356, 0.731331331331, 0.609209209209, 0.88028028028, 0.684484484484, 0.85985985986, 0.892292292292, 0.702902902903, 0.818218218218, 0.627227227227, 0.6004004004, 0.631631631632], "CD_H_t": [0.782642642643, 0.952762762763, 0.717567567568, 0.743333333333, 0.802462462462, 0.863243243243, 0.807087087087, 0.902882882883, 0.806096096096, 0.890660660661, 0.921381381381, 0.775705705706, 0.972912912913, 0.822612612613, 0.75951951952, 0.706006006006, 0.721531531532, 0.722192192192, 0.731111111111, 0.778348348348, 0.961351351351, 0.964654654655, 0.845075075075, 0.80015015015, 0.982492492492, 0.951441441441, 0.906516516517, 0.752912912913, 0.701381381381, 0.967297297297, 0.736066066066, 0.772072072072, 0.738048048048, 0.956726726727, 0.856636636637, 0.817657657658, 0.925345345345, 0.904204204204, 0.775045045045, 0.999339339339, 0.709309309309, 0.948138138138, 0.866216216216, 0.796846846847, 0.743003003003, 0.911801801802, 0.926666666667, 0.868528528529, 0.99042042042, 0.756216216216], "a_Pr_Mo": [3.663663663664, 1.371371371371, 7.297297297297, 3.683683683684, 7.697697697698, 9.83983983984, 3.543543543544, 9.51951951952, 1.531531531532, 9.7997997998, 4.434434434434, 9.70970970971, 4.184184184184, 6.016016016016, 1.461461461461, 4.814814814815, 9.239239239239, 8.008008008008, 2.142142142142, 5.685685685686, 1.391391391391, 3.223223223223, 3.843843843844, 5.095095095095, 6.666666666667, 7.737737737738, 1.021021021021, 5.825825825826, 8.808808808809, 1.701701701702, 3.523523523524, 8.308308308308, 9.259259259259, 1.891891891892, 6.576576576577, 5.595595595596, 5.045045045045, 2.272272272272, 6.816816816817, 3.713713713714, 3.623623623624, 9.439439439439, 1.481481481481, 6.746746746747, 2.412412412412, 1.331331331331, 5.255255255255, 3.013013013013, 7.327327327327, 1.741741741742], "pH_t": [8.897397397397, 9.042542542543, 8.603103103103, 9.167667667668, 8.894394394394, 8.625125125125, 8.881381381381, 9.237737737738, 8.723223223223, 9.117617617618, 8.55005005005, 8.638138138138, 8.676176176176, 9.286786786787, 9.001501501502, 8.672172172172, 9.336836836837, 9.247747747748, 8.981481481481, 9.421921921922, 9.068568568569, 8.664164164164, 8.656156156156, 9.092592592593, 9.203703703704, 8.769269269269, 9.175675675676, 9.142642642643, 8.853353353353, 9.114614614615, 8.587087087087, 8.751251251251, 8.513013013013, 9.332832832833, 8.826326326326, 9.466966966967, 9.457957957958, 9.060560560561, 8.593093093093, 8.81031031031, 9.027527527528, 8.927427427427, 8.903403403403, 8.784284284284, 9.305805805806, 9.25975975976, 8.996496496496, 8.888388388388, 8.725225225225, 9.067567567568]}}