{
  "MG_M_t": 0.00792463547671017,
  "maturity_t": 0.0002452236647914849,
  "CD_H_t": 0.0071234466650951294,
  "pH_t": 0.007309057545398955,
  "a_m_ALP": 0.012352389235578807,
  "MG_H_t": 0.010750393107094226,
  "a_Pr_Mo": 0.0038374590590299637,
  "a_m_OC": 0.08622206217338474,
  "MG_L_t": 0.004705533227824168,
  "a_c_Mo": 0.00973932775954512,
  "a_Mo": 0.37366303376784127,
  "B_Pr": 0.19500524557058665,
  "a_P": 0.19558945456453958
}