{"MG_L_t": 0.6245285104100622, "MG_M_t": 0.9400701128366353, "CD_H_t": 0.02552420764641363, "a_c_Mo": 0.08110607265868493, "b_TGF": 0.026605461244720238}