{"MG_M_t": 0.06875586906004413, "pH_t": 1.2547463457155181e-05, "a_Pr_Mo": 0.25924026566115393, "CD_H_t": 0.9779631469579058, "MG_L_t": 0.04878325920700482, "MG_H_t": 0.42067005321817563, "maturity_t": 0.15126143967045147, "a_m_ALP": 0.13247977530973604, "a_BMP_nBMP": 0.3685366171898794, "a_TGF_nTGF": 0.020273587235021796, "c_weight": 0.9787643700457017, "b_TGF": 0.064454227012087, "b_BMP": 0.0017403123946682407, "a_m_OC": 0.6409299724957068}