{"MG_L_t": 0.14865481092044358, "maturity_t": 0.3306875401987598, "a_Diff": 0.011522895081012828, "a_m_OC": 0.6593060271000892, "b_TGF": 0.9568161066579655}