{"medians": {"MG_M_t": 13.080580580580499, "pH_t": 9.209709709710001, "a_Pr_Mo": 5.4254254254255, "CD_H_t": 0.8374774774775, "MG_L_t": 4.950950950951, "MG_H_t": 27.6976976976975, "maturity_t": 0.794394394394, "a_m_ALP": 0.7469969969970001, "a_BMP_nBMP": 0.0451486486485, "a_TGF_nTGF": 0.045247747748, "c_weight": 0.0004475225225, "b_TGF": 0.057288288288, "b_BMP": 0.040720720721, "a_m_OC": 0.80980980981}}