{"medians": {"MG_L_t": 4.750750750751, "MG_M_t": 12.8103103103105, "CD_H_t": 0.8283933933934999, "a_c_Mo": 9.129129129129002, "b_TGF": 0.04831981982}}