{"medians": {"MG_L_t": 4.6906906906909995, "maturity_t": 0.827027027027, "a_Diff": 6.572072072072499, "a_m_OC": 0.7572572572575, "b_TGF": 0.0562477477475}}