{"posteriors": {"MG_M_t": [14.204204204204, 12.202202202202, 11.796796796797, 10.995995995996, 12.187187187187, 10.980980980981, 12.952952952953, 10.09009009009, 13.013013013013, 13.268268268268, 11.386386386386, 13.188188188188, 12.002002002002, 13.498498498498, 13.528528528529, 12.907907907908, 14.82982982983, 13.238238238238, 12.937937937938, 11.101101101101, 13.988988988989, 12.032032032032, 11.936936936937, 13.118118118118, 11.581581581582, 10.035035035035, 12.317317317317, 13.523523523524, 10.890890890891, 14.974974974975, 14.884884884885, 14.58958958959, 14.744744744745, 13.648648648649, 10.47047047047, 12.847847847848, 14.364364364364, 13.063063063063, 14.51951951952, 14.91991991992, 12.487487487487, 14.004004004004, 13.138138138138, 14.94994994995, 11.466466466466, 12.977977977978, 13.473473473473, 13.098098098098, 13.558558558559, 14.359359359359], "pH_t": [9.344844844845, 9.470970970971, 9.090590590591, 9.1996996997, 9.207707707708, 9.098598598599, 9.100600600601, 9.217717717718, 9.494994994995, 9.211711711712, 9.124624624625, 9.12962962963, 9.128628628629, 9.396896896897, 9.393893893894, 9.106606606607, 8.898398398398, 9.167667667668, 8.916416416416, 9.168668668669, 9.267767767768, 9.490990990991, 9.398898898899, 8.937437437437, 9.320820820821, 9.284784784785, 9.434934934935, 9.407907907908, 8.938438438438, 9.198698698699, 9.251751751752, 9.18968968969, 9.43993993994, 9.13963963964, 9.058558558559, 8.633133133133, 9.236736736737, 8.982482482482, 9.333833833834, 8.519019019019, 9.214714714715, 9.353853853854, 9.401901901902, 8.9004004004, 9.092592592593, 9.465965965966, 9.086586586587, 9.354854854855, 9.416916916917, 9.335835835836], "a_Pr_Mo": [8.328328328328, 6.316316316316, 3.813813813814, 3.933933933934, 0.680680680681, 9.369369369369, 9.78978978979, 8.608608608609, 9.55955955956, 1.791791791792, 0.590590590591, 5.345345345345, 5.725725725726, 8.268268268268, 6.436436436436, 7.087087087087, 0.800800800801, 3.053053053053, 8.528528528529, 0.870870870871, 7.327327327327, 0.960960960961, 4.164164164164, 5.235235235235, 3.663663663664, 9.469469469469, 4.384384384384, 3.413413413413, 8.898898898899, 1.351351351351, 6.726726726727, 8.568568568569, 9.279279279279, 8.078078078078, 8.308308308308, 1.151151151151, 6.046046046046, 5.505505505506, 4.074074074074, 8.058058058058, 0.45045045045, 9.379379379379, 9.88988988989, 0.05005005005, 2.052052052052, 4.554554554555, 3.383383383383, 3.683683683684, 8.348348348348, 1.481481481481], "CD_H_t": [0.815675675676, 0.686186186186, 0.793213213213, 0.855645645646, 0.838138138138, 0.690810810811, 0.783633633634, 0.984474474474, 0.79024024024, 0.949459459459, 0.715585585586, 0.901561561562, 0.908498498498, 0.954414414414, 0.713273273273, 0.992402402402, 0.902552552553, 0.875135135135, 0.861261261261, 0.816996996997, 0.913453453453, 0.966966966967, 0.686516516517, 0.863903903904, 0.749279279279, 0.709309309309, 0.684204204204, 0.986786786787, 0.808408408408, 0.697087087087, 0.783963963964, 0.691471471471, 0.722852852853, 0.806096096096, 0.97951951952, 0.80015015015, 0.80048048048, 0.735075075075, 0.96993993994, 0.934264264264, 0.993723723724, 0.816006006006, 0.858618618619, 0.836816816817, 0.905855855856, 0.897597597598, 0.695105105105, 0.869189189189, 0.916096096096, 0.887687687688], "MG_L_t": [7.453453453453, 4.458458458458, 5.459459459459, 4.114114114114, 5.747747747748, 4.978978978979, 4.738738738739, 5.843843843844, 8.142142142142, 8.158158158158, 3.745745745746, 4.690690690691, 9.935935935936, 2.232232232232, 3.473473473473, 4.922922922923, 4.002002002002, 6.34034034034, 3.305305305305, 8.262262262262, 4.186186186186, 3.425425425425, 3.897897897898, 3.641641641642, 2.424424424424, 9.551551551552, 6.524524524525, 8.23023023023, 5.147147147147, 5.155155155155, 9.327327327327, 7.725725725726, 5.723723723724, 8.694694694695, 4.586586586587, 7.901901901902, 6.748748748749, 3.209209209209, 3.481481481481, 3.593593593594, 3.465465465465, 3.081081081081, 6.708708708709, 2.976976976977, 5.267267267267, 4.29029029029, 8.054054054054, 4.178178178178, 5.435435435435, 2.896896896897], "MG_H_t": [37.037037037037, 23.043043043043, 38.338338338338, 33.733733733734, 24.684684684685, 35.575575575576, 28.068068068068, 36.916916916917, 23.383383383383, 21.001001001001, 24.044044044044, 30.670670670671, 30.530530530531, 27.407407407407, 23.243243243243, 32.772772772773, 33.113113113113, 38.578578578579, 33.593593593594, 37.857857857858, 39.339339339339, 22.982982982983, 28.928928928929, 30.47047047047, 35.655655655656, 21.341341341341, 20.860860860861, 22.202202202202, 23.923923923924, 20.740740740741, 28.008008008008, 22.002002002002, 27.127127127127, 23.083083083083, 20.32032032032, 23.803803803804, 27.987987987988, 26.626626626627, 36.936936936937, 20.780780780781, 34.434434434434, 23.743743743744, 35.315315315315, 21.861861861862, 28.408408408408, 31.331331331331, 21.661661661662, 22.262262262262, 22.702702702703, 38.398398398398], "maturity_t": [0.622022022022, 0.772172172172, 0.891891891892, 0.652852852853, 0.684484484484, 0.793393393393, 0.964764764765, 0.624424424424, 0.622822822823, 0.601201201201, 0.666066066066, 0.941141141141, 0.823023023023, 0.698098098098, 0.9995995996, 0.931131131131, 0.664464464464, 0.660860860861, 0.750550550551, 0.679279279279, 0.887087087087, 0.643243243243, 0.646046046046, 0.65965965966, 0.835035035035, 0.890690690691, 0.888688688689, 0.967567567568, 0.863863863864, 0.747347347347, 0.823423423423, 1.0, 0.965565565566, 0.995195195195, 0.876676676677, 0.985185185185, 0.951951951952, 0.761361361361, 0.916316316316, 0.973173173173, 0.745345345345, 0.806606606607, 0.958758758759, 0.795395395395, 0.692892892893, 0.972372372372, 0.681681681682, 0.705705705706, 0.733733733734, 0.787387387387], "a_m_ALP": [0.594594594595, 0.625125125125, 0.969469469469, 0.684184184184, 0.628128128128, 0.697197197197, 0.553053053053, 0.513013013013, 0.518018018018, 0.841341341341, 0.821821821822, 0.926926926927, 0.715215215215, 0.567567567568, 0.825825825826, 0.69019019019, 0.512512512513, 0.879379379379, 0.552052052052, 0.982482482482, 0.62012012012, 0.952452452452, 0.51001001001, 0.727227227227, 0.607607607608, 0.745745745746, 0.589089089089, 0.990990990991, 0.882382382382, 0.98048048048, 0.83983983984, 0.676176176176, 0.815315315315, 0.927427427427, 0.846346346346, 0.748248248248, 0.966466466466, 0.86036036036, 0.84984984985, 0.964964964965, 0.765265265265, 0.544544544545, 0.578078078078, 0.570570570571, 0.748748748749, 0.516516516517, 0.94994994995, 0.617117117117, 0.871871871872, 0.991491491491], "a_BMP_nBMP": [0.033504504505, 0.007837837838, 0.042423423423, 0.045099099099, 0.023792792793, 0.015072072072, 0.090585585586, 0.09454954955, 0.07254954955, 0.001693693694, 0.062144144144, 0.007342342342, 0.052135135135, 0.032513513514, 0.095540540541, 0.018045045045, 0.082261261261, 0.004666666667, 0.04063963964, 0.012891891892, 0.011504504505, 0.067297297297, 0.085630630631, 0.033801801802, 0.067396396396, 0.071459459459, 0.053621621622, 0.036675675676, 0.045198198198, 0.093756756757, 0.072351351351, 0.027756756757, 0.058081081081, 0.027162162162, 0.013585585586, 0.096234234234, 0.078594594595, 0.096135135135, 0.091774774775, 0.056198198198, 0.009621621622, 0.019828828829, 0.00536036036, 0.039351351351, 0.070567567568, 0.074828828829, 0.090783783784, 0.020720720721, 0.083351351351, 0.039846846847],