{"posteriors": {"MG_L_t": [4.114114114114, 5.315315315315, 3.097097097097, 7.261261261261, 4.866866866867, 2.232232232232, 2.592592592593, 2.696696696697, 7.637637637638, 8.062062062062, 2.576576576577, 9.207207207207, 4.178178178178, 4.01001001001, 5.523523523524, 4.506506506507, 4.674674674675, 2.624624624625, 4.706706706707, 4.498498498498, 5.875875875876, 6.532532532533, 4.122122122122, 6.780780780781, 2.912912912913, 3.505505505506, 9.455455455455, 5.083083083083, 9.743743743744, 3.121121121121, 2.312312312312, 2.760760760761, 2.192192192192, 6.972972972973, 2.856856856857, 7.797797797798, 5.379379379379, 4.610610610611, 8.502502502503, 3.953953953954, 2.744744744745, 4.154154154154, 4.386386386386, 7.181181181181, 6.116116116116, 7.94994994995, 9.927927927928, 3.273273273273, 6.34034034034, 3.76976976977, 5.395395395395, 2.176176176176, 8.142142142142, 3.657657657658, 9.127127127127, 2.256256256256, 3.521521521522, 2.888888888889, 8.294294294294, 8.238238238238, 3.441441441441, 5.891891891892, 2.152152152152, 6.108108108108, 8.462462462462, 4.770770770771, 4.45045045045, 5.555555555556, 3.385385385385, 9.023023023023, 7.197197197197, 4.818818818819, 4.754754754755, 4.634634634635, 3.057057057057, 2.344344344344, 5.635635635636, 2.968968968969, 3.241241241241, 2.656656656657, 9.463463463463, 8.894894894895, 8.950950950951, 2.528528528529, 6.844844844845, 3.993993993994, 3.585585585586, 6.292292292292, 6.3003003003, 3.865865865866, 3.153153153153, 4.994994994995, 4.426426426426, 7.301301301301, 4.474474474474, 7.62962962963, 4.618618618619, 8.726726726727, 7.357357357357, 5.963963963964], "maturity_t": [0.959159159159, 0.810610610611, 0.977577577578, 0.887887887888, 0.981181181181, 0.966766766767, 0.832632632633, 0.641641641642, 0.734134134134, 0.928328328328, 0.833033033033, 0.897097097097, 0.797397397397, 0.712112112112, 0.686886886887, 0.606006006006, 0.976776776777, 0.93953953954, 0.90990990991, 0.964764764765, 0.870670670671, 0.911111111111, 0.644044044044, 0.991991991992, 0.780980980981, 0.815815815816, 0.736536536537, 0.841841841842, 0.951151151151, 0.945545545546, 0.715315315315, 0.827427427427, 0.973173173173, 0.726926926927, 0.919119119119, 0.856256256256, 0.732132132132, 0.842642642643, 0.956356356356, 0.774174174174, 0.97957957958, 0.883083083083, 0.601601601602, 0.728528528529, 0.933933933934, 0.883483483483, 0.798198198198, 0.696096096096, 0.900700700701, 0.6, 0.826626626627, 0.851851851852, 0.938338338338, 0.695695695696, 0.804604604605, 0.727727727728, 0.604404404404, 0.667267267267, 0.99039039039, 0.807407407407, 0.804204204204, 0.982782782783, 0.774574574575, 0.807007007007, 0.876276276276, 0.613213213213, 0.678078078078, 0.878678678679, 0.887087087087, 0.894294294294, 0.97037037037, 0.957957957958, 0.976376376376, 0.65005005005, 0.718918918919, 0.706906906907, 0.739339339339, 0.704104104104, 0.745345345345, 0.993193193193, 0.967567567568, 0.636036036036, 0.895895895896, 0.738938938939, 0.991191191191, 0.619219219219, 0.962762762763, 0.792592592593, 0.896296296296, 0.712512512513, 0.601201201201, 0.85025025025, 0.661261261261, 0.768568568569, 0.925125125125, 0.875475475475, 0.602002002002, 0.621221221221, 0.656856856857, 0.655655655656], "a_Diff": [8.864864864865, 6.657657657658, 7.279279279279, 5.621621621622, 8.954954954955, 5.684684684685, 3.594594594595, 6.936936936937, 8.225225225225, 9.288288288288, 9.810810810811, 9.900900900901, 5.459459459459, 2.558558558559, 5.081081081081, 8.738738738739, 6.117117117117, 7.405405405405, 7.882882882883, 6.135135135135, 6.09009009009, 6.684684684685, 6.855855855856, 8.396396396396, 2.630630630631, 2.936936936937, 7.900900900901, 5.720720720721, 4.603603603604, 2.693693693694, 5.918918918919, 9.873873873874, 1.900900900901, 8.351351351351, 4.216216216216, 3.387387387387, 8.594594594595, 3.918918918919, 8.468468468468, 6.774774774775, 6.63963963964, 6.558558558559, 3.810810810811, 6.126126126126, 6.585585585586, 4.666666666667, 6.522522522523, 7.468468468468, 5.495495495495, 6.099099099099, 9.063063063063, 7.72972972973, 7.414414414414, 6.036036036036, 6.198198198198, 5.648648648649, 6.423423423423, 2.72972972973, 8.405405405405, 9.36036036036, 9.630630630631, 9.882882882883, 9.711711711712, 7.045045045045, 9.864864864865, 9.585585585586, 9.153153153153, 1.918918918919, 9.387387387387, 7.423423423423, 4.882882882883, 5.702702702703, 3.396396396396, 6.648648648649, 6.027027027027, 7.36036036036, 8.027027027027, 3.405405405405, 7.90990990991, 4.027027027027, 8.630630630631, 3.441441441441, 7.369369369369, 3.072072072072, 8.189189189189, 3.117117117117, 1.72972972973, 9.666666666667, 9.396396396396, 7.216216216216, 1.378378378378, 5.873873873874, 5.405405405405, 9.828828828829, 5.189189189189, 5.171171171171, 3.540540540541, 2.954954954955, 9.054054054054, 4.009009009009], "a_m_OC": [0.952452452452, 0.886886886887, 0.689189189189, 0.853353353353, 0.978478478478, 0.917417417417, 0.81981981982, 0.665665665666, 0.868868868869, 0.674174174174, 0.937437437437, 0.577077077077, 0.994494494494, 0.621621621622, 0.537537537538, 0.904404404404, 0.922922922923, 0.822322322322, 0.805305305305, 0.90990990991, 0.558558558559, 0.940940940941, 0.55005005005, 0.854854854855, 0.654654654655, 0.981481481481, 0.843843843844, 0.798798798799, 0.61961961962, 0.62962962963, 0.94044044044, 0.667667667668, 0.540540540541, 0.553553553554, 0.595595595596, 0.632132132132, 0.700700700701, 0.874374374374, 0.781781781782, 0.963463463463, 0.880880880881, 1.0, 0.845845845846, 0.824324324324, 0.617617617618, 0.830830830831, 0.530530530531, 0.827827827828, 0.890890890891, 0.588588588589, 0.741241241241, 0.660660660661, 0.721221221221, 0.617117117117, 0.557557557558, 0.917917917918, 0.948448448448, 0.658658658659, 0.557057057057, 0.78978978979, 0.954954954955, 0.75975975976, 0.527027027027, 0.814314314314, 0.693193193193, 0.567067067067, 0.754754754755, 0.515515515516, 0.956956956957, 0.586086086086, 0.807307307307, 0.823323323323, 0.650650650651, 0.908408408408, 0.88988988989, 0.500500500501, 0.740740740741, 0.541041041041, 0.655155155155, 0.546546546547, 0.817817817818, 0.744744744745, 0.903403403403, 0.611111111111, 0.89039039039, 0.833333333333, 0.748248248248, 0.767267267267, 0.775775775776, 0.534534534535, 0.622122122122, 0.73023023023, 0.839339339339, 0.926426426426, 0.951951951952, 0.722222222222, 0.719219219219, 0.560560560561, 0.57007007007, 0.526026026026],