{"posteriors": {"MG_L_t": [2.064064064064, 4.146146146146, 2.432432432432, 2.176176176176, 3.361361361361, 2.744744744745, 2.928928928929, 8.142142142142, 4.834834834835, 9.111111111111, 3.833833833834, 7.605605605606, 6.956956956957, 4.778778778779, 2.504504504505, 6.596596596597, 9.431431431431, 2.056056056056, 3.977977977978, 4.234234234234, 5.827827827828, 2.976976976977, 3.825825825826, 7.293293293293, 7.821821821822, 8.31031031031, 6.572572572573, 2.368368368368, 3.265265265265, 6.164164164164, 8.414414414414, 4.522522522523, 4.45045045045, 2.12012012012, 9.983983983984, 4.922922922923, 6.364364364364, 2.704704704705, 3.68968968969, 8.542542542543, 9.823823823824, 2.728728728729, 3.625625625626, 9.735735735736, 7.661661661662, 5.603603603604, 6.980980980981, 4.722722722723, 4.434434434434, 8.662662662663], "MG_M_t": [12.112112112112, 10.455455455455, 10.305305305305, 10.700700700701, 13.263263263263, 12.647647647648, 13.848848848849, 14.429429429429, 13.338338338338, 12.067067067067, 10.42042042042, 11.081081081081, 11.206206206206, 14.179179179179, 12.602602602603, 14.079079079079, 13.548548548549, 10.545545545546, 12.247247247247, 13.363363363363, 14.279279279279, 13.053053053053, 13.913913913914, 14.724724724725, 12.732732732733, 12.192192192192, 14.249249249249, 10.900900900901, 12.722722722723, 10.640640640641, 11.491491491491, 10.660660660661, 13.178178178178, 13.038038038038, 12.887887887888, 14.82982982983, 14.984984984985, 14.52952952953, 10.940940940941, 10.325325325325, 13.883883883884, 14.50950950951, 14.024024024024, 10.785785785786, 10.075075075075, 13.648648648649, 13.823823823824, 12.572572572573, 13.333333333333, 11.551551551552], "CD_H_t": [0.72978978979, 0.952102102102, 0.837807807808, 0.836156156156, 0.99009009009, 0.826576576577, 0.883723723724, 0.711951951952, 0.959369369369, 0.682882882883, 0.686846846847, 0.891981981982, 0.701051051051, 0.671981981982, 0.67033033033, 0.870840840841, 0.946156156156, 0.717567567568, 0.83021021021, 0.721531531532, 0.743663663664, 0.906186186186, 0.714264264264, 0.976546546547, 0.944834834835, 0.913123123123, 0.798168168168, 0.678918918919, 0.897927927928, 0.860930930931, 0.950780780781, 0.89033033033, 0.74003003003, 0.712942942943, 0.751261261261, 0.873153153153, 0.67990990991, 0.994054054054, 0.741681681682, 0.951111111111, 0.722192192192, 0.842762762763, 0.688168168168, 0.746636636637, 0.680570570571, 0.69015015015, 0.922372372372, 0.673303303303, 0.992402402402, 0.86984984985], "a_c_Mo": [18.578578578579, 9.329329329329, 14.474474474474, 13.073073073073, 16.796796796797, 19.499499499499, 13.413413413413, 0.22022022022, 12.672672672673, 9.009009009009, 9.089089089089, 11.071071071071, 10.45045045045, 7.307307307307, 12.572572572573, 10.39039039039, 1.841841841842, 8.748748748749, 5.505505505506, 4.844844844845, 14.594594594595, 9.58958958959, 12.652652652653, 7.647647647648, 6.926926926927, 6.766766766767, 2.262262262262, 7.527527527528, 14.894894894895, 8.368368368368, 4.684684684685, 15.955955955956, 3.283283283283, 0.12012012012, 0.960960960961, 9.169169169169, 9.96996996997, 11.751751751752, 19.099099099099, 7.627627627628, 1.221221221221, 7.407407407407, 18.258258258258, 10.33033033033, 4.124124124124, 0.14014014014, 14.274274274274, 15.695695695696, 7.927927927928, 1.481481481481], "b_TGF": [0.073441441441, 0.081567567568, 0.02736036036, 0.04718018018, 0.048567567568, 0.045297297297, 0.047477477477, 0.039747747748, 0.09118018018, 0.08572972973, 0.070567567568, 0.001396396396, 0.099702702703, 0.045396396396, 0.050747747748, 0.048072072072, 0.026864864865, 0.053918918919, 0.004468468468, 0.023594594595, 0.046288288288, 0.044702702703, 0.075621621622, 0.073144144144, 0.011405405405, 0.022900900901, 0.042423423423, 0.056099099099, 0.063828828829, 0.058675675676, 0.084738738739, 0.058576576577, 0.008531531532, 0.044603603604, 0.061153153153, 0.052828828829, 0.029342342342, 0.070666666667, 0.026765765766, 0.060954954955, 0.063135135135, 0.02081981982, 0.099504504505, 0.044207207207, 0.081765765766, 0.099306306306, 0.014576576577, 0.019927927928, 0.027459459459, 0.052927927928]}}