{"min": 1.810960859834835, "max": 1236.7738030860776, "mean": 264.6059887186044}