{"min": 2.4291586056750423, "max": 1495.5894623859851, "mean": 359.733443157955}