{"maturity_t": 0.804393728482904, "CD_H_t": 0.4623197368506883, "a_m_ALP": 0.09206003169136058, "MG_H_t": 0.8454879412382446, "a_TGF_nTGF": 3.1941787944506716e-15}