{"medians": {"maturity_t": 0.784784784785, "CD_H_t": 0.7762012012015, "a_m_ALP": 0.778028028028, "MG_H_t": 30.3103103103105, "a_TGF_nTGF": 0.0472297297295}}