{"posteriors": {"maturity_t": [0.983183183183, 0.706106106106, 0.618018018018, 0.781781781782, 0.996796796797, 0.787787787788, 0.786986986987, 0.949149149149, 0.61001001001, 0.708508508509, 0.611611611612, 0.981581581582, 0.840640640641, 0.713313313313, 0.780580580581, 0.855055055055, 0.977577577578, 0.749349349349, 0.880680680681, 0.621221221221, 0.695295295295, 0.758958958959, 0.993593593594, 0.612412412412, 0.648448448448, 0.631231231231, 0.800600600601, 0.651251251251, 0.937937937938, 0.863863863864, 0.797397397397, 0.867067067067, 0.782582582583, 0.857057057057, 0.738138138138, 0.742942942943, 0.651651651652, 0.798198198198, 0.664464464464, 0.911511511512, 0.737737737738, 0.834634634635, 0.788588588589, 0.823823823824, 0.92032032032, 0.889089089089, 0.623223223223, 0.695695695696, 0.947147147147, 0.635235235235], "CD_H_t": [0.944834834835, 0.758198198198, 0.87018018018, 0.948798798799, 0.721201201201, 0.756216216216, 0.927657657658, 0.956726726727, 0.976216216216, 0.732762762763, 0.685855855856, 0.953423423423, 0.746306306306, 0.775705705706, 0.697087087087, 0.726486486486, 0.900900900901, 0.847387387387, 0.725165165165, 0.671321321321, 0.868528528529, 0.751921921922, 0.784954954955, 0.774054054054, 0.975555555556, 0.672642642643, 0.923363363363, 0.81996996997, 0.675615615616, 0.938888888889, 0.801141141141, 0.747957957958, 0.726816816817, 0.69015015015, 0.913123123123, 0.776696696697, 0.864234234234, 0.70039039039, 0.864894894895, 0.707327327327, 0.748948948949, 0.754234234234, 0.702372372372, 0.916096096096, 0.693453453453, 0.852672672673, 0.702702702703, 0.966636636637, 0.941201201201, 0.896936936937], "a_m_ALP": [0.533533533534, 0.932932932933, 0.902902902903, 0.87037037037, 0.817317317317, 0.787787787788, 0.687687687688, 0.73973973974, 0.856356356356, 0.911911911912, 0.978478478478, 0.757257257257, 0.663163163163, 0.753253253253, 0.96996996997, 0.68968968969, 0.674174174174, 0.842842842843, 0.663663663664, 0.968968968969, 0.63963963964, 0.881381381381, 0.893893893894, 0.868368368368, 0.708208208208, 0.632632632633, 0.941941941942, 0.981481481481, 0.725725725726, 0.982482482482, 0.684684684685, 0.617617617618, 0.704204204204, 0.810810810811, 0.755255255255, 0.798298298298, 0.918418418418, 0.549049049049, 0.930930930931, 0.761761761762, 0.726226226226, 0.621621621622, 0.963463463463, 0.766266266266, 0.768268268268, 0.624124124124, 0.946946946947, 0.876376376376, 0.691191191191, 0.881881881882], "MG_H_t": [32.612612612613, 28.048048048048, 37.357357357357, 20.42042042042, 28.368368368368, 32.832832832833, 30.530530530531, 28.308308308308, 35.415415415415, 30.09009009009, 26.746746746747, 34.694694694695, 27.027027027027, 33.153153153153, 39.179179179179, 32.092092092092, 36.456456456456, 35.535535535536, 28.768768768769, 26.766766766767, 38.418418418418, 27.387387387387, 36.036036036036, 24.464464464464, 39.359359359359, 31.311311311311, 26.566566566567, 22.542542542543, 21.741741741742, 34.814814814815, 23.763763763764, 37.177177177177, 35.915915915916, 26.366366366366, 25.945945945946, 38.278278278278, 34.194194194194, 22.442442442442, 23.223223223223, 38.598598598599, 32.292292292292, 27.067067067067, 24.104104104104, 38.198198198198, 33.593593593594, 36.736736736737, 26.886886886887, 24.804804804805, 20.600600600601, 26.146146146146], "a_TGF_nTGF": [0.058576576577, 0.041828828829, 0.071261261261, 0.051738738739, 0.059864864865, 0.039747747748, 0.050846846847, 0.045792792793, 0.06145045045, 0.049855855856, 0.047279279279, 0.051837837838, 0.045594594595, 0.036477477477, 0.063333333333, 0.065513513514, 0.045990990991, 0.04609009009, 0.036279279279, 0.041531531532, 0.043810810811, 0.035288288288, 0.035981981982, 0.060954954955, 0.039945945946, 0.037072072072, 0.055405405405, 0.053324324324, 0.048567567568, 0.03954954955, 0.059369369369, 0.050351351351, 0.051936936937, 0.04718018018, 0.040441441441, 0.043414414414, 0.032018018018, 0.049657657658, 0.034594594595, 0.03181981982, 0.079684684685, 0.045099099099, 0.064126126126, 0.035387387387, 0.063828828829, 0.046189189189, 0.054612612613, 0.03509009009, 0.052432432432, 0.050648648649]}}