{
    "DNA": {
        "B2016_C": 0.8693827213478699,
        "B2016_M": 0.9508861989891767
    },
    "DNA_mean": 0.9101344601685233,
    "OC": {
        "B2016_C": 0.6995901337934496,
        "B2016_M": 0.43146307160559694
    },
    "OC_mean": 0.5655266026995234,
    "ALP": {
        "B2016_C": 0.975009940920774,
        "B2016_M": 0.6141987433260065
    },
    "ALP_mean": 0.7946043421233903,
    "nTGF": {
        "B2016_C": 0.9264152157792058,
        "B2016_M": 0.7364122335245359
    },
    "nTGF_mean": 0.8314137246518708,
    "nBMP": {
        "B2016_C": 0.5640343158392134,
        "B2016_M": 0.775691701743415
    },
    "nBMP_mean": 0.6698630087913142
}