{
  "MG_M_t": 0.0015454026211124408,
  "maturity_t": 0.00033806167410269805,
  "CD_H_t": 0.0014999257333793117,
  "a_Pr_Mo": 1.4114658078306782e-07,
  "pH_t": 0.0004740652012160571,
  "a_m_OC": 0.0001925366603321412,
  "a_m_ALP": 0.00018385702041017436,
  "MG_H_t": 0.0002995919072240615,
  "MG_L_t": 0.00015352348400627245,
  "a_c_Mo": 0.024527391029775657,
  "b_TGF": 0.027265724837865928,
  "a_Mo": 0.860125687164906,
  "b_BMP": 0.08664693005095267,
  "B_Mo": 0.6185636622658518,
  "a_BMP_nBMP": 0.024708173069673676,
  "a_TGF_nTGF": 0.010125085829141144
}