{
  "MG_L_t": 0.09205710549009449,
  "MG_M_t": 0.21590032228646583,
  "maturity_t": 0.005734079251630531,
  "a_Diff": 0.0030408646042792784,
  "CD_H_t": 0.08365219982966902,
  "a_c_Mo": 0.0024699686370796164,
  "a_Pr_Mo": 0.4937066743520706,
  "MG_H_t": 0.006584570610655728,
  "pH_t": 0.06640443480547631,
  "b_BMP": 0.023193724947880974,
  "b_TGF": 0.009295624539982637
}