{
  "MG_L_t": 0.3485271878794606,
  "MG_M_t": 0.019036738200666647,
  "maturity_t": 0.036295114169361826,
  "a_Diff": 0.13182497255116832,
  "a_m_OC": 0.02250459099820911,
  "a_m_ALP": 0.005782653485861665,
  "c_weight": 0.00022064413536880374,
  "CD_H_t": 0.008087324269876957,
  "a_Pr_Mo": 0.17393617946662268,
  "MG_H_t": 0.00997095133043162,
  "pH_t": 0.40708269089340454,
  "a_TGF_nTGF": 0.09980237194764949,
  "a_BMP_nBMP": 0.017723904402297732,
  "b_BMP": 0.2116613793560016,
  "b_TGF": 0.03116140467339933
}