{
  "MG_M_t": 0.12833904557165537,
  "pH_t": 0.015489036718789314,
  "a_Pr_Mo": 0.0001252280781151772,
  "CD_H_t": 0.00028321561267373837,
  "MG_L_t": 0.1371744579235393,
  "MG_H_t": 5.313120011628454e-06,
  "maturity_t": 0.10030915342530776,
  "a_m_ALP": 0.0003926419124067044,
  "a_BMP_nBMP": 0.11215921827235477,
  "a_TGF_nTGF": 0.03153592237144959,
  "c_weight": 0.07238775018694496,
  "a_c_Mo": 0.12247817340459163,
  "b_TGF": 0.010376111917643899,
  "b_BMP": 0.0007739479519953338,
  "a_Diff": 0.12332099553700505,
  "a_m_OC": 8.454709496259016e-07
}