{"MG_M_t": 0.38547644231636913, "maturity_t": 0.634129118135714, "CD_H_t": 0.09509964176444276, "a_Pr_Mo": 0.8731963602385066, "pH_t": 0.2661574317561524, "a_m_OC": 0.8783115435166622, "a_m_ALP": 0.37418560630302944, "MG_H_t": 0.8093571641865097, "MG_L_t": 0.8258893329202391, "a_c_Mo": 0.6949778564712774, "c_weight": 0.6916082620747157, "b_TGF": 0.01287684669354491, "a_Mo": 0.31844831940297624, "a_Diff": 0.9140664035255801, "b_BMP": 0.8470747199838408, "a_P": 4.576773324849915e-10, "B_Mo": 0.07041838247089315, "a_BMP_nBMP": 0.7552736190378414, "a_TGF_nTGF": 0.7404009864197467, "B_Pr": 2.959857145784028e-12}