{"medians": {"MG_M_t": 13.038038038038, "maturity_t": 0.7863863863864999, "CD_H_t": 0.83978978979, "a_Pr_Mo": 4.504504504504499, "pH_t": 8.982482482482, "a_m_OC": 0.7667667667665, "a_m_ALP": 0.7865365365365, "MG_H_t": 29.069069069069002, "MG_L_t": 6.248248248248, "a_c_Mo": 64.364364364364, "c_weight": 0.0004316666665, "b_TGF": 0.045891891892, "a_Mo": 3.893893893894, "a_Diff": 4.8693693693695, "b_BMP": 0.0218243243245, "a_P": 3.2347347347345003, "B_Mo": 0.00045270270250000004, "a_BMP_nBMP": 0.03072972973, "a_TGF_nTGF": 0.061054054053999995, "B_Pr": 0.029316316316500002}}