{"posteriors": {"MG_M_t": [13.763763763764, 14.754754754755, 14.204204204204, 14.479479479479, 11.011011011011, 10.425425425425, 14.049049049049, 13.773773773774, 12.587587587588, 10.32032032032, 11.176176176176, 10.965965965966, 11.256256256256, 13.313313313313, 13.793793793794, 13.833833833834, 10.06006006006, 13.723723723724, 11.216216216216, 10.435435435435, 12.557557557558, 11.496496496496, 14.71971971972, 10.09009009009, 11.271271271271, 11.601601601602, 14.834834834835, 12.937937937938, 10.980980980981, 14.309309309309, 10.730730730731, 13.423423423423, 14.764764764765, 13.803803803804, 11.526526526527, 11.126126126126, 13.818818818819, 11.801801801802, 14.904904904905, 13.113113113113, 14.304304304304, 14.324324324324, 11.266266266266, 14.954954954955, 12.252252252252, 13.123123123123, 12.747747747748, 13.978978978979, 13.863863863864, 12.962962962963], "maturity_t": [0.983583583584, 0.856656656657, 0.746546546547, 0.946346346346, 0.866666666667, 0.657257257257, 0.949149149149, 0.678878878879, 0.994394394394, 0.682882882883, 0.997597597598, 0.784584584585, 0.916716716717, 0.79019019019, 0.625225225225, 0.616816816817, 0.723323323323, 0.983183183183, 0.984784784785, 0.624424424424, 0.999199199199, 0.77017017017, 0.836636636637, 0.748948948949, 0.803403403403, 0.64004004004, 0.76976976977, 0.998398398398, 0.758558558559, 0.734534534535, 0.630830830831, 0.684884884885, 0.700900900901, 0.923123123123, 0.712512512513, 0.931931931932, 0.953553553554, 0.687287287287, 0.720520520521, 0.805005005005, 0.854254254254, 0.878278278278, 0.789389389389, 0.674474474474, 0.855055055055, 0.98998998999, 0.788188188188, 0.730530530531, 0.727727727728, 0.638038038038], "CD_H_t": [0.721531531532, 0.871171171171, 0.745315315315, 0.886696696697, 0.925345345345, 0.908498498498, 0.81963963964, 0.923693693694, 0.911471471471, 0.746636636637, 0.804444444444, 0.687177177177, 0.898588588589, 0.724174174174, 0.758858858859, 0.706006006006, 0.737717717718, 0.824594594595, 0.744984984985, 0.707327327327, 0.735405405405, 0.803123123123, 0.893963963964, 0.962342342342, 0.771081081081, 0.90981981982, 0.953753753754, 0.945165165165, 0.863243243243, 0.857957957958, 0.753903903904, 0.825255255255, 0.845735735736, 0.883393393393, 0.792552552553, 0.876786786787, 0.803783783784, 0.963993993994, 0.751921921922, 0.833843843844, 0.881081081081, 0.707657657658, 0.822282282282, 0.978858858859, 0.994384384384, 0.865885885886, 0.675285285285, 0.849039039039, 0.851351351351, 0.854984984985], "a_Pr_Mo": [5.185185185185, 7.527527527528, 2.132132132132, 5.825825825826, 7.497497497497, 6.566566566567, 1.261261261261, 4.904904904905, 7.707707707708, 3.633633633634, 8.828828828829, 7.227227227227, 1.221221221221, 9.73973973974, 3.503503503504, 1.371371371371, 2.212212212212, 3.283283283283, 0.580580580581, 8.528528528529, 3.543543543544, 5.995995995996, 3.243243243243, 2.142142142142, 1.961961961962, 9.219219219219, 4.104104104104, 5.065065065065, 3.523523523524, 9.289289289289, 8.998998998999, 9.269269269269, 6.946946946947, 5.955955955956, 9.299299299299, 0.35035035035, 2.552552552553, 0.09009009009, 8.608608608609, 3.043043043043, 5.285285285285, 6.046046046046, 0.820820820821, 2.472472472472, 2.672672672673, 3.123123123123, 1.311311311311, 5.335335335335, 3.093093093093, 9.189189189189], "pH_t": [8.919419419419, 8.901401401401, 9.464964964965, 9.388888888889, 9.13963963964, 8.92042042042, 9.386886886887, 8.693193193193, 9.427927927928, 8.772272272272, 9.285785785786, 8.888388388388, 8.655155155155, 9.377877877878, 8.683183183183, 8.995495495495, 9.362862862863, 8.607107107107, 9.096596596597, 8.577077077077, 8.969469469469, 8.503003003003, 8.826326326326, 9.333833833834, 9.492992992993, 8.799299299299, 8.827327327327, 9.380880880881, 8.672172172172, 8.514014014014, 8.737237237237, 9.242742742743, 8.625125125125, 9.054554554555, 8.529029029029, 8.843343343343, 9.482982982983, 9.451951951952, 9.315815815816, 9.20970970971, 9.190690690691, 9.002502502503, 8.562062062062, 8.868368368368, 9.360860860861, 8.521021021021, 8.605105105105, 9.188688688689, 9.048548548549, 9.018518518519], "a_m_OC": [0.885385385385, 0.930930930931, 0.975975975976, 0.947947947948, 0.933933933934, 0.844844844845, 0.943943943944, 0.760760760761, 0.750750750751, 0.603103103103, 0.945445445445, 0.796796796797, 0.664164164164, 0.855355355355, 0.508008008008, 0.693693693694, 0.964964964965, 0.914914914915, 0.767267267267, 0.914414414414, 0.613113113113, 0.87037037037, 0.550550550551, 0.666666666667, 0.665165165165, 0.743243243243, 0.896396396396, 0.816316316316, 0.584584584585, 0.770770770771, 0.675675675676, 0.766266266266, 0.689189189189, 0.813313313313, 0.64014014014, 0.656156156156, 0.624124124124, 0.629129129129, 0.513013013013, 0.921421421421, 0.980980980981, 0.51951951952, 0.832832832833, 0.577077077077, 0.654654654655, 0.732732732733, 0.961961961962, 0.852852852853, 0.899399399399, 0.581081081081], "a_m_ALP": [0.647647647648, 0.635135135135, 0.831331331331, 0.927427427427, 0.816816816817, 0.511011011011, 0.839339339339, 0.654654654655, 0.802802802803, 0.894394394394, 0.616616616617, 0.633133133133, 0.98048048048, 0.6001001001, 0.824824824825, 0.538538538539, 0.761261261261, 0.787787787788, 0.914914914915, 0.561561561562, 0.635635635636, 0.648148148148, 0.92042042042, 0.548548548549, 0.986486486486, 0.967967967968, 0.680680680681, 0.916916916917, 0.574574574575, 0.61961961962, 0.84984984985, 0.817317317317, 0.785285285285, 0.766266266266, 0.771271271271, 0.898398398398, 0.83033033033, 0.686186186186, 0.828328328328, 0.691191191191, 0.656156156156, 0.873873873874, 0.63013013013, 0.936936936937, 0.837837837838, 0.92992992993, 0.816316316316, 0.923423423423, 0.615115115115, 0.694694694695], "MG_H_t": [21.621621621622, 28.708708708709, 39.77977977978, 36.116116116116, 25.665665665666, 20.18018018018, 22.802802802803, 35.235235235235, 32.532532532533, 29.369369369369, 31.651651651652, 37.957957957958, 36.176176176176, 29.80980980981, 24.164164164164, 32.592592592593, 22.042042042042, 28.148148148148, 27.047047047047, 32.972972972973, 35.015015015015, 28.768768768769, 37.577577577578, 27.667667667668, 30.810810810811, 37.937937937938, 26.646646646647, 39.179179179179, 33.953953953954, 34.674674674675, 20.860860860861, 22.622622622623, 36.576576576577, 24.804804804805, 22.962962962963, 31.431431431431, 39.93993993994, 38.118118118118, 32.452452452452, 24.144144144144, 27.647647647648, 23.763763763764, 21.681681681682, 22.242242242242, 23.703703703704, 27.747747747748, 31.891891891892, 29.62962962963, 25.525525525526, 27.027027027027], "MG_L_t": [2.928928928929, 6.764764764765, 8.398398398398, 4.402402402402, 5.603603603604, 2.28028028028, 2.0, 2.560560560561, 4.442442442442, 7.965965965966, 8.614614614615, 8.886886886887, 7.70970970971, 2.600600600601, 3.737737737738, 2.296296296296, 3.72972972973, 3.921921921922, 5.075075075075, 3.193193193193, 9.223223223223, 4.866866866867, 6.724724724725, 7.253253253253, 8.414414414414, 2.536536536537, 6.540540540541, 6.036036036036, 7.141141141141, 9.367367367367, 3.281281281281, 7.90990990991, 9.391391391391, 6.548548548549, 4.610610610611, 7.645645645646, 4.026026026026, 4.874874874875, 8.798798798799, 6.46046046046, 4.362362362362, 6.596596596597, 8.358358358358, 7.693693693694, 3.049049049049, 3.441441441441, 8.814814814815, 4.882882882883, 8.958958958959, 6.500500500501],