{"a_Diff": 1.238661484779183e-16, "a_P": 5.550443156660367e-14, "CD_H_t": 0.5984518048499226, "a_Pr_Mo": 0.6938992267376789, "b_BMP": 0.0005469807538123568}