{"a_P": 0.42074073749153473, "B_Pr": 3.72667785734274e-06, "b_BMP": 0.8488237820414108, "b_TGF": 0.020083810464582394, "a_BMP_nBMP": 0.001188974716416793}