{"medians": {"a_Diff": 1.8333333333335, "a_P": 2.432432432432, "CD_H_t": 0.8437537537535, "a_Pr_Mo": 4.414414414414, "b_BMP": 0.010990990991}}