{"medians": {"a_P": 5.648648648649, "B_Pr": 0.042504504504499996, "b_BMP": 0.019569569569499998, "b_TGF": 0.1804804804805, "a_BMP_nBMP": 0.2348213213215}}