{"posteriors": {"a_P": [5.099099099099, 4.081081081081, 5.711711711712, 7.297297297297, 9.666666666667, 9.873873873874, 6.108108108108, 9.504504504505, 9.918918918919, 8.243243243243, 9.234234234234, 3.954954954955, 9.18018018018, 2.27027027027, 2.918918918919, 5.504504504505, 4.018018018018, 8.234234234234, 9.936936936937, 5.585585585586, 8.855855855856, 8.441441441441, 6.873873873874, 1.36036036036, 3.513513513514, 1.945945945946, 8.783783783784, 9.225225225225, 4.198198198198, 2.522522522523, 8.072072072072, 9.783783783784, 4.801801801802, 2.630630630631, 4.603603603604, 7.72972972973, 6.387387387387, 3.225225225225, 6.225225225225, 2.09009009009, 4.468468468468, 4.153153153153, 9.612612612613, 9.846846846847, 1.684684684685, 3.261261261261, 7.117117117117, 1.477477477477, 4.837837837838, 5.432432432432], "B_Pr": [0.04296996997, 0.049672672673, 0.047066066066, 0.040239239239, 0.036391391391, 0.036887887888, 0.050107107107, 0.035956956957, 0.028447447447, 0.040983983984, 0.037570570571, 0.057244244244, 0.034343343343, 0.059354354354, 0.047686686687, 0.038687687688, 0.052527527528, 0.040921921922, 0.031922922923, 0.036577577578, 0.039184184184, 0.039804804805, 0.03663963964, 0.082255255255, 0.056871871872, 0.081882882883, 0.042039039039, 0.034901901902, 0.050355355355, 0.070277277277, 0.030991991992, 0.035894894895, 0.052651651652, 0.054327327327, 0.036329329329, 0.03874974975, 0.037756756757, 0.053706706707, 0.047004004004, 0.057182182182, 0.046259259259, 0.043838838839, 0.033660660661, 0.037198198198, 0.059788788789, 0.063078078078, 0.04148048048, 0.073876876877, 0.047500500501, 0.049920920921], "b_BMP": [0.018648648649, 0.03006006006, 0.034384384384, 0.024134134134, 0.011201201201, 0.046156156156, 0.044874874875, 0.037947947948, 0.01984984985, 0.042632632633, 0.041391391391, 0.011081081081, 0.01012012012, 0.013603603604, 0.015205205205, 0.013483483483, 0.027337337337, 0.028538538539, 0.044194194194, 0.048398398398, 0.011441441441, 0.019289289289, 0.014684684685, 0.011601601602, 0.014444444444, 0.025575575576, 0.026896896897, 0.018488488488, 0.012802802803, 0.044314314314, 0.015845845846, 0.023013013013, 0.013283283283, 0.017207207207, 0.048918918919, 0.020970970971, 0.021971971972, 0.030500500501, 0.034704704705, 0.013523523524, 0.011881881882, 0.01992992993, 0.01036036036, 0.0102002002, 0.038228228228, 0.018808808809, 0.031621621622, 0.013163163163, 0.012082082082, 0.011761761762], "b_TGF": [0.172072072072, 0.124824824825, 0.126426426426, 0.104404404404, 0.143643643644, 0.145245245245, 0.138438438438, 0.187687687688, 0.188888888889, 0.148848848849, 0.122022022022, 0.260560560561, 0.170870870871, 0.230930930931, 0.225325325325, 0.266166166166, 0.102402402402, 0.206106106106, 0.1004004004, 0.184084084084, 0.176876876877, 0.276576576577, 0.23973973974, 0.134034034034, 0.113213213213, 0.162462462462, 0.140840840841, 0.425525525526, 0.241341341341, 0.102002002002, 0.106806806807, 0.128828828829, 0.379079079079, 0.437537537538, 0.114814814815, 0.103603603604, 0.147247247247, 0.381481481481, 0.284984984985, 0.319019019019, 0.464364364364, 0.335835835836, 0.185285285285, 0.311011011011, 0.151251251251, 0.133633633634, 0.194894894895, 0.221721721722, 0.497197197197, 0.382682682683], "a_BMP_nBMP": [0.319518518519, 0.171419419419, 0.095917917918, 0.22368968969, 0.799630630631, 0.121085085085, 0.09978978979, 0.043647647648, 0.146252252252, 0.033, 0.16657957958, 0.565382382382, 0.538279279279, 0.281767767768, 0.414379379379, 0.257568568569, 0.083334334334, 0.198522522523, 0.077526526527, 0.044615615616, 0.068814814815, 0.224657657658, 0.057199199199, 0.449226226226, 0.368884884885, 0.137540540541, 0.244984984985, 0.380500500501, 0.941921921922, 0.277895895896, 0.357269269269, 0.486009009009, 0.169483483483, 0.155931931932, 0.088174174174, 0.676698698699, 0.686378378378, 0.036871871872, 0.150124124124, 0.397923923924, 0.356301301301, 0.049455455455, 0.619588588589, 0.408571571572, 0.076558558559, 0.188842842843, 0.276927927928, 0.481169169169, 0.469553553554, 0.654435435435]}}