{"posteriors": {"a_Diff": [1.018018018018, 1.108108108108, 1.153153153153, 1.063063063063, 1.036036036036, 1.324324324324, 1.963963963964, 1.297297297297, 1.774774774775, 1.45045045045, 2.711711711712, 1.369369369369, 1.630630630631, 2.540540540541, 1.405405405405, 1.135135135135, 2.486486486486, 1.126126126126, 3.90990990991, 2.288288288288, 1.603603603604, 2.522522522523, 1.0, 2.594594594595, 1.432432432432, 1.828828828829, 2.369369369369, 1.576576576577, 3.81981981982, 1.027027027027, 2.495495495495, 2.585585585586, 1.981981981982, 2.162162162162, 2.765765765766, 1.288288288288, 1.378378378378, 3.225225225225, 3.513513513514, 2.387387387387, 2.981981981982, 1.81981981982, 3.009009009009, 3.135135135135, 2.612612612613, 1.837837837838, 3.198198198198, 1.117117117117, 1.243243243243, 3.0], "a_P": [2.027027027027, 2.36036036036, 1.711711711712, 3.495495495495, 2.297297297297, 1.603603603604, 2.342342342342, 2.009009009009, 3.081081081081, 3.405405405405, 2.099099099099, 3.54954954955, 3.603603603604, 1.396396396396, 3.009009009009, 3.531531531532, 2.072072072072, 1.540540540541, 2.369369369369, 2.459459459459, 1.009009009009, 2.387387387387, 1.0, 3.252252252252, 2.630630630631, 4.09009009009, 3.414414414414, 2.243243243243, 2.036036036036, 3.972972972973, 3.207207207207, 3.486486486486, 4.036036036036, 4.432432432432, 1.162162162162, 1.522522522523, 1.900900900901, 1.054054054054, 3.540540540541, 3.324324324324, 3.513513513514, 4.171171171171, 2.405405405405, 3.477477477477, 4.063063063063, 3.333333333333, 1.864864864865, 1.315315315315, 3.054054054054, 1.216216216216], "CD_H_t": [0.783303303303, 0.75027027027, 0.887027027027, 0.746966966967, 0.81039039039, 0.688498498498, 0.686516516517, 0.799159159159, 0.921051051051, 0.878108108108, 0.713933933934, 0.788258258258, 0.844084084084, 0.996036036036, 0.694774774775, 0.898258258258, 0.91048048048, 0.689159159159, 0.961021021021, 0.835495495495, 0.96003003003, 0.984474474474, 0.913123123123, 0.843423423423, 0.711291291291, 0.875465465465, 0.841771771772, 0.853663663664, 0.985795795796, 0.942852852853, 0.975555555556, 0.776696696697, 0.930630630631, 0.729129129129, 0.848708708709, 0.847387387387, 0.786936936937, 0.965645645646, 0.808078078078, 0.854324324324, 0.723843843844, 0.900900900901, 0.769429429429, 0.949459459459, 0.94978978979, 0.758858858859, 0.711951951952, 0.725495495495, 0.883723723724, 0.797177177177], "a_Pr_Mo": [9.64964964965, 1.541541541542, 7.977977977978, 9.8998998999, 6.446446446446, 7.087087087087, 4.944944944945, 2.142142142142, 4.714714714715, 7.997997997998, 4.484484484484, 0.22022022022, 0.08008008008, 8.628628628629, 8.368368368368, 0.650650650651, 6.266266266266, 0.830830830831, 4.344344344344, 2.322322322322, 6.326326326326, 9.95995995996, 3.123123123123, 9.489489489489, 5.495495495495, 3.853853853854, 4.574574574575, 1.921921921922, 8.738738738739, 6.646646646647, 2.462462462462, 0.2002002002, 9.289289289289, 4.134134134134, 9.019019019019, 4.184184184184, 1.121121121121, 4.084084084084, 4.734734734735, 6.106106106106, 1.251251251251, 2.752752752753, 0.590590590591, 0.700700700701, 8.338338338338, 2.252252252252, 4.054054054054, 3.483483483483, 0.850850850851, 7.247247247247], "b_BMP": [0.019234234234, 0.023153153153, 0.013783783784, 0.015990990991, 0.033513513514, 0.01018018018, 0.013558558559, 0.023288288288, 0.01, 0.006396396396, 0.005585585586, 0.012432432432, 0.008918918919, 0.005045045045, 0.021531531532, 0.029459459459, 0.013063063063, 0.038243243243, 0.005765765766, 0.014459459459, 0.007342342342, 0.010720720721, 0.007387387387, 0.009864864865, 0.036261261261, 0.010135135135, 0.010945945946, 0.022207207207, 0.00518018018, 0.028063063063, 0.013648648649, 0.007747747748, 0.007162162162, 0.006081081081, 0.007612612613, 0.029684684685, 0.035495495495, 0.006666666667, 0.006846846847, 0.01036036036, 0.00536036036, 0.008558558559, 0.012027027027, 0.011036036036, 0.005675675676, 0.024054054054, 0.010225225225, 0.047477477477, 0.048648648649, 0.011081081081]}}