{
  "MG_M_t": 0.3414742525483969,
  "maturity_t": 0.10082442749583258,
  "a_Diff": 0.0007095382948235136,
  "CD_H_t": 1.3670655174763353,
  "MG_H_t": 0.08318613409558831,
  "b_BMP": 0.0016639466372215922
}