{
  "MG_M_t": 0.015061656074958444,
  "pH_t": 0.00199130784931793,
  "a_Pr_Mo": 0.01125269940735151,
  "a_c_Mo": 0.9072858286212188,
  "CD_H_t": 0.03169020766583217,
  "MG_L_t": 9.083696242444011e-06,
  "MG_H_t": 0.004777011921652001,
  "maturity_t": 0.007627515160210058,
  "a_m_ALP": 0.013038369654437039,
  "a_m_OC": 0.03586794241118014,
  "a_Mo": 0.7863614582445548,
  "a_BMP_nBMP": 0.01647209157760195,
  "a_TGF_nTGF": 0.002369218847963118,
  "c_weight": 0.0003625482193228968
}