{
  "medians": {
    "CD_H_t": 0.8653105,
    "MG_L_t": 5.3765625,
    "MG_M_t": 9.464911,
    "MG_H_t": 28.314719,
    "maturity_t": 0.9058174999999999,
    "B_Mo": 0.00011850000000000001,
    "a_Mo": 4.655775500000001,
    "a_Diff": 2.552842,
    "a_c_Mo": 11.7423735,
    "b_BMP": 0.0033885,
    "b_TGF": 0.0327575,
    "a_m_OC": 0.7,
    "a_m_ALP": 0.7,
    "B_Pr": 0.0489875,
    "c_weight": 3e-06
  }
}