{"medians": {"CD_H_t": 0.841521, "MG_L_t": 5.565783, "MG_M_t": 10.510255, "MG_H_t": 31.3906955, "maturity_t": 0.731616, "B_Mo": 0.000107, "a_Mo": 6.443972, "a_Diff": 2.82091, "a_c_Mo": 5.443722, "b_BMP": 0.0029630000000000004, "b_TGF": 0.0304805, "a_m_OC": 0.015323, "a_m_ALP": 0.020265, "B_Pr": 0.050248, "c_weight": 3e-06}}