{"medians": {"CD_H_t": 0.772505, "MG_L_t": 5.038076, "MG_M_t": 9.6092185, "MG_H_t": 32.9458915, "maturity_t": 0.759519, "B_Mo": 0.0001365, "a_Mo": 5.9388775, "a_Diff": 3.2805609999999996, "a_c_Mo": 7.8677355, "b_BMP": 0.053377, "b_TGF": 0.0596895, "a_m_OC": 0.6242485, "a_m_ALP": 0.722946, "B_Pr": 0.0517515, "c_weight": 3e-06}}