{"medians": {"CD_H_t": 0.8306542757125, "MG_L_t": 5.161860310052, "MG_M_t": 8.272212035338999, "MG_H_t": 31.073512252042, "maturity_t": 0.731955325888, "B_Mo": 7.190365100000001e-05, "a_Mo": 19.404900816802503, "a_Diff": 2.313885647608, "a_c_Mo": 12.7125354225705, "b_BMP": 0.0028786464415, "b_TGF": 0.038498083014, "a_m_OC": 0.5250875145855001, "a_m_ALP": 0.8339723287215, "B_Pr": 0.054160026671000006, "c_weight": 3.0160024999999998e-06}}