{"posteriors": {"CD_H_t": [0.757956, 0.952385, 0.953707, 0.960982, 0.802926, 0.744729, 0.725551, 0.67992, 0.681904, 0.718938, 0.912705, 0.763246, 0.827395, 0.781764, 0.973547, 0.73481, 0.917335, 0.949739, 0.670661, 0.69513], "MG_L_t": [9.91984, 2.881764, 4.789579, 9.150301, 5.49499, 3.571142, 5.318637, 3.747495, 5.014028, 6.777555, 2.096192, 5.559118, 4.48497, 3.683367, 2.961924, 3.378758, 5.062124, 7.098196, 7.43487, 8.653307], "MG_M_t": [12.39479, 5.02004, 14.639279, 12.314629, 9.048096, 13.977956, 9.589178, 12.875752, 6.282565, 13.737475, 5.581162, 10.01002, 7.965932, 5.761523, 14.198397, 11.873747, 9.068136, 8.787575, 7.785571, 9.629259], "MG_H_t": [30.501002, 32.865731, 23.286573, 21.923848, 34.589178, 28.136273, 24.368737, 28.216433, 34.749499, 35.511022, 37.39479, 33.026052, 28.336673, 27.815631, 34.228457, 39.87976, 32.42485, 36.713427, 35.270541, 34.789579], "maturity_t": [0.727455, 0.631263, 0.927856, 0.833667, 0.735471, 0.8998, 0.733467, 0.765531, 0.711423, 0.651303, 0.91984, 0.891784, 0.803607, 0.753507, 0.793587, 0.907816, 0.961924, 0.707415, 0.751503, 0.745491], "B_Mo": [0.00013, 0.000135, 0.000169, 0.000164, 9.7e-05, 0.000111, 0.000138, 0.000117, 0.000113, 0.000154, 9.9e-05, 0.000111, 0.000165, 6.8e-05, 0.000152, 0.000165, 6.4e-05, 0.000148, 0.000138, 0.000167], "a_Mo": [9.018036, 9.368737, 6.058116, 5.132265, 5.034068, 9.579158, 4.711423, 6.296593, 5.721443, 5.819639, 7.306613, 8.975952, 3.392786, 6.577154, 4.725451, 7.923848, 5.398798, 3.294589, 6.422846, 4.697395], "a_Diff": [2.204409, 3.328657, 2.91984, 4.981964, 2.468938, 2.048096, 2.541082, 2.156313, 3.250501, 2.835671, 4.849699, 3.743487, 2.228457, 3.677355, 4.705411, 3.641283, 3.310621, 2.727455, 3.98998, 4.96994], "a_c_Mo": [7.418838, 8.957916, 3.218437, 8.396794, 4.821643, 7.883768, 8.509018, 8.90982, 8.701403, 6.008016, 2.224449, 8.637275, 8.06012, 7.611222, 8.412826, 7.851703, 8.541082, 3.987976, 6.056112, 4.581162], "b_BMP": [0.066273, 0.065551, 0.052926, 0.037054, 0.019198, 0.041202, 0.052385, 0.053828, 0.070962, 0.016854, 0.033086, 0.042645, 0.025691, 0.029118, 0.06519, 0.076914, 0.061042, 0.090261, 0.090982, 0.05996], "b_TGF": [0.052385, 0.092244, 0.046794, 0.017936, 0.016313, 0.070962, 0.088457, 0.088637, 0.057255, 0.091703, 0.065551, 0.053467, 0.062124, 0.078537, 0.01487, 0.048958, 0.031102, 0.07024, 0.077996, 0.024248], "a_m_OC": [0.796593, 0.674349, 0.625251, 0.613226, 0.51503, 0.90481, 0.529058, 0.657315, 0.608216, 0.766533, 0.532064, 0.706413, 0.633267, 0.623246, 0.562124, 0.596192, 0.523046, 0.754509, 0.672345, 0.53006], "a_m_ALP": [0.589178, 0.735471, 0.710421, 0.784569, 0.925852, 0.773547, 0.657315, 0.995992, 0.96994, 0.820641, 0.741483, 0.667335, 0.611222, 0.91984, 0.706413, 0.534068, 0.638277, 0.844689, 0.556112, 0.592184], "B_Pr": [0.047713, 0.058275, 0.05579, 0.037401, 0.081882, 0.078527, 0.028828, 0.067345, 0.031188, 0.064487, 0.030567, 0.041128, 0.04088, 0.072563, 0.02597, 0.064611, 0.080142, 0.057529, 0.045104, 0.046222], "c_weight": [3e-06, 3e-06, 3e-06, 3e-06, 2e-06, 3e-06, 3e-06, 3e-06, 3e-06, 3e-06, 3e-06, 3e-06, 3e-06, 3e-06, 2e-06, 2e-06, 3e-06, 2e-06, 3e-06, 3e-06]}}