{"posteriors": {"CD_H_t": [0.853902, 0.978704, 0.918944, 0.850765, 0.94932, 0.795298, 0.754357, 0.727614, 0.89055, 0.791171, 0.719525, 0.741976, 0.88989, 0.837064, 0.751221, 0.674952, 0.845318, 0.857204, 0.718039, 0.789355, 0.955923, 0.971276, 0.761621, 0.896328, 0.81032, 0.747259, 0.709125, 0.854892, 0.764097, 0.906563, 0.947834, 0.684032, 0.927364, 0.989435, 0.722001, 0.698229, 0.97012, 0.756338, 0.822701, 0.695258, 0.871401, 0.876683, 0.772021, 0.9305, 0.952621, 0.683537, 0.776973, 0.91944, 0.78985, 0.985473, 0.675613, 0.834752, 0.777634, 0.773012, 0.742471, 0.694432, 0.968304, 0.752871, 0.878994, 0.981181, 0.971771, 0.97045, 0.889065, 0.941231, 0.993562, 0.946018, 0.830955, 0.925218, 0.762941, 0.940405, 0.914652, 0.75931, 0.79051, 0.995708, 0.703347, 0.867439, 0.694762, 0.97953, 0.973422, 0.757989, 0.692946, 0.866778, 0.837724, 0.816758, 0.688984, 0.9409, 0.694597, 0.679905, 0.827654, 0.915808, 0.901941, 0.758154, 0.902271, 0.921916, 0.837229, 0.858029, 0.869585, 0.984647, 0.776148, 0.913497], "MG_L_t": [2.584292, 5.049525, 9.41971, 3.104552, 8.615308, 6.174087, 7.010505, 9.007504, 6.414207, 4.253127, 2.256128, 5.293647, 3.968984, 8.891446, 4.373187, 8.595298, 5.493747, 6.350175, 8.407204, 3.544772, 5.985993, 8.155078, 3.328664, 6.558279, 5.021511, 5.805903, 2.04002, 6.650325, 5.781891, 3.78089, 4.753377, 5.245623, 6.926463, 2.836418, 5.889945, 6.170085, 5.753877, 4.625313, 2.136068, 7.574787, 4.741371, 4.629315, 5.201601, 7.046523, 4.621311, 3.152576, 3.796898, 2.18009, 4.053027, 5.025513, 5.969985, 4.645323, 5.937969, 6.942471, 7.518759, 5.213607, 7.678839, 2.512256, 5.105553, 7.194597, 3.48074, 4.901451, 3.56078, 6.938469, 8.45923, 2.56028, 9.431716, 9.163582, 5.677839, 6.782391, 5.297649, 5.797899, 6.322161, 7.826913, 3.02051, 7.794897, 9.71986, 7.158579, 3.26063, 5.741871, 5.553777, 2.004002, 3.848924, 3.064532, 9.755878, 4.533267, 8.35918, 3.608804, 7.310655, 6.042021, 7.086543, 5.577789, 6.634317, 3.596798, 6.334167, 4.157079, 9.615808, 5.529765, 5.421711, 4.821411], "MG_M_t": [8.746873, 7.951476, 14.129565, 11.223112, 12.078539, 10.142571, 14.269635, 9.847424, 7.786393, 12.088544, 8.491746, 5.305153, 9.187094, 10.867934, 10.127564, 9.217109, 8.306653, 14.804902, 12.828914, 6.665833, 12.168584, 13.829415, 10.707854, 11.968484, 11.878439, 8.841921, 8.111556, 14.194597, 9.252126, 10.642821, 9.917459, 13.149075, 12.508754, 9.767384, 12.753877, 14.449725, 13.65933, 6.530765, 7.221111, 13.85943, 7.231116, 7.601301, 5.885443, 13.954477, 11.923462, 7.991496, 14.069535, 10.527764, 8.716858, 7.886443, 8.346673, 9.987494, 10.492746, 12.843922, 10.292646, 5.730365, 9.862431, 14.3997, 5.970485, 8.506753, 11.718359, 9.307154, 12.808904, 10.202601, 12.638819, 14.009505, 10.352676, 14.284642, 12.258629, 13.83942, 7.701351, 11.733367, 8.396698, 7.911456, 12.573787, 14.69985, 13.969485, 9.702351, 6.36068, 6.190595, 7.091046, 7.566283, 10.602801, 12.613807, 11.643322, 12.068534, 11.768384, 6.50075, 10.802901, 14.224612, 11.858429, 12.833917, 14.23962, 6.450725, 12.898949, 14.91996, 10.477739, 8.041521, 6.295648, 9.407204], "MG_H_t": [27.123562, 31.315658, 37.268634, 33.226613, 26.203102, 36.178089, 28.764382, 35.967984, 22.391196, 35.167584, 27.443722, 31.785893, 34.737369, 24.062031, 39.989995, 27.193597, 38.57929, 39.869935, 21.06053, 23.431716, 34.177089, 33.286643, 27.253627, 23.301651, 33.886943, 27.623812, 24.852426, 34.647324, 29.294647, 35.417709, 38.49925, 21.18059, 28.294147, 34.677339, 29.434717, 23.371686, 33.736868, 39.21961, 22.081041, 23.451726, 23.711856, 30.915458, 26.053027, 26.433217, 28.924462, 24.432216, 35.687844, 38.67934, 34.157079, 28.414207, 36.808404, 33.126563, 38.429215, 35.617809, 37.058529, 25.822911, 35.547774, 39.85993, 36.008004, 32.586293, 29.344672, 23.641821, 20.58029, 35.587794, 29.414707, 26.873437, 27.583792, 38.9995, 38.549275, 38.91946, 31.105553, 39.829915, 32.966483, 23.161581, 24.842421, 20.42021, 25.782891, 31.525763, 24.102051, 31.735868, 22.881441, 39.009505, 33.166583, 29.094547, 38.61931, 32.096048, 22.621311, 25.942971, 28.524262, 37.768884, 34.887444, 31.205603, 38.169085, 23.421711, 30.155078, 36.878439, 35.537769, 38.93947, 31.465733, 20.74037], "maturity_t": [0.862931, 0.950475, 0.488744, 0.741871, 0.393197, 0.691346, 0.765883, 0.575788, 0.451726, 0.554277, 0.764882, 0.757379, 0.631316, 0.491246, 0.898949, 0.971486, 0.886943, 0.3997, 0.701351, 0.403202, 0.401201, 0.551776, 0.509255, 0.814407, 0.542271, 0.377189, 0.558279, 0.486243, 0.83992, 0.944972, 0.885443, 0.730365, 0.768384, 0.582291, 0.945473, 0.609805, 0.966483, 0.861931, 0.647324, 0.621311, 0.916458, 0.803902, 0.718359, 0.737369, 0.949475, 0.604302, 0.988994, 0.848424, 0.657329, 0.834917, 0.8009, 0.802901, 0.847424, 0.625313, 0.689345, 0.927964, 0.816908, 0.648824, 0.944472, 0.923962, 0.807404, 0.836918, 0.793897, 0.63932, 0.796398, 0.721861, 0.791896, 0.675838, 0.73937, 0.728864, 0.827914, 0.909455, 0.731866, 0.628814, 0.886443, 0.849925, 0.829915, 0.646823, 0.93997, 0.43922, 0.682841, 0.724362, 0.934967, 0.678339, 0.676338, 0.612806, 0.683842, 0.830415, 0.502751, 0.731366, 0.614807, 0.847924, 0.706353, 0.615808, 0.938469, 0.709855, 0.962481, 0.696848, 0.97999, 0.722361], "B_Mo": [9.9e-05, 0.000111, 0.000143, 0.000107, 0.000138, 0.000165, 0.000132, 7.3e-05, 0.000129, 0.000144, 0.000138, 7.4e-05, 5.9e-05, 7.5e-05, 0.000134, 8.2e-05, 7.6e-05, 0.000142, 6.9e-05, 0.000135, 6.7e-05, 8e-05, 0.000141, 8.2e-05, 0.000144, 6.2e-05, 0.000131, 0.000115, 0.000133, 0.000122, 9.7e-05, 6.7e-05, 0.000135, 7.8e-05, 0.000148, 0.000157, 0.000108, 0.000167, 0.0001, 0.000106, 0.000133, 0.00016, 0.00011, 0.000169, 0.000108, 7.2e-05, 5e-05, 0.000138, 0.000122, 5.3e-05, 0.000167, 6.1e-05, 0.000146, 0.000102, 0.000147, 0.000134, 0.000102, 0.000102, 8e-05, 9.8e-05, 5.6e-05, 9.3e-05, 0.000155, 0.000117, 5.1e-05, 0.000155, 0.000167, 8.7e-05, 9.7e-05, 8.5e-05, 0.000151, 0.000155, 6.2e-05, 5.2e-05, 8.3e-05, 0.000113, 9.7e-05, 6.3e-05, 0.000101, 8.4e-05, 6.1e-05, 0.000151, 0.000123, 7.4e-05, 0.000158, 0.000132, 0.000139, 5.2e-05, 0.000145, 0.000126, 7.3e-05, 0.000128, 0.0001, 5.2e-05, 0.000109, 5.2e-05, 6.2e-05, 0.000107, 0.000107, 9.7e-05], "a_Mo": [3.007004, 7.667834, 6.029015, 5.657829, 6.501751, 8.749875, 3.238119, 4.925963, 7.10055, 6.76088, 6.932466, 4.712356, 7.135568, 9.548274, 9.331166, 5.769885, 6.585793, 9.446723, 9.226113, 4.43922, 4.792896, 6.386193, 4.915458, 5.97999, 4.6003, 7.037519, 6.102551, 9.233117, 3.913957, 5.332166, 8.676338, 9.208604, 7.125063, 8.165083, 5.983492, 8.662331, 4.428714, 6.351176, 6.09905, 8.11956, 8.186093, 7.111056, 9.936968, 8.028514, 7.884942, 9.103552, 7.310655, 3.92096, 7.324662, 6.03952, 7.485743, 9.408204, 5.286643, 6.375688, 4.134567, 4.701851, 8.508254, 7.709855, 6.778389, 4.18009, 8.056528, 8.56078, 4.173087, 8.788394, 7.930465, 3.469235, 6.207604, 4.992496, 5.409205, 6.589295, 6.211106, 4.432216, 4.607304, 9.236618, 5.934467, 3.497249, 9.6008, 3.231116, 5.395198, 6.246123, 7.657329, 9.485243, 8.809405, 7.468234, 3.038519, 4.666833, 6.51926, 8.168584, 9.593797, 6.372186, 8.564282, 5.370685, 5.328664, 8.721861, 3.833417, 5.825913, 6.813407, 3.147074, 6.008004, 5.178089],