{"posteriors": {"CD_H_t": [0.991308551425, 0.821385230872, 0.895207534589, 0.816159359893, 0.711861976996, 0.681496916153, 0.74585764294, 0.991528588098, 0.973320553426, 0.856261043507, 0.70108018003, 0.711916986164, 0.679956659443, 0.787444574096, 0.959898316386, 0.96220870145, 0.926892815469, 0.807357892982, 0.982177029505, 0.839923320553], "MG_L_t": [5.941990331722, 4.251041840307, 2.424070678446, 5.805967661277, 5.195199199867, 7.650275045841, 6.863477246208, 2.198699783297, 5.428571428571, 7.888981496916, 3.105517586264, 5.128521420237, 8.725120853476, 6.22337056176, 4.96582763794, 5.543257209535, 3.897649608268, 3.232205367561, 4.177696282714, 2.360060010002], "MG_M_t": [12.132855475913, 5.575095849308, 8.398899816636, 8.813968994832, 7.603767294549, 8.870645107518, 8.145524254042, 7.418736456076, 7.497082847141, 13.971495249208, 5.370061676946, 11.601100183364, 10.450908484747, 7.613768961494, 6.918653108851, 12.001166861144, 10.965994332389, 7.848808134689, 8.688948158026, 5.656776129355], "MG_H_t": [20.640106684447, 36.56942823804, 28.15135855976, 37.849641606934, 34.282380396733, 28.298049674946, 23.47391231872, 37.596266044341, 25.690948491415, 34.679113185531, 36.039339889982, 26.517752958826, 27.081180196699, 38.913152192032, 33.848974829138, 27.427904650775, 27.457909651609, 38.656442740457, 34.69911651942, 22.923820636773], "maturity_t": [0.686147691282, 0.692148691449, 0.718686447741, 0.711151858643, 0.721886981164, 0.904784130688, 0.91345224204, 0.767361226871, 0.742023670612, 0.60893482247, 0.833572262044, 0.687547924654, 0.710151691949, 0.628604767461, 0.757759626604, 0.76576096016, 0.765960993499, 0.995132522087, 0.868244707451, 0.606734455743], "B_Mo": [5.6521087e-05, 7.4764127e-05, 5.612102e-05, 6.4062344e-05, 6.1861977e-05, 6.9863311e-05, 5.2080347e-05, 5.264044e-05, 5.6041007e-05, 7.7544591e-05, 6.4542424e-05, 0.000105249208, 8.3545591e-05, 9.6767795e-05, 7.3943991e-05, 0.000104329055, 5.1640273e-05, 0.000165699283, 0.00015709785, 8.5045841e-05], "a_Mo": [13.383897316219, 29.523253875646, 13.1171861977, 29.653275545924, 21.435239206534, 29.423237206201, 17.337889648275, 19.77829638273, 19.031505250875, 12.837139523254, 28.769794965828, 10.036672778796, 25.352558759793, 11.150191698616, 28.089681613602, 10.363393898983, 22.998833138856, 12.690448408068, 11.566927821304, 21.26854475746], "a_Diff": [1.122020336723, 4.368561426904, 2.291548591432, 2.943657276213, 2.336222703784, 1.247374562427, 3.505750958493, 1.376062677113, 2.602267044507, 1.448074679113, 1.609434905818, 1.543423903984, 2.80363393899, 2.20353392232, 4.071178529755, 1.258043007168, 1.71345224204, 3.883813968995, 2.761626937823, 2.868311385231], "a_c_Mo": [11.891148524754, 13.478913152192, 7.810468411402, 17.854642440407, 8.320553425571, 11.688614769128, 18.679779963327, 19.217369561594, 18.52975495916, 16.421903650608, 15.481746957826, 13.048841473579, 6.467744624104, 13.753958993166, 12.376229371562, 10.775962660443, 9.725787631272, 18.457242873812, 10.038339723287, 11.251041840307], "b_BMP": [0.00321770295, 0.003053675613, 0.00246757793, 0.003583097183, 0.004540590098, 0.001080680113, 0.002190865144, 0.003319719953, 0.001639439907, 0.00198949825, 0.001975495916, 0.003200366728, 0.004663943991, 0.001475412569, 0.004441906984, 0.003081013502, 0.003687781297, 0.002150191699, 0.00270361727, 0.001226704451], "b_TGF": [0.044712452075, 0.031863643941, 0.045099183197, 0.023535589265, 0.026869478246, 0.047866311052, 0.026762793799, 0.0463993999, 0.042558759793, 0.048399733289, 0.014134022337, 0.020428404734, 0.01068678113, 0.043065510918, 0.032083680613, 0.039751625271, 0.015054175696, 0.037244540757, 0.04387897983, 0.040738456409], "a_m_OC": [0.744707451242, 0.506834472412, 0.503250541757, 0.529004834139, 0.523753958993, 0.50366727788, 0.513668944824, 0.584847474579, 0.537756292715, 0.639856642774, 0.526254375729, 0.597182863811, 0.567344557426, 0.523920653442, 0.537172862144, 0.666027671279, 0.500500083347, 0.519253208868, 0.519003167195, 0.508751458576], "a_m_ALP": [0.967077846308, 0.66569428238, 0.901316886148, 0.844474079013, 0.767877979663, 0.958243040507, 0.665777629605, 0.833305550925, 0.753625604267, 0.927154525754, 0.756542757126, 0.905734289048, 0.764710785131, 0.943073845641, 0.570178363061, 0.947407901317, 0.834639106518, 0.529921653609, 0.607684614102, 0.877146191032], "B_Pr": [0.056314885814, 0.029412735456, 0.042538256376, 0.036171861977, 0.072571928655, 0.073357392899, 0.052005167528, 0.06920270045, 0.059611768628, 0.068127854642, 0.06122403734, 0.040874312385, 0.073791465244, 0.035634439073, 0.031676112685, 0.041287714619, 0.04387147858, 0.046858309718, 0.061420403401, 0.066773962327], "c_weight": [2.769362e-06, 3.278846e-06, 2.574929e-06, 3.254542e-06, 2.861177e-06, 2.960193e-06, 2.529022e-06, 2.45971e-06, 2.766661e-06, 3.140223e-06, 3.289648e-06, 2.69735e-06, 3.165428e-06, 3.247341e-06, 2.839573e-06, 3.071812e-06, 2.867478e-06, 3.105118e-06, 3.12132e-06, 3.225738e-06]}}