{
    "top_param_sets": [
        {
            "CD_H_t": 0.7579559118236473,
            "MG_L_t": 9.919839679358716,
            "MG_M_t": 12.394789579158317,
            "MG_H_t": 30.501002004008015,
            "maturity_t": 0.7274549098196392,
            "B_Mo": 0.00013032064128256515,
            "a_Mo": 9.018036072144287,
            "a_Diff": 2.2044088176352705,
            "a_c_Mo": 7.4188376753507015,
            "b_BMP": 0.06627254509018037,
            "b_TGF": 0.05238476953907817,
            "a_m_OC": 0.7965931863727456,
            "a_m_ALP": 0.5891783567134269,
            "B_Pr": 0.047713426853707414,
            "c_weight": 2.840080160320641e-06
        },
        {
            "CD_H_t": 0.9523847695390781,
            "MG_L_t": 2.881763527054108,
            "MG_M_t": 5.020040080160321,
            "MG_H_t": 32.86573146292585,
            "maturity_t": 0.6312625250501002,
            "B_Mo": 0.00013488977955911826,
            "a_Mo": 9.3687374749499,
            "a_Diff": 3.3286573146292584,
            "a_c_Mo": 8.957915831663327,
            "b_BMP": 0.06555110220440882,
            "b_TGF": 0.09224448897795592,
            "a_m_OC": 0.6743486973947896,
            "a_m_ALP": 0.7354709418837675,
            "B_Pr": 0.05827454909819639,
            "c_weight": 3.1214428857715436e-06
        },
        {
            "CD_H_t": 0.9537074148296594,
            "MG_L_t": 4.789579158316633,
            "MG_M_t": 14.639278557114228,
            "MG_H_t": 23.286573146292586,
            "maturity_t": 0.9278557114228457,
            "B_Mo": 0.00016879759519038078,
            "a_Mo": 6.05811623246493,
            "a_Diff": 2.9198396793587174,
            "a_c_Mo": 3.2184368737474953,
            "b_BMP": 0.05292585170340682,
            "b_TGF": 0.04679358717434871,
            "a_m_OC": 0.625250501002004,
            "a_m_ALP": 0.7104208416833667,
            "B_Pr": 0.05578957915831663,
            "c_weight": 3.348697394789579e-06
        },
        {
            "CD_H_t": 0.9609819639278557,
            "MG_L_t": 9.150300601202405,
            "MG_M_t": 12.314629258517034,
            "MG_H_t": 21.92384769539078,
            "maturity_t": 0.8336673346693386,
            "B_Mo": 0.00016374749498997997,
            "a_Mo": 5.132264529058117,
            "a_Diff": 4.981963927855711,
            "a_c_Mo": 8.396793587174349,
            "b_BMP": 0.037054108216432874,
            "b_TGF": 0.017935871743486976,
            "a_m_OC": 0.6132264529058116,
            "a_m_ALP": 0.7845691382765532,
            "B_Pr": 0.03740080160320641,
            "c_weight": 2.850901803607214e-06
        },
        {
            "CD_H_t": 0.8029258517034068,
            "MG_L_t": 5.49498997995992,
            "MG_M_t": 9.048096192384769,
            "MG_H_t": 34.589178356713425,
            "maturity_t": 0.7354709418837675,
            "B_Mo": 9.7374749498998e-05,
            "a_Mo": 5.034068136272545,
            "a_Diff": 2.468937875751503,
            "a_c_Mo": 4.8216432865731464,
            "b_BMP": 0.019198396793587175,
            "b_TGF": 0.016312625250501003,
            "a_m_OC": 0.5150300601202404,
            "a_m_ALP": 0.9258517034068137,
            "B_Pr": 0.0818817635270541,
            "c_weight": 2.309819639278557e-06
        },
        {
            "CD_H_t": 0.7447294589178357,
            "MG_L_t": 3.571142284569138,
            "MG_M_t": 13.977955911823647,
            "MG_H_t": 28.13627254509018,
            "maturity_t": 0.8997995991983968,
            "B_Mo": 0.00011108216432865732,
            "a_Mo": 9.579158316633267,
            "a_Diff": 2.0480961923847696,
            "a_c_Mo": 7.88376753507014,
            "b_BMP": 0.041202404809619245,
            "b_TGF": 0.0709619238476954,
            "a_m_OC": 0.9048096192384769,
            "a_m_ALP": 0.7735470941883767,
            "B_Pr": 0.07852705410821643,
            "c_weight": 3.034869739478958e-06
        },
        {
            "CD_H_t": 0.7255511022044089,
            "MG_L_t": 5.318637274549099,
            "MG_M_t": 9.589178356713427,
            "MG_H_t": 24.3687374749499,
            "maturity_t": 0.7334669338677354,
            "B_Mo": 0.00013777555110220443,
            "a_Mo": 4.7114228456913825,
            "a_Diff": 2.5410821643286576,
            "a_c_Mo": 8.509018036072145,
            "b_BMP": 0.05238476953907817,
            "b_TGF": 0.08845691382765532,
            "a_m_OC": 0.5290581162324649,
            "a_m_ALP": 0.657314629258517,
            "B_Pr": 0.028827655310621245,
            "c_weight": 2.980761523046092e-06
        },
        {
            "CD_H_t": 0.6799198396793588,
            "MG_L_t": 3.74749498997996,
            "MG_M_t": 12.875751503006011,
            "MG_H_t": 28.216432865731463,
            "maturity_t": 0.7655310621242485,
            "B_Mo": 0.00011709418837675353,
            "a_Mo": 6.296593186372746,
            "a_Diff": 2.156312625250501,
            "a_c_Mo": 8.909819639278556,
            "b_BMP": 0.053827655310621246,
            "b_TGF": 0.0886372745490982,
            "a_m_OC": 0.657314629258517,
            "a_m_ALP": 0.9959919839679359,
            "B_Pr": 0.06734468937875751,
            "c_weight": 2.807615230460922e-06
        },
        {
            "CD_H_t": 0.6819038076152305,
            "MG_L_t": 5.014028056112224,
            "MG_M_t": 6.2825651302605205,
            "MG_H_t": 34.74949899799599,
            "maturity_t": 0.7114228456913828,
            "B_Mo": 0.00011348697394789579,
            "a_Mo": 5.721442885771543,
            "a_Diff": 3.250501002004008,
            "a_c_Mo": 8.701402805611222,
            "b_BMP": 0.0709619238476954,
            "b_TGF": 0.057254509018036075,
            "a_m_OC": 0.6082164328657315,
            "a_m_ALP": 0.9699398797595191,
            "B_Pr": 0.031188376753507017,
            "c_weight": 3.2837675350701406e-06
        },
        {
            "CD_H_t": 0.718937875751503,
            "MG_L_t": 6.777555110220441,
            "MG_M_t": 13.737474949899799,
            "MG_H_t": 35.51102204408818,
            "maturity_t": 0.6513026052104208,
            "B_Mo": 0.00015388777555110222,
            "a_Mo": 5.819639278557114,
            "a_Diff": 2.835671342685371,
            "a_c_Mo": 6.008016032064128,
            "b_BMP": 0.01685370741482966,
            "b_TGF": 0.09170340681362726,
            "a_m_OC": 0.7665330661322645,
            "a_m_ALP": 0.8206412825651302,
            "B_Pr": 0.06448697394789579,
            "c_weight": 3.0456913827655312e-06
        },
        {
            "CD_H_t": 0.9127054108216432,
            "MG_L_t": 2.096192384769539,
            "MG_M_t": 5.5811623246492985,
            "MG_H_t": 37.394789579158314,
            "maturity_t": 0.9198396793587175,
            "B_Mo": 9.857715430861724e-05,
            "a_Mo": 7.306613226452906,
            "a_Diff": 4.849699398797595,
            "a_c_Mo": 2.2244488977955914,
            "b_BMP": 0.03308617234468938,
            "b_TGF": 0.06555110220440882,
            "a_m_OC": 0.5320641282565131,
            "a_m_ALP": 0.7414829659318637,
            "B_Pr": 0.030567134268537074,
            "c_weight": 3.1322645290581167e-06
        },
        {
            "CD_H_t": 0.7632464929859719,
            "MG_L_t": 5.559118236472946,
            "MG_M_t": 10.01002004008016,
            "MG_H_t": 33.02605210420842,
            "maturity_t": 0.8917835671342685,
            "B_Mo": 0.00011084168336673347,
            "a_Mo": 8.975951903807616,
            "a_Diff": 3.743486973947896,
            "a_c_Mo": 8.637274549098198,
            "b_BMP": 0.04264529058116233,
            "b_TGF": 0.053466933867735475,
            "a_m_OC": 0.7064128256513026,
            "a_m_ALP": 0.6673346693386774,
            "B_Pr": 0.041128256513026054,
            "c_weight": 3.0781563126252504e-06
        },
        {
            "CD_H_t": 0.8273947895791584,
            "MG_L_t": 4.484969939879759,