{
    "top_param_sets": [
        {
            "CD_H_t": 0.9913085514252375,
            "MG_L_t": 5.941990331721954,
            "MG_M_t": 12.132855475912653,
            "MG_H_t": 20.640106684447407,
            "maturity_t": 0.6861476912818802,
            "B_Mo": 5.6521086847807974e-05,
            "a_Mo": 13.38389731621937,
            "a_Diff": 1.1220203367227872,
            "a_c_Mo": 11.891148524754126,
            "b_BMP": 0.0032177029504917485,
            "b_TGF": 0.044712452075345896,
            "a_m_OC": 0.7447074512418737,
            "a_m_ALP": 0.9670778463077179,
            "B_Pr": 0.056314885814302384,
            "c_weight": 2.769361560260043e-06
        },
        {
            "CD_H_t": 0.8213852308718119,
            "MG_L_t": 4.251041840306717,
            "MG_M_t": 5.575095849308218,
            "MG_H_t": 36.56942823803968,
            "maturity_t": 0.6921486914485747,
            "B_Mo": 7.47641273545591e-05,
            "a_Mo": 29.523253875645942,
            "a_Diff": 4.368561426904484,
            "a_c_Mo": 13.478913152192032,
            "b_BMP": 0.0030536756126021,
            "b_TGF": 0.03186364394065678,
            "a_m_OC": 0.5068344724120687,
            "a_m_ALP": 0.6656942823803967,
            "B_Pr": 0.02941273545590932,
            "c_weight": 3.2788464744124022e-06
        },
        {
            "CD_H_t": 0.8952075345890982,
            "MG_L_t": 2.424070678446408,
            "MG_M_t": 8.398899816636106,
            "MG_H_t": 28.15135855975996,
            "maturity_t": 0.7186864477412902,
            "B_Mo": 5.612102017002834e-05,
            "a_Mo": 13.117186197699617,
            "a_Diff": 2.2915485914319054,
            "a_c_Mo": 7.8104684114019,
            "b_BMP": 0.0024675779296549427,
            "b_TGF": 0.045099183197199535,
            "a_m_OC": 0.5032505417569595,
            "a_m_ALP": 0.9013168861476912,
            "B_Pr": 0.04253825637606268,
            "c_weight": 2.574929154859143e-06
        },
        {
            "CD_H_t": 0.8161593598933156,
            "MG_L_t": 5.805967661276879,
            "MG_M_t": 8.813968994832472,
            "MG_H_t": 37.84964160693449,
            "maturity_t": 0.7111518586431071,
            "B_Mo": 6.4062343723954e-05,
            "a_Mo": 29.65327554592432,
            "a_Diff": 2.943657276212702,
            "a_c_Mo": 17.854642440406735,
            "b_BMP": 0.003583097182863811,
            "b_TGF": 0.02353558926487748,
            "a_m_OC": 0.5290048341390232,
            "a_m_ALP": 0.8444740790131688,
            "B_Pr": 0.036171861976996164,
            "c_weight": 3.254542423737289e-06
        },
        {
            "CD_H_t": 0.711861976996166,
            "MG_L_t": 5.195199199866645,
            "MG_M_t": 7.603767294549091,
            "MG_H_t": 34.28238039673279,
            "maturity_t": 0.7218869811635272,
            "B_Mo": 6.186197699616604e-05,
            "a_Mo": 21.435239206534423,
            "a_Diff": 2.336222703783964,
            "a_c_Mo": 8.320553425570928,
            "b_BMP": 0.004540590098349725,
            "b_TGF": 0.026869478246374395,
            "a_m_OC": 0.5237539589931656,
            "a_m_ALP": 0.7678779796632772,
            "B_Pr": 0.0725719286547758,
            "c_weight": 2.861176862810468e-06
        },
        {
            "CD_H_t": 0.6814969161526921,
            "MG_L_t": 7.650275045840973,
            "MG_M_t": 8.87064510751792,
            "MG_H_t": 28.298049674945823,
            "maturity_t": 0.9047841306884481,
            "B_Mo": 6.986331055175863e-05,
            "a_Mo": 29.423237206201033,
            "a_Diff": 1.2473745624270711,
            "a_c_Mo": 11.688614769128188,
            "b_BMP": 0.0010806801133522255,
            "b_TGF": 0.04786631105184198,
            "a_m_OC": 0.5036672778796466,
            "a_m_ALP": 0.9582430405067511,
            "B_Pr": 0.07335739289881647,
            "c_weight": 2.960193365560927e-06
        },
        {
            "CD_H_t": 0.7458576429404901,
            "MG_L_t": 6.863477246207701,
            "MG_M_t": 8.145524254042341,
            "MG_H_t": 23.473912318719787,
            "maturity_t": 0.91345224204034,
            "B_Mo": 5.2080346724454075e-05,
            "a_Mo": 17.33788964827471,
            "a_Diff": 3.505750958493082,
            "a_c_Mo": 18.67977996332722,
            "b_BMP": 0.0021908651441906986,
            "b_TGF": 0.026762793798966497,
            "a_m_OC": 0.5136689448241374,
            "a_m_ALP": 0.6657776296049341,
            "B_Pr": 0.05200516752792132,
            "c_weight": 2.5290215035839306e-06
        },
        {
            "CD_H_t": 0.9915285880980164,
            "MG_L_t": 2.1986997832972164,
            "MG_M_t": 7.4187364560760125,
            "MG_H_t": 37.59626604434072,
            "maturity_t": 0.7673612268711452,
            "B_Mo": 5.264044007334556e-05,
            "a_Mo": 19.778296382730453,
            "a_Diff": 1.3760626771128521,
            "a_c_Mo": 19.2173695615936,
            "b_BMP": 0.0033197199533255544,
            "b_TGF": 0.04639939989998333,
            "a_m_OC": 0.5848474745790965,
            "a_m_ALP": 0.8333055509251541,
            "B_Pr": 0.06920270045007501,
            "c_weight": 2.4597099516586098e-06
        },
        {
            "CD_H_t": 0.9733205534255709,
            "MG_L_t": 5.428571428571429,
            "MG_M_t": 7.49708284714119,
            "MG_H_t": 25.690948491415234,
            "maturity_t": 0.7420236706117687,
            "B_Mo": 5.6041006834472415e-05,
            "a_Mo": 19.031505250875146,
            "a_Diff": 2.6022670445074176,
            "a_c_Mo": 18.52975495915986,
            "b_BMP": 0.0016394399066511085,
            "b_TGF": 0.042558759793298886,
            "a_m_OC": 0.5377562927154526,
            "a_m_ALP": 0.7536256042673779,
            "B_Pr": 0.05961176862810469,
            "c_weight": 2.766661110185031e-06
        },
        {
            "CD_H_t": 0.8562610435072512,
            "MG_L_t": 7.888981496916153,
            "MG_M_t": 13.971495249208202,
            "MG_H_t": 34.67911318553092,
            "maturity_t": 0.6089348224704118,
            "B_Mo": 7.754459076512752e-05,
            "a_Mo": 12.837139523253875,
            "a_Diff": 1.4480746791131855,
            "a_c_Mo": 16.421903650608435,
            "b_BMP": 0.0019894982497082846,
            "b_TGF": 0.04839973328888148,
            "a_m_OC": 0.6398566427737956,
            "a_m_ALP": 0.9271545257542924,
            "B_Pr": 0.06812785464244041,
            "c_weight": 3.1402233705617606e-06
        },
        {
            "CD_H_t": 0.701080180030005,
            "MG_L_t": 3.1055175862643773,
            "MG_M_t": 5.3700616769461575,
            "MG_H_t": 36.03933988998166,
            "maturity_t": 0.833572262043674,
            "B_Mo": 6.454242373728955e-05,
            "a_Mo": 28.769794965827636,
            "a_Diff": 1.6094349058176363,
            "a_c_Mo": 15.481746957826305,
            "b_BMP": 0.001975495915985998,
            "b_TGF": 0.014134022337056178,
            "a_m_OC": 0.5262543757292882,
            "a_m_ALP": 0.7565427571261877,
            "B_Pr": 0.061224037339556586,
            "c_weight": 3.2896482747124523e-06
        },
        {
            "CD_H_t": 0.7119169861643607,
            "MG_L_t": 5.128521420236706,
            "MG_M_t": 11.601100183363894,
            "MG_H_t": 26.51775295882647,
            "maturity_t": 0.687547924654109,
            "B_Mo": 0.00010524920820136691,
            "a_Mo": 10.036672778796467,
            "a_Diff": 1.5434239039839972,
            "a_c_Mo": 13.048841473578928,
            "b_BMP": 0.003200366727787965,
            "b_TGF": 0.020428404734122354,
            "a_m_OC": 0.5971828638106351,
            "a_m_ALP": 0.9057342890481748,
            "B_Pr": 0.04087431238539757,
            "c_weight": 2.6973495582597096e-06
        },
        {
            "CD_H_t": 0.6799566594432406,
            "MG_L_t": 8.72512085347558,