{
  "MG_L_t": 0.004094987814326107,
  "MG_M_t": 4.440889077528411e-05,
  "maturity_t": 0.004179908711916613,
  "a_Diff": 0.28944793043083056,
  "a_P": 0.042529018372830435,
  "a_m_OC": 0.0007836146541688304,
  "a_m_ALP": 7.222954502557111e-06,
  "c_weight": 0.001011468742226471,
  "CD_H_t": 0.00026171851935362746,
  "a_Pr_Mo": 0.10423227024486242,
  "MG_H_t": 0.07939851700823385,
  "pH_t": 0.0035726389813935636,
  "a_TGF_nTGF": 0.0032753436768052304,
  "B_Pr": 0.027104651586760297,
  "b_BMP": 0.12103684879520207,
  "b_TGF": 0.010039713269663597,
  "a_BMP_nBMP": 0.1949850111538046,
  "a_Mo": 0.09759018182184702
}