{"MG_L_t": 0.002614561907342003, "a_m_OC": 0.07473387783135624, "CD_H_t": 0.04992782419877511, "a_Pr_Mo": 0.4810935937096412, "MG_H_t": 0.20020963454303486}