{"medians": {"MG_L_t": 3.8618618618619998, "a_m_OC": 0.6203703703704999, "CD_H_t": 0.8226126126125, "a_Pr_Mo": 6.001001001001001, "MG_H_t": 30.730730730731}}