{"posteriors": {"MG_L_t": [3.225225225225, 2.712712712713, 4.09009009009, 2.376376376376, 4.21021021021, 4.634634634635, 3.793793793794, 8.630630630631, 9.327327327327, 3.169169169169, 4.298298298298, 2.632632632633, 8.334334334334, 8.750750750751, 2.752752752753, 3.721721721722, 2.552552552553, 3.401401401401, 4.194194194194, 2.592592592593, 4.25025025025, 6.868868868869, 3.105105105105, 5.291291291291, 3.049049049049, 4.698698698699, 4.946946946947, 2.408408408408, 2.328328328328, 7.429429429429, 6.988988988989, 2.800800800801, 2.720720720721, 3.265265265265, 4.610610610611, 3.345345345345, 5.203203203203, 2.696696696697, 6.548548548549, 3.505505505506, 4.242242242242, 3.321321321321, 3.137137137137, 9.927927927928, 2.256256256256, 2.024024024024, 3.92992992993, 7.237237237237, 4.082082082082, 4.602602602603], "a_m_OC": [0.683683683684, 0.582082082082, 0.676176176176, 0.588588588589, 0.783783783784, 0.532032032032, 0.567567567568, 0.614114114114, 0.608108108108, 0.87987987988, 0.56006006006, 0.626626626627, 0.523023023023, 0.712712712713, 0.771771771772, 0.50950950951, 0.686186186186, 0.651651651652, 0.608608608609, 0.961961961962, 0.736236236236, 0.510510510511, 0.600600600601, 0.817317317317, 0.758758758759, 0.538538538539, 0.652652652653, 0.579079079079, 0.546546546547, 0.513513513514, 0.808808808809, 0.97047047047, 0.596096096096, 0.649149149149, 0.977477477477, 0.714714714715, 0.954454454454, 0.91041041041, 0.584584584585, 0.574074074074, 0.591091091091, 0.852352352352, 0.574574574575, 0.556556556557, 0.872872872873, 0.565565565566, 0.633133133133, 0.585585585586, 0.776276276276, 0.606606606607], "CD_H_t": [0.714924924925, 0.860600600601, 0.902222222222, 0.69048048048, 0.914774774775, 0.904534534535, 0.901231231231, 0.924024024024, 0.871171171171, 0.762162162162, 0.783303303303, 0.745645645646, 0.905855855856, 0.930960960961, 0.937897897898, 0.787927927928, 0.796846846847, 0.958708708709, 0.698078078078, 0.801471471471, 0.878108108108, 0.88009009009, 0.809399399399, 0.808738738739, 0.716576576577, 0.83978978979, 0.689489489489, 0.717897897898, 0.998348348348, 0.845075075075, 0.916756756757, 0.752252252252, 0.703693693694, 0.805435435435, 0.87018018018, 0.750600600601, 0.827897897898, 0.920720720721, 0.761831831832, 0.973243243243, 0.904864864865, 0.794864864865, 0.788258258258, 0.763153153153, 0.828558558559, 0.89990990991, 0.817327327327, 0.742672672673, 0.805765765766, 0.867207207207], "a_Pr_Mo": [0.900900900901, 3.313313313313, 4.914914914915, 8.888888888889, 8.048048048048, 9.449449449449, 3.743743743744, 9.269269269269, 2.892892892893, 7.337337337337, 0.960960960961, 9.71971971972, 2.612612612613, 1.521521521522, 7.307307307307, 7.327327327327, 3.683683683684, 4.414414414414, 7.127127127127, 7.767767767768, 6.266266266266, 1.931931931932, 2.122122122122, 9.85985985986, 5.735735735736, 7.297297297297, 9.199199199199, 4.404404404404, 7.937937937938, 8.808808808809, 9.77977977978, 4.284284284284, 6.436436436436, 0.830830830831, 1.661661661662, 3.533533533534, 6.906906906907, 5.545545545546, 9.069069069069, 1.071071071071, 6.896896896897, 6.496496496496, 9.129129129129, 1.881881881882, 6.476476476476, 0.44044044044, 2.692692692693, 6.936936936937, 1.091091091091, 1.021021021021], "MG_H_t": [32.492492492492, 39.71971971972, 32.712712712713, 32.992992992993, 24.344344344344, 24.684684684685, 26.366366366366, 27.867867867868, 38.198198198198, 31.371371371371, 30.29029029029, 33.873873873874, 37.777777777778, 39.059059059059, 20.640640640641, 30.910910910911, 38.778778778779, 33.293293293293, 33.453453453453, 30.770770770771, 21.601601601602, 34.734734734735, 26.726726726727, 32.932932932933, 28.848848848849, 34.234234234234, 20.600600600601, 29.309309309309, 27.527527527528, 37.677677677678, 30.31031031031, 22.202202202202, 32.912912912913, 24.664664664665, 22.222222222222, 21.941941941942, 28.028028028028, 23.123123123123, 20.720720720721, 37.237237237237, 27.167167167167, 33.333333333333, 34.074074074074, 35.055055055055, 34.634634634635, 30.690690690691, 29.129129129129, 25.725725725726, 27.307307307307, 33.153153153153]}}