{
  "MG_L_t": 0.057427919080408445,
  "MG_M_t": 0.0004735471126771286,
  "maturity_t": 0.10509750295465868,
  "CD_H_t": 0.01933655977004983,
  "a_c_Mo": 0.004477619504284759,
  "MG_H_t": 0.001795945502878842,
  "a_Pr_Mo": 0.004487599476266998,
  "pH_t": 0.037050006088094584,
  "a_P": 0.2861271624871543,
  "a_Mo": 0.9098409018917156,
  "B_Pr": 0.6179169094414345,
  "a_m_OC": 0.15935678085148108,
  "c_weight": 0.3588819100488027
}