{"B_Pr": 4.131259262399494e-13, "a_P": 7.523790832075709e-18, "a_m_ALP": 0.8666433355666823, "a_Mo": 0.3725271047347257, "b_BMP": 0.04468846647531798, "B_Mo": 0.3671642124173955, "a_Diff": 0.2977321635462424, "c_weight": 0.335219162500628}