{"medians": {"B_Pr": 0.028478478478499998, "a_P": 1.9794794794794999, "a_m_ALP": 0.7645145145145, "a_Mo": 5.5305305305305, "b_BMP": 0.0317792792795, "B_Mo": 0.000654954955, "a_Diff": 5.6981981981985, "c_weight": 0.00040045045050000005}}