{"posteriors": {"B_Pr": [0.027516516517, 0.042225225225, 0.025840840841, 0.029564564565, 0.021248248248, 0.032171171171, 0.023792792793, 0.036329329329, 0.035274274274, 0.030991991992, 0.0227997998, 0.030433433433, 0.032481481481, 0.042349349349, 0.021, 0.026337337337, 0.036391391391, 0.031426426426, 0.026895895896, 0.040487487487, 0.022985985986, 0.033226226226, 0.021682682683, 0.030309309309, 0.027950950951, 0.043342342342, 0.026027027027, 0.030495495495, 0.024165165165, 0.021124124124, 0.023358358358, 0.026771771772, 0.022551551552, 0.031736736737, 0.027082082082, 0.04054954955, 0.021992992993, 0.03061961962, 0.03726026026, 0.039122122122, 0.023172172172, 0.029006006006, 0.022489489489, 0.040735735736, 0.022179179179, 0.05141041041, 0.025778778779, 0.054327327327, 0.025530530531, 0.025902902903], "a_P": [1.931931931932, 1.19019019019, 2.464464464464, 1.551551551552, 3.073073073073, 1.456456456456, 4.537537537538, 1.77977977978, 2.122122122122, 1.912912912913, 2.787787787788, 1.095095095095, 2.027027027027, 1.437437437437, 3.814814814815, 2.55955955956, 1.570570570571, 1.266266266266, 1.247247247247, 1.133133133133, 1.760760760761, 1.019019019019, 1.950950950951, 1.323323323323, 2.863863863864, 1.665665665666, 1.171171171171, 2.977977977978, 1.798798798799, 5.716716716717, 1.304304304304, 4.784784784785, 8.892892892893, 2.882882882883, 3.054054054054, 1.58958958959, 1.646646646647, 3.206206206206, 2.084084084084, 2.198198198198, 5.944944944945, 4.157157157157, 1.152152152152, 2.008008008008, 7.5995995996, 1.228228228228, 4.974974974975, 1.285285285285, 6.534534534535, 9.083083083083], "a_m_ALP": [0.671171171171, 0.742242242242, 0.519019019019, 0.932932932933, 0.767767767768, 0.683683683684, 0.547547547548, 0.909409409409, 0.952452452452, 0.782782782783, 0.896396396396, 0.90990990991, 0.828328328328, 0.982982982983, 0.676676676677, 0.776276276276, 0.673173173173, 0.978978978979, 0.685685685686, 0.621121121121, 0.592592592593, 0.955455455455, 0.57957957958, 0.631631631632, 0.716216216216, 0.802802802803, 0.948948948949, 0.782282282282, 0.733233233233, 0.595595595596, 0.542542542543, 0.668668668669, 0.61961961962, 0.827327327327, 0.763763763764, 0.838338338338, 0.536536536537, 0.554554554555, 0.634134134134, 0.865865865866, 0.615115115115, 0.982482482482, 0.986986986987, 0.836336336336, 0.825325325325, 0.643643643644, 0.695695695696, 0.99049049049, 0.765265265265, 0.985485485485], "a_Mo": [8.858858858859, 3.133133133133, 5.415415415415, 2.992992992993, 2.542542542543, 9.86986986987, 9.459459459459, 5.645645645646, 9.109109109109, 9.389389389389, 7.827827827828, 0.42042042042, 9.499499499499, 2.622622622623, 2.302302302302, 9.58958958959, 2.842842842843, 3.413413413413, 6.976976976977, 0.550550550551, 0.970970970971, 2.802802802803, 3.293293293293, 6.446446446446, 9.76976976977, 7.297297297297, 4.324324324324, 1.551551551552, 5.025025025025, 7.547547547548, 3.013013013013, 4.834834834835, 9.88988988989, 2.132132132132, 4.524524524525, 1.271271271271, 6.456456456456, 3.883883883884, 8.488488488488, 6.286286286286, 7.417417417417, 1.211211211211, 6.126126126126, 8.908908908909, 9.299299299299, 1.941941941942, 9.039039039039, 3.433433433433, 6.776776776777, 8.918918918919], "b_BMP": [0.040675675676, 0.048243243243, 0.049369369369, 0.02990990991, 0.037747747748, 0.046846846847, 0.022387387387, 0.017522522523, 0.041216216216, 0.017837837838, 0.033648648649, 0.048198198198, 0.008378378378, 0.007072072072, 0.013243243243, 0.007927927928, 0.015720720721, 0.023018018018, 0.042297297297, 0.029594594595, 0.028468468468, 0.007207207207, 0.034369369369, 0.006126126126, 0.03963963964, 0.013153153153, 0.037972972973, 0.045045045045, 0.048333333333, 0.042522522523, 0.043693693694, 0.044369369369, 0.015, 0.045630630631, 0.01545045045, 0.036306306306, 0.047072072072, 0.016801801802, 0.016486486486, 0.027657657658, 0.011171171171, 0.036711711712, 0.023693693694, 0.048063063063, 0.047747747748, 0.007162162162, 0.012882882883, 0.044774774775, 0.039504504505, 0.018288288288], "B_Mo": [0.000502702703, 0.000746846847, 0.000815315315, 0.000358558559, 0.000845945946, 0.000599099099, 0.000984684685, 0.00055045045, 0.000754954955, 0.000817117117, 0.000213513514, 0.000284684685, 0.000772972973, 0.00094954955, 0.000276576577, 0.000416216216, 0.000558558559, 0.000895495495, 0.000289189189, 0.000261261261, 0.000954954955, 0.000996396396, 0.000928828829, 0.000701801802, 0.000303603604, 0.000992792793, 0.000216216216, 0.000665765766, 0.000985585586, 0.000204504505, 0.000304504505, 0.00070990991, 0.000756756757, 0.000712612613, 0.000152252252, 0.000315315315, 0.000945945946, 0.000954054054, 0.000146846847, 0.00083963964, 0.000463063063, 0.000932432432, 0.000286486486, 0.000241441441, 0.000638738739, 0.000644144144, 0.00045045045, 0.00077027027, 0.000528828829, 0.000890990991], "a_Diff": [7.018018018018, 8.189189189189, 5.477477477477, 9.144144144144, 6.882882882883, 4.486486486486, 9.207207207207, 1.144144144144, 1.585585585586, 7.09009009009, 3.783783783784, 2.099099099099, 5.675675675676, 3.666666666667, 4.36036036036, 5.468468468468, 5.045045045045, 2.081081081081, 7.621621621622, 4.567567567568, 8.657657657658, 9.675675675676, 7.702702702703, 5.720720720721, 2.342342342342, 4.333333333333, 6.351351351351, 8.90990990991, 1.576576576577, 1.189189189189, 4.513513513514, 9.45045045045, 1.36036036036, 7.864864864865, 4.828828828829, 8.801801801802, 8.369369369369, 7.369369369369, 1.09009009009, 8.558558558559, 8.882882882883, 9.810810810811, 5.027027027027, 9.891891891892, 2.657657657658, 4.27027027027, 8.972972972973, 7.765765765766, 9.954954954955, 2.774774774775], "c_weight": [0.000982162162, 0.000806756757, 0.000303333333, 0.000820630631, 0.000792882883, 0.000185405405, 0.000512432432, 0.000962342342, 0.000124954955, 0.000692792793, 3.1801802e-05, 0.000541171171, 0.000449009009, 0.000356846847, 0.000296396396, 0.000119009009, 0.000902882883, 0.000245855856, 0.000334054054, 0.000503513514, 0.000425225225, 0.000178468468, 0.000263693694, 0.000854324324, 0.000802792793, 0.000787927928, 1.5945946e-05, 0.000305315315, 0.00016954955, 0.000415315315, 0.000352882883, 0.000377657658, 0.000576846847, 0.000746306306, 0.000544144144, 0.000385585586, 0.000607567568, 0.000214144144, 0.000617477477, 0.000805765766, 0.000736396396, 0.000291441441, 0.000213153153, 0.000367747748, 0.000565945946, 0.000846396396, 0.000313243243, 0.000189369369, 4.2702703e-05, 0.000236936937]}}