{"medians": {"MG_L_t": 4.7149429885980005, "MG_M_t": 12.216943388678, "a_c_Mo": 5.8871774354875, "b_BMP": 0.0042778555709999996, "b_TGF": 0.0249549909985}}