{"posteriors": {"MG_L_t": [3.795559111822, 3.987597519504, 9.987197439488, 3.024204840968, 2.347269453891, 6.248849769954, 9.380676135227, 2.480096019204, 7.681136227245, 7.591518303661, 7.169033806761, 4.494898979796, 3.009801960392, 5.30626125225, 2.833766753351, 7.482696539308, 3.0450090018, 5.749549909982, 3.398679735947, 3.557111422284, 9.361472294459, 4.358871774355, 9.48949789958, 5.240648129626, 2.601720344069, 2.225645129026, 8.980596119224, 4.30926185237, 6.692138427686, 8.103620724145, 6.567313462693, 5.586317263453, 7.311462292458, 2.131226245249, 9.279855971194, 4.565313062613, 2.72974594919, 6.544908981796, 3.899579915983, 3.28825765153, 9.607921584317, 4.259651930386, 3.917183436687, 4.037207441488, 7.946789357872, 3.573114622925, 4.864572914583, 9.119823964793, 2.516903380676, 3.721944388878, 2.174434886977, 3.121824364873, 9.948789757952, 4.27725545109, 6.730546109222, 5.579915983197, 5.666333266653, 9.819163832767, 5.098219643929, 7.893978795759, 2.336067213443, 2.646529305861, 2.04800960192, 3.081816363273, 9.372674534907, 2.003200640128, 6.005601120224, 5.399079815963, 3.253050610122, 5.163832766553, 3.046609321864, 4.365273054611, 8.196439287858, 2.137627525505, 2.05601120224, 3.497899579916, 4.461292258452, 7.069813962793, 9.430286057211, 2.726545309062, 2.884976995399, 5.155831166233, 6.269653930786, 7.636327265453, 7.871574314863, 2.441688337668, 3.897979595919, 7.852370474095, 9.443088617724, 3.486697339468, 3.965193038608, 4.53650730146, 2.265653130626, 7.55951190238, 6.196039207842, 6.824964992999, 8.526105221044, 7.687537507502, 6.309661932386, 2.358471694339], "MG_M_t": [10.204040808162, 14.008801760352, 11.875375075015, 11.513302660532, 10.412082416483, 14.339867973595, 12.896579315863, 13.053610722144, 10.258051610322, 12.668533706741, 13.834766953391, 14.377875575115, 10.799159831966, 14.756951390278, 11.20324064813, 12.313462692539, 13.010602120424, 12.733546709342, 14.309861972394, 11.869373874775, 14.558911782356, 10.639127825565, 10.957191438288, 10.323064612923, 13.055611122224, 13.235647129426, 10.903180636127, 13.74674934987, 11.424284856971, 11.882376475295, 10.0350070014, 10.087017403481, 11.388277655531, 13.060612122424, 10.918183636727, 14.556911382276, 12.222444488898, 11.734346869374, 10.835167033407, 12.932586517303, 10.974194838968, 10.922184436887, 10.554110822164, 14.924984996999, 14.178835767153, 10.256051210242, 11.720344068814, 14.802960592118, 11.865373074615, 14.721944388878, 14.627925585117, 14.542908581716, 12.48549709942, 10.180036007201, 13.947789557912, 13.77375475095, 13.76975395079, 11.367273454691, 14.907981596319, 10.364072814563, 13.367673534707, 11.073214642929, 13.922784556911, 10.00900180036, 13.634726945389, 13.897779555911, 12.175435087017, 13.491698339668, 11.057211442288, 12.875575115023, 13.538707741548, 11.323264652931, 14.742948589718, 13.836767353471, 10.945189037808, 12.211442288458, 11.157231446289, 11.782356471294, 10.289057811562, 10.100020004001, 10.721144228846, 11.420284056811, 11.426285257051, 12.862572514503, 12.020404080816, 12.674534906981, 12.245449089818, 14.441888377676, 10.123024604921, 12.697539507902, 11.790358071614, 10.967193438688, 14.718943788758, 14.060812162432, 10.523104620924, 12.855571114223, 11.499299859972, 14.394878975795, 10.666133226645, 13.318663732747], "a_c_Mo": [6.781356271254, 4.404880976195, 3.78475695139, 6.513302660532, 4.792958591718, 4.374874974995, 1.474294858972, 3.864772954591, 9.513902780556, 1.608321664333, 1.930386077215, 4.424884976995, 4.162832566513, 5.835167033407, 9.299859971994, 7.48149629926, 0.690138027606, 7.051410282056, 6.685337067413, 9.267853570714, 7.639527905581, 8.77575515103, 8.423684736947, 7.045409081816, 2.404480896179, 6.065213042609, 7.123424684937, 9.129825965193, 5.211042208442, 6.27725545109, 3.018603720744, 7.827565513103, 8.76375275055, 1.874374874975, 8.305661132226, 4.636927385477, 8.78575715143, 8.369673934787, 9.149829965993, 4.796959391878, 2.416483296659, 2.396479295859, 3.936787357471, 2.928585717143, 1.876375275055, 6.845369073815, 8.291658331666, 6.893378675735, 9.115823164633, 9.711942388478, 1.714342868574, 8.70374074815, 7.4374874975, 1.516303260652, 2.104420884177, 7.835567113423, 9.859971994399, 5.00100020004, 4.572914582917, 3.77075415083, 7.337467493499, 3.602720544109, 2.948589717944, 4.206841368274, 6.017203440688, 7.109421884377, 4.99699939988, 9.95199039808, 8.097619523905, 5.729145829166, 9.95399079816, 8.177635527105, 6.521304260852, 7.863572714543, 6.641328265653, 5.243048609722, 4.778955791158, 7.5375075015, 1.546309261852, 0.820164032807, 7.065413082617, 6.157231446289, 9.843968793759, 2.222444488898, 4.236847369474, 5.113022604521, 8.437687537508, 7.851570314063, 0.208041608322, 9.935987197439, 5.939187837568, 4.764952990598, 5.371074214843, 4.852970594119, 4.95299059812, 3.422684536907, 5.445089017804, 2.602520504101, 4.94098819764, 8.551710342068], "b_BMP": [0.004267053411, 0.004947989598, 0.002848369674, 0.003091618324, 0.00175215043, 0.003815763153, 0.004663932787, 0.002905181036, 0.003026005201, 0.004174234847, 0.004835167033, 0.004344668934, 0.003938187638, 0.002335467093, 0.004606321264, 0.004396679336, 0.004669533907, 0.003958991798, 0.002150630126, 0.00424544909, 0.004198239648, 0.003466893379, 0.00474154831, 0.004130226045, 0.003817363473, 0.004923184637, 0.004047009402, 0.004636727345, 0.003412482496, 0.004661532306, 0.004919183837, 0.003222844569, 0.002963592719, 0.002862772555, 0.004854370874, 0.003438887778, 0.004764752951, 0.004651130226, 0.004941588318, 0.004915983197, 0.004825565113, 0.004855971194, 0.003598119624, 0.002349069814, 0.004270254051, 0.003080416083, 0.004324664933, 0.002837967594, 0.003657331466, 0.004927185437, 0.004384676935, 0.003081216243, 0.004723944789, 0.003713342669, 0.004763152631, 0.004827165433, 0.002447489498, 0.003619723945, 0.004787157431, 0.004330266053, 0.004468693739, 0.004807961592, 0.001966593319, 0.004052610522, 0.004080616123, 0.004862372474, 0.004419083817, 0.004655931186, 0.003591718344, 0.004906381276, 0.004858371674, 0.004285457091, 0.004849569914, 0.00225145029, 0.004784756951, 0.004925585117, 0.002785957191, 0.004662332466, 0.002773154631, 0.003916583317, 0.003185237047, 0.003230046009, 0.002787557512, 0.004512702541, 0.004935187037, 0.004844768954, 0.004959191838, 0.00475515103, 0.003532506501, 0.002943588718, 0.004580716143, 0.004051810362, 0.003454090818, 0.004099019804, 0.004871174235, 0.003470894179, 0.00499919984, 0.004847969594, 0.004957591518, 0.004715143029],