{"MG_M_t": 0.011574888651637699, "maturity_t": 0.49853290887534696, "c_weight": 0.8451825727364759, "b_TGF": 0.3348885091038023, "a_m_OC": 0.9856286650309993}