{"medians": {"MG_M_t": 13.108108108107999, "maturity_t": 0.795795795796, "c_weight": 0.0005704054055, "b_TGF": 0.062193693694, "a_m_OC": 0.7362362362365}}