{"posteriors": {"MG_M_t": [12.717717717718, 13.568568568569, 10.930930930931, 12.087087087087, 14.399399399399, 13.668668668669, 11.521521521522, 10.425425425425, 13.973973973974, 13.683683683684, 10.980980980981, 14.064064064064, 14.384384384384, 11.766766766767, 14.089089089089, 11.131131131131, 14.81981981982, 12.627627627628, 13.358358358358, 11.376376376376, 14.91991991992, 12.807807807808, 12.762762762763, 12.987987987988, 14.494494494494, 14.369369369369, 13.153153153153, 12.672672672673, 10.620620620621, 10.235235235235, 11.436436436436, 14.464464464464, 13.853853853854, 13.283283283283, 14.844844844845, 13.458458458458, 12.897897897898, 13.613613613614, 13.463463463463, 13.723723723724, 11.256256256256, 12.122122122122, 13.003003003003, 13.828828828829, 12.782782782783, 13.898898898899, 13.833833833834, 12.732732732733, 13.063063063063, 12.972972972973], "maturity_t": [0.827427427427, 0.713713713714, 0.91031031031, 0.850650650651, 0.932332332332, 0.636836836837, 0.601601601602, 0.863463463463, 0.798998998999, 0.858258258258, 0.645245245245, 0.605605605606, 0.997997997998, 0.792592592593, 0.737337337337, 0.695295295295, 0.936336336336, 0.648848848849, 0.727327327327, 0.915915915916, 0.632032032032, 0.724124124124, 0.676476476476, 0.948748748749, 0.805805805806, 0.982382382382, 0.624824824825, 0.604804804805, 0.653253253253, 0.869469469469, 0.843443443443, 0.64004004004, 0.67047047047, 0.718518518519, 0.658858858859, 0.879079079079, 0.651651651652, 0.972772772773, 0.812212212212, 0.617617617618, 0.868668668669, 0.81981981982, 0.919119119119, 0.844244244244, 0.86026026026, 0.717317317317, 0.852252252252, 0.694094094094, 0.788588588589, 0.995995995996], "c_weight": [0.000790900901, 0.000542162162, 0.000392522523, 0.000944504505, 0.000813693694, 0.000214144144, 0.000635315315, 0.000785945946, 7.1441441e-05, 0.000659099099, 0.000737387387, 0.000812702703, 0.000235945946, 0.000346936937, 0.000868198198, 0.000332072072, 0.000537207207, 0.00089990991, 7.045045e-05, 0.000902882883, 0.000834504505, 0.000796846847, 4.8648649e-05, 0.000544144144, 0.000654144144, 0.000282522523, 0.000814684685, 0.000111081081, 0.000833513514, 0.000163603604, 0.000121981982, 0.00079981982, 0.000137837838, 0.000226036036, 0.000470810811, 0.000663063063, 0.000405405405, 0.000928648649, 0.000872162162, 0.000686846847, 0.000491621622, 0.000251801802, 0.000519369369, 0.000495585586, 0.000437117117, 0.000348918919, 0.000885045045, 0.000596666667, 0.000811711712, 0.000956396396], "b_TGF": [0.080576576577, 0.06154954955, 0.075720720721, 0.077900900901, 0.029540540541, 0.08790990991, 0.06145045045, 0.032810810811, 0.088009009009, 0.096432432432, 0.070171171171, 0.029837837838, 0.062837837838, 0.024981981982, 0.091972972973, 0.075621621622, 0.094747747748, 0.06918018018, 0.032513513514, 0.045891891892, 0.044108108108, 0.05709009009, 0.087414414414, 0.089297297297, 0.009324324324, 0.095837837838, 0.001198198198, 0.089099099099, 0.083648648649, 0.029342342342, 0.081963963964, 0.045099099099, 0.049756756757, 0.098315315315, 0.018540540541, 0.039351351351, 0.055603603604, 0.086918918919, 0.003873873874, 0.050351351351, 0.060162162162, 0.058576576577, 0.046882882883, 0.066207207207, 0.09672972973, 0.080378378378, 0.072648648649, 0.042522522523, 0.021414414414, 0.090882882883], "a_m_OC": [0.903903903904, 0.51951951952, 0.688188188188, 0.983983983984, 0.662662662663, 0.743743743744, 0.946946946947, 0.966466466466, 0.991491491491, 0.718218218218, 0.549049049049, 0.877377377377, 0.526026026026, 0.668668668669, 0.855855855856, 0.775275275275, 0.742242242242, 0.628628628629, 0.539039039039, 0.584584584585, 0.52952952953, 0.702702702703, 0.61961961962, 0.933433433433, 0.702202202202, 0.762262262262, 0.602602602603, 0.975975975976, 0.648648648649, 0.531031031031, 0.822322322322, 0.514514514515, 0.8003003003, 0.937937937938, 0.881381381381, 0.907907907908, 0.964464464464, 0.705705705706, 0.644144144144, 0.968468468468, 0.865365365365, 0.95995995996, 0.87987987988, 0.523023023023, 0.732732732733, 0.756256256256, 0.726726726727, 0.73023023023, 0.73973973974, 0.679179179179]}}