{"medians": {"a_Pr_Mo": 6.3212642528505, "MG_H_t": 27.5435087017405, "B_Pr": 0.0443600720145, "B_Mo": 0.0024196339265, "a_Mo": 6.5473094618925}}