{"posteriors": {"a_Pr_Mo": [4.856971394279, 8.935787157431, 7.743548709742, 8.647729545909, 1.320264052811, 9.139827965593, 6.663332666533, 8.635727145429, 8.847769553911, 5.209041808362, 2.752550510102, 0.820164032807, 5.139027805561, 9.869973994799, 2.198439687938, 3.596719343869, 3.220644128826, 5.781156231246, 4.730946189238, 2.306461292258, 9.565913182637, 3.830766153231, 3.078615723145, 8.74174834967, 2.698539707942, 7.377475495099, 9.825965193039, 9.549909981996, 4.876975395079, 8.517703540708, 3.102620524105, 1.854370874175, 6.343268653731, 3.624724944989, 7.151430286057, 8.72174434887, 6.103220644129, 0.472094418884, 2.360472094419, 4.218843768754, 7.001400280056, 5.915183036607, 7.653530706141, 9.485897179436, 6.975395079016, 9.819963992799, 3.954790958192, 9.359871974395, 6.919383876775, 5.977195439088, 6.645329065813, 6.949389877976, 3.946789357872, 4.024804960992, 8.019603920784, 5.397079415883, 0.578115623125, 8.867773554711, 9.457891578316, 3.234646929386, 7.971594318864, 3.70074014803, 2.48649729946, 4.504900980196, 9.389877975595, 8.629725945189, 6.625325065013, 7.849569913983, 9.563912782557, 9.561912382476, 8.051610322064, 4.974994999, 4.668933786757, 1.610322064413, 8.153630726145, 8.067613522705, 3.480696139228, 7.407481496299, 8.909781956391, 7.291458291658, 4.034806961392, 0.442088417684, 1.624324864973, 4.774954990998, 5.997199439888, 9.653930786157, 6.461292258452, 6.22524504901, 8.69573914783, 2.426485297059, 6.671334266853, 0.984196839368, 6.569313862773, 6.21324264853, 6.877375475095, 7.063412682537, 6.29925985197, 0.470094018804, 7.831566313263, 5.327065413083], "MG_H_t": [20.888177635527, 38.523704740948, 28.813762752551, 33.530706141228, 30.994198839768, 27.49349869974, 29.641928385677, 29.449889977996, 35.407081416283, 23.464692938588, 20.148029605921, 25.125025005001, 29.445889177836, 29.473894778956, 31.694338867774, 35.587117423485, 23.152630526105, 21.27225445089, 26.165233046609, 23.124624924985, 32.870574114823, 38.675735147029, 30.430086017203, 33.954790958192, 20.652130426085, 32.574514902981, 20.136027205441, 37.52350470094, 26.925385077015, 25.117023404681, 31.982396479296, 23.156631326265, 24.752950590118, 24.088817763553, 20.216043208642, 28.645729145829, 22.128425685137, 22.240448089618, 27.593518703741, 39.683936787357, 31.938387677536, 21.108221644329, 21.448289657932, 36.891378275655, 25.977195439088, 26.537307461492, 31.110222044409, 35.599119823965, 35.219043808762, 20.568113622725, 23.160632126425, 34.802960592118, 28.885777155431, 39.171834366873, 35.595119023805, 34.390878175635, 20.792158431686, 32.174434886977, 20.200040008002, 39.287857571514, 26.321264252851, 21.000200040008, 26.409281856371, 23.376675335067, 32.410482096419, 29.345869173835, 26.153230646129, 23.70474094819, 24.552910582116, 36.811362272454, 21.648329665933, 34.594918983797, 36.067213442689, 33.978795759152, 33.186637327465, 24.104820964193, 31.27825565113, 20.728145629126, 22.45649129826, 39.155831166233, 20.680136027205, 39.027805561112, 34.094818963793, 26.645329065813, 21.696339267854, 21.384276855371, 34.94298859772, 26.413282656531, 20.448089617924, 33.678735747149, 21.868373674735, 28.473694738948, 26.781356271254, 23.620724144829, 24.140828165633, 25.405081016203, 29.737947589518, 23.368673734747, 28.821764352871, 37.47949589918], "B_Pr": [0.044564712943, 0.041984996999, 0.046189437888, 0.043684136827, 0.038338667734, 0.048930386077, 0.043274854971, 0.046462292458, 0.03774334867, 0.044899579916, 0.045631326265, 0.041960192038, 0.042791158232, 0.042815963193, 0.03998819764, 0.048124224845, 0.044093418684, 0.043597319464, 0.038698339668, 0.049984596919, 0.044440688138, 0.044068613723, 0.038673534707, 0.04501120224, 0.037222444489, 0.058852370474, 0.038834766953, 0.044043808762, 0.03574654931, 0.038983596719, 0.042691938388, 0.050827965593, 0.042530706141, 0.051869773955, 0.04699559912, 0.041054810962, 0.04798779756, 0.03949209842, 0.041154030806, 0.045879375875, 0.050480696139, 0.043882576515, 0.041178835767, 0.044701140228, 0.044279455891, 0.050195439088, 0.048273054611, 0.040484296859, 0.040943188638, 0.04475075015, 0.043423684737, 0.04199739948, 0.047454490898, 0.042146229246, 0.040868773755, 0.053358071614, 0.036540308062, 0.039417683537, 0.054065013003, 0.044031406281, 0.038537107421, 0.044973994799, 0.045656131226, 0.03849989998, 0.045321264253, 0.048223444689, 0.046586317263, 0.050183036607, 0.045792558512, 0.047355271054, 0.040174234847, 0.040422284457, 0.0424934987, 0.04525925185, 0.044887177435, 0.045866973395, 0.048868373675, 0.044614322865, 0.040447089418, 0.047925785157, 0.04326245249, 0.045767753551, 0.039169633927, 0.045445289058, 0.042220644129, 0.044180236047, 0.051844968994, 0.039814562913, 0.047900980196, 0.045160032006, 0.046387877576, 0.04925285057, 0.040707541508, 0.046921184237, 0.046139827966, 0.043361672334, 0.048310262052, 0.044515103021, 0.047045209042, 0.04298959792], "B_Mo": [0.002143828766, 0.002426885377, 0.002475895179, 0.002144328866, 0.001969793959, 0.002665433087, 0.001830266053, 0.002952990598, 0.002576415283, 0.001733246649, 0.00151070214, 0.002877475495, 0.00225735147, 0.00249239848, 0.002595419084, 0.002596919384, 0.002113322665, 0.002200840168, 0.001976795359, 0.002818963793, 0.001469693939, 0.002942488498, 0.001830766153, 0.002352370474, 0.002072314463, 0.002899979996, 0.001802760552, 0.002057811562, 0.001397679536, 0.002517903581, 0.002331366273, 0.002684436887, 0.002680936187, 0.002656431286, 0.002955991198, 0.001644228846, 0.001831766353, 0.001888277656, 0.002933486697, 0.002135327065, 0.002859971994, 0.002354870974, 0.002655931186, 0.002650430086, 0.001767253451, 0.002873974795, 0.002205341068, 0.001772754551, 0.002342368474, 0.002726445289, 0.002722444489, 0.002532406481, 0.002530906181, 0.002307861572, 0.002191338268, 0.002805961192, 0.002401380276, 0.001600220044, 0.002903480696, 0.002660932186, 0.002765953191, 0.00274394879, 0.002192338468, 0.00149069814, 0.002731446289, 0.002224344869, 0.002969493899, 0.00250190038, 0.002237347469, 0.002979495899, 0.001820264053, 0.001303660732, 0.002395879176, 0.002317363473, 0.002066313263, 0.002368373675, 0.002477895579, 0.002045309062, 0.002384876975, 0.00274894979, 0.001865273055, 0.002600420084, 0.001921284257, 0.002862472494, 0.002960492098, 0.00248789758, 0.002465893179, 0.001954290858, 0.002955491098, 0.002689437888, 0.002319363873, 0.002837467493, 0.002412382476, 0.002579915983, 0.002578915783, 0.002597919584, 0.002448889778, 0.001884776955, 0.002658931786, 0.002028805761],