{
  "MG_M_t": 0.0004872102514438559,
  "maturity_t": 0.0004979226798921485,
  "CD_H_t": 0.001288812661534835,
  "a_Pr_Mo": 6.016426579680858e-05,
  "pH_t": 2.7830139640909265e-05,
  "a_m_OC": 0.0031322717431627157,
  "a_m_ALP": 0.01568833462815948,
  "MG_H_t": 0.03276230442878851,
  "MG_L_t": 0.024849300741434394,
  "a_c_Mo": 0.026456097347713967,
  "c_weight": 0.3251250914580947,
  "b_TGF": 0.15965238050748545,
  "a_Mo": 0.7325826953821655,
  "a_Diff": 0.1498730790717629,
  "b_BMP": 0.12465887773760823,
  "B_Mo": 0.2952132157665493,
  "a_BMP_nBMP": 0.136995123011329,
  "a_TGF_nTGF": 0.000580848036473327
}