{
  "MG_L_t": 0.9463627296960853,
  "MG_M_t": 0.005205798686562316,
  "maturity_t": 0.03259880676349625,
  "a_Diff": 0.015078960479051226,
  "CD_H_t": 0.05648036341364171,
  "a_c_Mo": 0.4095903624310271,
  "MG_H_t": 0.0104987614140754,
  "b_BMP": 0.019802263115000794,
  "b_TGF": 0.10314861978024663
}