{
  "MG_M_t": 0.022362640442683202,
  "pH_t": 0.07391505923295104,
  "a_Pr_Mo": 0.0003546645372605463,
  "CD_H_t": 0.0023237992426794487,
  "MG_L_t": 0.013445141795026774,
  "MG_H_t": 7.805280415083023e-05,
  "maturity_t": 0.003229314884253603,
  "a_m_ALP": 0.001961639033213568,
  "a_BMP_nBMP": 0.0019321006347509623,
  "a_TGF_nTGF": 0.007624551879712159,
  "c_weight": 0.016963013511701236,
  "a_c_Mo": 0.003026320852200703,
  "b_TGF": 0.000928126431787123,
  "b_BMP": 0.5368140563542295,
  "a_Diff": 0.016372869007990676,
  "a_m_OC": 0.011214007678137187,
  "B_Mo": 2.1201527736552177
}