{
  "MG_L_t": 0.017795839341994624,
  "MG_M_t": 0.03659766254671198,
  "maturity_t": 0.0003657419727411774,
  "a_Diff": 0.0003770739187361954,
  "a_m_OC": 6.956257132039244e-06,
  "a_m_ALP": 0.0002700297885430452,
  "c_weight": 8.174679810570387e-06,
  "CD_H_t": 0.0010852854977505856,
  "a_c_Mo": 1.3333010945738542,
  "a_Pr_Mo": 0.000610765987810102,
  "MG_H_t": 0.0023984222670474864,
  "pH_t": 0.014578878401178084,
  "a_TGF_nTGF": 6.411109534028724e-06,
  "a_BMP_nBMP": 0.0020925367902883568,
  "b_BMP": 0.0007405374109154941,
  "b_TGF": 1.5618788631482168,
  "B_Mo": 0.07493044868956117
}