{
  "a_P": 0.14302690423845313,
  "MG_L_t": 1.555225144045652e-06,
  "MG_M_t": 0.011979137683552533,
  "maturity_t": 0.0012518594351878616,
  "a_Diff": 0.0009766936560031165,
  "CD_H_t": 0.0016377144585034771,
  "a_c_Mo": 0.06914100032825064,
  "a_Pr_Mo": 0.00016445307710235277,
  "MG_H_t": 0.00023247950612444087,
  "pH_t": 4.739479079717366e-05,
  "b_BMP": 0.0002267274598291923,
  "b_TGF": 7.813088595440535e-05,
  "a_Mo": 0.7918644023916045
}