{"b_TGF": 2.876656388761008e-05, "a_Mo": 0.004972507155485942, "b_BMP": 2.001588927137831e-07, "B_Mo": 2.8891657907754404e-05, "a_BMP_nBMP": 0.14543051327618833}