{"medians": {"b_TGF": 0.038509009009, "a_Mo": 5.2652652652650005, "b_BMP": 0.0164414414415, "B_Mo": 0.0005319819819999999, "a_BMP_nBMP": 0.0373198198195}}