{"posteriors": {"b_TGF": [0.053126126126, 0.039648648649, 0.026765765766, 0.067594594595, 0.017153153153, 0.054711711712, 0.039153153153, 0.016558558559, 0.029738738739, 0.024684684685, 0.032810810811, 0.025477477477, 0.014081081081, 0.035882882883, 0.03945045045, 0.027756756757, 0.040540540541, 0.009918918919, 0.050747747748, 0.044504504505, 0.053324324324, 0.019828828829, 0.035387387387, 0.050945945946, 0.006252252252, 0.055108108108, 0.055405405405, 0.038558558559, 0.004864864865, 0.035783783784, 0.059072072072, 0.023, 0.029540540541, 0.047675675676, 0.026468468468, 0.025774774775, 0.038459459459, 0.030432432432, 0.086126126126, 0.096036036036, 0.041828828829, 0.024387387387, 0.043810810811, 0.069081081081, 0.08681981982, 0.023594594595, 0.05709009009, 0.080279279279, 0.064225225225, 0.025675675676], "a_Mo": [9.76976976977, 5.285285285285, 7.627627627628, 5.635635635636, 5.865865865866, 2.442442442442, 3.563563563564, 4.824824824825, 6.476476476476, 6.136136136136, 7.637637637638, 4.314314314314, 3.633633633634, 9.259259259259, 1.221221221221, 2.162162162162, 6.376376376376, 4.894894894895, 7.177177177177, 3.673673673674, 2.122122122122, 4.874874874875, 5.035035035035, 8.318318318318, 2.212212212212, 8.248248248248, 2.282282282282, 5.325325325325, 8.468468468468, 2.502502502503, 3.433433433433, 7.437437437437, 4.044044044044, 7.887887887888, 8.418418418418, 5.295295295295, 5.675675675676, 8.288288288288, 6.206206206206, 3.833833833834, 4.744744744745, 7.197197197197, 3.923923923924, 1.881881881882, 2.992992992993, 0.14014014014, 7.037037037037, 5.245245245245, 9.389389389389, 4.694694694695], "b_BMP": [0.011396396396, 0.005495495495, 0.006576576577, 0.013198198198, 0.016351351351, 0.005225225225, 0.019774774775, 0.019594594595, 0.023648648649, 0.009234234234, 0.027207207207, 0.016216216216, 0.00545045045, 0.02045045045, 0.02027027027, 0.007207207207, 0.016531531532, 0.012072072072, 0.021711711712, 0.02009009009, 0.005, 0.021396396396, 0.02990990991, 0.023423423423, 0.008198198198, 0.016891891892, 0.012477477477, 0.025765765766, 0.015585585586, 0.035810810811, 0.032387387387, 0.026126126126, 0.022342342342, 0.019324324324, 0.028828828829, 0.022882882883, 0.011711711712, 0.037567567568, 0.010945945946, 0.016666666667, 0.005630630631, 0.017027027027, 0.01472972973, 0.016846846847, 0.014414414414, 0.011486486486, 0.012297297297, 0.013963963964, 0.012432432432, 0.006351351351], "B_Mo": [0.000423423423, 0.000615315315, 0.000418918919, 0.00061981982, 0.00046036036, 0.000811711712, 0.000618918919, 0.000584684685, 0.000535135135, 0.000394594595, 0.000467567568, 0.000522522523, 0.000631531532, 0.000333333333, 0.000931531532, 0.000786486486, 0.000528828829, 0.000420720721, 0.000390990991, 0.000635135135, 0.000906306306, 0.000606306306, 0.000576576577, 0.000424324324, 0.000672072072, 0.000382882883, 0.00084954955, 0.000481981982, 0.000281081081, 0.000812612613, 0.000804504505, 0.000451351351, 0.000543243243, 0.000452252252, 0.00030990991, 0.00051981982, 0.000403603604, 0.000447747748, 0.000548648649, 0.000761261261, 0.000462162162, 0.000411711712, 0.000681981982, 0.000972072072, 0.000815315315, 0.001, 0.000507207207, 0.000566666667, 0.000336036036, 0.000335135135], "a_BMP_nBMP": [0.042522522523, 0.065315315315, 0.075225225225, 0.039351351351, 0.03727027027, 0.068189189189, 0.040837837838, 0.036774774775, 0.017945945946, 0.07254954955, 0.013387387387, 0.010612612613, 0.018441441441, 0.025675675676, 0.052333333333, 0.038261261261, 0.066009009009, 0.026864864865, 0.023990990991, 0.027459459459, 0.014675675676, 0.011405405405, 0.019927927928, 0.012198198198, 0.081171171171, 0.012990990991, 0.015369369369, 0.025279279279, 0.090585585586, 0.024288288288, 0.014279279279, 0.073936936937, 0.032018018018, 0.082657657658, 0.033207207207, 0.017054054054, 0.065117117117, 0.046486486486, 0.063531531532, 0.041432432432, 0.002783783784, 0.065810810811, 0.011900900901, 0.080774774775, 0.067495495495, 0.073738738739, 0.025477477477, 0.071954954955, 0.037369369369, 0.096234234234]}}