{
    "DNA": {
        "B2016_C": 0.8697425361257558,
        "B2016_M": 0.9427398662420914
    },
    "DNA_mean": 0.9062412011839236,
    "OC": {
        "B2016_C": 0.7839288773578069,
        "B2016_M": 0.45967847754600377
    },
    "OC_mean": 0.6218036774519053,
    "ALP": {
        "B2016_C": 0.973202944601208,
        "B2016_M": 0.7494003188679381
    },
    "ALP_mean": 0.8613016317345731,
    "nTGF": {
        "B2016_C": 0.9366598726444286,
        "B2016_M": 0.8463369682959567
    },
    "nTGF_mean": 0.8914984204701927,
    "nBMP": {
        "B2016_C": 0.47848385477355027,
        "B2016_M": 0.6397663193386833
    },
    "nBMP_mean": 0.5591250870561169
}