{
  "MG_M_t": 8.883247426673025e-09,
  "maturity_t": 0.09531278226149187,
  "CD_H_t": 0.0007984267122989607,
  "pH_t": 0.00018087789650915792,
  "a_m_ALP": 0.013820852296803444,
  "MG_H_t": 0.0026956976900011174,
  "a_Pr_Mo": 1.9207068222598975e-05,
  "MG_L_t": 0.000409983933516302,
  "a_c_Mo": 0.014083223656564264,
  "B_Pr": 0.8013215769697786,
  "a_P": 0.7837360371229377
}