{"MG_M_t": 0.5843629715448246, "CD_H_t": 0.25763834832125, "a_m_OC": 0.4754549530734403, "a_Mo": 0.11595402030814836, "a_BMP_nBMP": 0.4147434491967158}