{"medians": {"MG_M_t": 13.023023023023, "CD_H_t": 0.7276426426425, "a_m_OC": 0.743993993994, "a_Mo": 5.23023023023, "a_BMP_nBMP": 0.0403918918915}}