{"posteriors": {"MG_M_t": [14.944944944945, 10.1001001001, 12.347347347347, 14.674674674675, 11.641641641642, 10.645645645646, 10.36036036036, 10.0, 13.598598598599, 12.447447447447, 13.843843843844, 14.53953953954, 11.321321321321, 13.018018018018, 14.179179179179, 12.757757757758, 10.530530530531, 11.631631631632, 12.792792792793, 12.407407407407, 12.382382382382, 14.184184184184, 12.852852852853, 14.55955955956, 14.91991991992, 14.344344344344, 14.464464464464, 14.469469469469, 13.713713713714, 11.591591591592, 14.894894894895, 10.035035035035, 13.593593593594, 11.311311311311, 11.386386386386, 14.399399399399, 14.134134134134, 13.838838838839, 13.223223223223, 13.053053053053, 13.128128128128, 12.017017017017, 13.028028028028, 14.439439439439, 12.982982982983, 11.916916916917, 13.188188188188, 11.716716716717, 11.476476476476, 13.993993993994], "CD_H_t": [0.711951951952, 0.694114114114, 0.674624624625, 0.693453453453, 0.705345345345, 0.951441441441, 0.735735735736, 0.7103003003, 0.907507507508, 0.948798798799, 0.941201201201, 0.682222222222, 0.897927927928, 0.684204204204, 0.772732732733, 0.67957957958, 0.791891891892, 0.671321321321, 0.687837837838, 0.726816816817, 0.691471471471, 0.707657657658, 0.688168168168, 0.958378378378, 0.941531531532, 0.7396996997, 0.722522522523, 0.852672672673, 0.714594594595, 0.680900900901, 0.70006006006, 0.695765765766, 0.716246246246, 0.99042042042, 0.885045045045, 0.964984984985, 0.734084084084, 0.945825825826, 0.811051051051, 0.926666666667, 0.715915915916, 0.991741741742, 0.947807807808, 0.928978978979, 0.697747747748, 0.691801801802, 0.728468468468, 0.753573573574, 0.693783783784, 0.932942942943], "a_m_OC": [0.738238238238, 0.593093093093, 0.527027027027, 0.558558558559, 0.830830830831, 0.811311311311, 0.758258258258, 0.991991991992, 0.560560560561, 0.68018018018, 0.89039039039, 0.713713713714, 0.87037037037, 0.84034034034, 0.927927927928, 0.913413413413, 0.791291291291, 0.556556556557, 0.783283283283, 0.702202202202, 0.864364364364, 0.74974974975, 0.852352352352, 0.877877877878, 0.727227227227, 0.708208208208, 0.946946946947, 0.99049049049, 0.629129129129, 0.695695695696, 0.732232232232, 0.908908908909, 0.764764764765, 0.994994994995, 0.503503503504, 0.856356356356, 0.648648648649, 0.61961961962, 0.994494494494, 0.735235235235, 0.635135135135, 0.956956956957, 0.888888888889, 0.567567567568, 0.624624624625, 0.805805805806, 0.583583583584, 0.73023023023, 0.665165165165, 0.545045045045], "a_Mo": [6.526526526527, 3.363363363363, 5.135135135135, 1.561561561562, 0.36036036036, 2.592592592593, 5.785785785786, 6.056056056056, 6.506506506507, 0.590590590591, 5.715715715716, 3.463463463463, 7.827827827828, 4.784784784785, 0.820820820821, 8.498498498498, 8.728728728729, 7.327327327327, 8.328328328328, 5.535535535536, 6.356356356356, 5.115115115115, 3.523523523524, 9.219219219219, 5.395395395395, 5.525525525526, 3.043043043043, 1.041041041041, 7.307307307307, 5.445445445445, 4.284284284284, 4.384384384384, 0.08008008008, 9.78978978979, 4.014014014014, 2.422422422422, 5.325325325325, 3.123123123123, 6.946946946947, 3.723723723724, 7.707707707708, 6.676676676677, 3.393393393393, 6.376376376376, 8.768768768769, 1.911911911912, 6.286286286286, 0.27027027027, 1.891891891892, 0.47047047047], "a_BMP_nBMP": [0.036279279279, 0.012, 0.048864864865, 0.002585585586, 0.040441441441, 0.00318018018, 0.069081081081, 0.004468468468, 0.093756756757, 0.031918918919, 0.056792792793, 0.040342342342, 0.083351351351, 0.006153153153, 0.048369369369, 0.066405405405, 0.047972972973, 0.018837837838, 0.058675675676, 0.009126126126, 0.041135135135, 0.024486486486, 0.09009009009, 0.039054054054, 0.081171171171, 0.04609009009, 0.008135135135, 0.037072072072, 0.057387387387, 0.021018018018, 0.001099099099, 0.006252252252, 0.080576576577, 0.077108108108, 0.071459459459, 0.023198198198, 0.080873873874, 0.091279279279, 0.003279279279, 0.041333333333, 0.02627027027, 0.058576576577, 0.008828828829, 0.014081081081, 0.016063063063, 0.013981981982, 0.035684684685, 0.067099099099, 0.057486486486, 0.041927927928]}}