{
  "MG_L_t": 0.6077637090045265,
  "MG_M_t": 0.006738103423610093,
  "maturity_t": 0.0062174295323040455,
  "a_m_OC": 0.3041732973247434,
  "a_m_ALP": 0.31432711229841087,
  "c_weight": 0.038301421879023634,
  "CD_H_t": 0.43465330129816443,
  "a_Pr_Mo": 0.1392992023687132,
  "MG_H_t": 0.005340029602337386,
  "pH_t": 0.007844824149547253,
  "a_TGF_nTGF": 0.17652029251878895
}