{
  "MG_L_t": 0.03786455707649742,
  "MG_M_t": 0.0025385408178731123,
  "maturity_t": 6.617292001104109e-06,
  "a_m_OC": 0.00023528827428269424,
  "a_m_ALP": 0.0003598126210193248,
  "c_weight": 0.015629711197581077,
  "CD_H_t": 0.05679672265954843,
  "a_c_Mo": 7.666452693929195e-05,
  "a_Pr_Mo": 2.3590820763839873e-06,
  "MG_H_t": 6.538562143346091e-06,
  "pH_t": 0.0003855535495498552,
  "a_TGF_nTGF": 0.03866377869807123,
  "b_TGF": 0.0029831614290043284,
  "a_Mo": 2.1175033133843844
}