{
  "MG_M_t": 0.022518476911144586,
  "CD_H_t": 2.3645526457363863,
  "a_c_Mo": 0.005014695333290722,
  "MG_H_t": 0.0004979939744583524,
  "a_Pr_Mo": 0.44755414311739206,
  "pH_t": 0.0011158076849649278,
  "a_TGF_nTGF": 0.9113176369502395
}