{"a_P": 4.037385898863313e-16, "MG_L_t": 0.7338212084293614, "a_c_Mo": 0.42511855803682175, "a_Pr_Mo": 0.4798115207030753, "a_Mo": 9.130246653301491e-14}