{"MG_M_t": 0.7151783331353658, "pH_t": 0.6902900152123349, "b_BMP": 0.1363144579567554, "a_Diff": 0.015932128294276635, "B_Mo": 1.3766108684788164e-14}