{"MG_L_t": 0.0797476190611314, "MG_M_t": 0.22739910252303658, "a_c_Mo": 6.830278746212738e-05, "b_BMP": 0.37657509084020413, "b_TGF": 0.5725936282653372, "B_Mo": 4.303048622141209e-06}