{"medians": {"a_P": 2.4009009009005, "MG_L_t": 5.85985985986, "a_c_Mo": 6.426426426426, "a_Pr_Mo": 6.546546546547, "a_Mo": 1.1561561561559999}}