{"medians": {"MG_M_t": 12.535035035035001, "pH_t": 9.0750750750755, "b_BMP": 0.035765765766, "a_Diff": 7.171171171171, "B_Mo": 0.0008608108110000001}}