{"medians": {"MG_L_t": 4.7347347347349995, "MG_M_t": 12.677677677678, "a_c_Mo": 107.00700700700699, "b_BMP": 0.028220720720499998, "b_TGF": 0.055256756756999995, "B_Mo": 0.000601621622}}