{"posteriors": {"MG_M_t": [11.081081081081, 13.273273273273, 14.104104104104, 14.139139139139, 14.079079079079, 13.743743743744, 14.684684684685, 14.199199199199, 10.26026026026, 10.235235235235, 10.35035035035, 10.745745745746, 13.838838838839, 14.514514514515, 11.541541541542, 10.570570570571, 13.883883883884, 11.701701701702, 12.427427427427, 13.033033033033, 14.064064064064, 10.47047047047, 14.384384384384, 12.137137137137, 12.482482482482, 12.872872872873, 12.652652652653, 10.725725725726, 11.916916916917, 12.457457457457, 10.650650650651, 12.962962962963, 12.587587587588, 14.80980980981, 13.398398398398, 14.234234234234, 11.871871871872, 12.132132132132, 10.385385385385, 12.332332332332, 11.801801801802, 14.164164164164, 10.705705705706, 14.339339339339, 13.628628628629, 11.396396396396, 12.212212212212, 14.444444444444, 11.591591591592, 12.797797797798], "pH_t": [9.12962962963, 8.577077077077, 9.366866866867, 9.298798798799, 8.826326326326, 9.238738738739, 9.21971971972, 9.094594594595, 9.368868868869, 9.336836836837, 8.882382382382, 8.794294294294, 9.190690690691, 9.206706706707, 8.538038038038, 8.639139139139, 9.25975975976, 9.055555555556, 9.454954954955, 9.175675675676, 8.994494494494, 9.154654654655, 9.236736736737, 8.614114114114, 8.797297297297, 9.186686686687, 9.480980980981, 8.746246246246, 9.277777777778, 9.100600600601, 8.77027027027, 8.702202202202, 9.136636636637, 8.729229229229, 9.392892892893, 8.89039039039, 9.292792792793, 8.642142142142, 8.885385385385, 8.569069069069, 8.686186186186, 8.988488488488, 9.203703703704, 8.587087087087, 9.023523523524, 8.644144144144, 9.234734734735, 8.811311311311, 9.231731731732, 8.782282282282], "b_BMP": [0.04027027027, 0.042027027027, 0.040585585586, 0.035990990991, 0.047072072072, 0.042432432432, 0.035, 0.04036036036, 0.028783783784, 0.006036036036, 0.041351351351, 0.045495495495, 0.008828828829, 0.020405405405, 0.036216216216, 0.039414414414, 0.035540540541, 0.038018018018, 0.011081081081, 0.025765765766, 0.045675675676, 0.030990990991, 0.005945945946, 0.033963963964, 0.023378378378, 0.023918918919, 0.03481981982, 0.036306306306, 0.042342342342, 0.045045045045, 0.042207207207, 0.032117117117, 0.020675675676, 0.016846846847, 0.043063063063, 0.041711711712, 0.043468468468, 0.033333333333, 0.038918918919, 0.007612612613, 0.048063063063, 0.046666666667, 0.017387387387, 0.011801801802, 0.042072072072, 0.034009009009, 0.019009009009, 0.025585585586, 0.041216216216, 0.011441441441], "a_Diff": [8.54954954955, 6.18018018018, 7.432432432432, 9.990990990991, 3.063063063063, 4.765765765766, 7.234234234234, 7.981981981982, 9.072072072072, 2.324324324324, 9.765765765766, 8.990990990991, 6.702702702703, 8.666666666667, 8.306306306306, 8.486486486486, 9.27027027027, 6.045045045045, 2.009009009009, 6.594594594595, 7.720720720721, 6.981981981982, 5.306306306306, 9.864864864865, 5.720720720721, 3.216216216216, 6.378378378378, 8.378378378378, 6.882882882883, 5.117117117117, 7.837837837838, 9.540540540541, 9.954954954955, 5.873873873874, 9.567567567568, 5.990990990991, 5.603603603604, 9.252252252252, 4.972972972973, 6.621621621622, 8.387387387387, 3.810810810811, 4.27027027027, 9.0, 6.225225225225, 4.567567567568, 9.675675675676, 9.81981981982, 7.108108108108, 9.531531531532], "B_Mo": [0.000900900901, 0.000951351351, 0.000863063063, 0.000914414414, 0.000884684685, 0.000966666667, 0.000703603604, 0.000767567568, 0.000709009009, 0.000997297297, 0.000831531532, 0.00095045045, 0.000781081081, 0.000973873874, 0.000942342342, 0.000845045045, 0.000832432432, 0.00082972973, 0.00087027027, 0.000847747748, 0.000848648649, 0.000806306306, 0.000858558559, 0.000818918919, 0.000971171171, 0.000945945946, 0.000938738739, 0.000983783784, 0.000747747748, 0.000988288288, 0.000684684685, 0.000614414414, 0.00078018018, 0.000909009009, 0.000810810811, 0.000812612613, 0.000830630631, 0.000823423423, 0.000981981982, 0.00069009009, 0.000877477477, 0.000763063063, 0.000964864865, 0.000865765766, 0.000635135135, 0.000972072072, 0.000963963964, 0.000864864865, 0.00096036036, 0.000693693694]}}