{"posteriors": {"a_P": [3.369369369369, 2.918918918919, 2.144144144144, 1.936936936937, 2.801801801802, 2.396396396396, 1.792792792793, 2.333333333333, 1.648648648649, 2.369369369369, 3.0, 2.747747747748, 3.558558558559, 2.936936936937, 2.900900900901, 3.918918918919, 2.81981981982, 2.675675675676, 2.189189189189, 1.801801801802, 2.306306306306, 2.045045045045, 1.711711711712, 2.081081081081, 3.486486486486, 1.81981981982, 1.54954954955, 3.594594594595, 1.693693693694, 1.72972972973, 1.747747747748, 1.774774774775, 1.306306306306, 1.225225225225, 2.54954954955, 2.405405405405, 1.504504504505, 2.558558558559, 4.198198198198, 4.567567567568, 3.864864864865, 4.432432432432, 1.252252252252, 2.792792792793, 1.837837837838, 3.342342342342, 2.540540540541, 3.63963963964, 4.225225225225, 1.459459459459], "MG_L_t": [7.461461461461, 2.720720720721, 8.014014014014, 3.897897897898, 8.734734734735, 2.920920920921, 3.329329329329, 6.540540540541, 2.048048048048, 4.794794794795, 7.485485485485, 2.504504504505, 8.598598598599, 3.017017017017, 5.851851851852, 3.265265265265, 9.535535535536, 4.802802802803, 5.867867867868, 3.873873873874, 7.597597597598, 2.752752752753, 5.027027027027, 8.638638638639, 5.923923923924, 9.295295295295, 5.091091091091, 4.458458458458, 8.870870870871, 10.0, 8.766766766767, 9.871871871872, 3.88988988989, 4.586586586587, 7.581581581582, 4.474474474474, 2.32032032032, 8.478478478478, 3.105105105105, 8.406406406406, 5.6996996997, 4.890890890891, 6.500500500501, 8.486486486486, 6.196196196196, 8.558558558559, 4.826826826827, 2.2002002002, 7.501501501502, 6.388388388388], "a_c_Mo": [17.597597597598, 0.04004004004, 8.488488488488, 10.47047047047, 17.137137137137, 9.369369369369, 15.235235235235, 10.610610610611, 16.936936936937, 2.982982982983, 16.896896896897, 14.014014014014, 11.171171171171, 3.383383383383, 16.556556556557, 5.425425425425, 2.162162162162, 11.191191191191, 1.381381381381, 2.342342342342, 3.423423423423, 6.366366366366, 16.596596596597, 5.545545545546, 13.693693693694, 4.284284284284, 1.621621621622, 3.723723723724, 6.806806806807, 15.055055055055, 5.645645645646, 10.23023023023, 18.338338338338, 11.831831831832, 7.827827827828, 9.489489489489, 1.921921921922, 2.062062062062, 0.46046046046, 5.005005005005, 5.085085085085, 4.304304304304, 6.486486486486, 4.444444444444, 1.961961961962, 2.562562562563, 2.942942942943, 7.707707707708, 16.376376376376, 3.623623623624], "a_Pr_Mo": [6.376376376376, 9.62962962963, 1.691691691692, 1.531531531532, 9.65965965966, 6.136136136136, 7.357357357357, 5.655655655656, 0.43043043043, 2.452452452452, 8.368368368368, 8.748748748749, 7.067067067067, 9.359359359359, 6.146146146146, 9.499499499499, 9.88988988989, 7.597597597598, 1.211211211211, 9.059059059059, 2.652652652653, 8.138138138138, 9.379379379379, 6.656656656657, 6.506506506507, 1.611611611612, 1.621621621622, 8.618618618619, 5.365365365365, 9.93993993994, 5.975975975976, 6.586586586587, 6.406406406406, 9.70970970971, 1.561561561562, 8.928928928929, 6.396396396396, 3.493493493493, 1.041041041041, 9.339339339339, 9.169169169169, 6.006006006006, 8.428428428428, 1.851851851852, 7.017017017017, 5.115115115115, 6.306306306306, 1.801801801802, 7.517517517518, 7.307307307307], "a_Mo": [1.791791791792, 2.132132132132, 0.4004004004, 1.021021021021, 0.620620620621, 0.820820820821, 0.27027027027, 0.48048048048, 0.840840840841, 2.442442442442, 0.610610610611, 0.900900900901, 1.671671671672, 0.720720720721, 1.391391391391, 2.642642642643, 1.051051051051, 0.940940940941, 2.482482482482, 1.011011011011, 1.511511511512, 1.501501501502, 0.45045045045, 0.3003003003, 2.402402402402, 1.251251251251, 1.471471471471, 2.602602602603, 0.710710710711, 0.930930930931, 0.29029029029, 1.061061061061, 0.47047047047, 0.33033033033, 0.980980980981, 1.711711711712, 0.550550550551, 3.533533533534, 5.535535535536, 3.883883883884, 4.104104104104, 3.983983983984, 1.411411411411, 3.423423423423, 0.860860860861, 2.852852852853, 2.422422422422, 3.163163163163, 2.662662662663, 0.22022022022]}}