{"posteriors": {"MG_L_t": [6.332332332332, 8.062062062062, 7.533533533534, 4.418418418418, 4.634634634635, 3.097097097097, 6.980980980981, 2.952952952953, 4.29029029029, 3.281281281281, 3.521521521522, 3.417417417417, 2.04004004004, 5.811811811812, 3.137137137137, 5.835835835836, 4.650650650651, 3.457457457457, 2.208208208208, 6.500500500501, 4.706706706707, 3.577577577578, 6.972972972973, 2.504504504505, 8.398398398398, 2.744744744745, 4.674674674675, 7.461461461461, 9.231231231231, 3.601601601602, 4.458458458458, 5.331331331331, 3.449449449449, 7.485485485485, 8.918918918919, 4.266266266266, 3.321321321321, 2.784784784785, 8.262262262262, 8.39039039039, 4.770770770771, 4.962962962963, 7.269269269269, 9.343343343343, 7.565565565566, 3.841841841842, 2.816816816817, 2.896896896897, 3.713713713714, 8.798798798799, 4.602602602603, 3.681681681682, 8.166166166166, 4.762762762763, 4.658658658659, 4.082082082082, 7.045045045045, 5.555555555556, 2.128128128128, 2.296296296296, 2.752752752753, 6.564564564565, 8.678678678679, 4.426426426426, 8.022022022022, 5.099099099099, 2.768768768769, 5.427427427427, 4.306306306306, 4.482482482482, 9.943943943944, 9.439439439439, 9.503503503504, 8.822822822823, 3.025025025025, 4.186186186186, 4.826826826827, 4.898898898899, 8.806806806807, 5.907907907908, 5.683683683684, 3.641641641642, 3.121121121121, 8.502502502503, 4.45045045045, 4.562562562563, 4.786786786787, 5.715715715716, 5.131131131131, 4.282282282282, 7.54954954955, 9.911911911912, 6.812812812813, 3.145145145145, 2.648648648649, 5.955955955956, 2.152152152152, 3.305305305305, 5.371371371371, 8.558558558559], "MG_M_t": [13.388388388388, 14.994994994995, 12.712712712713, 14.254254254254, 12.907907907908, 10.515515515516, 11.471471471471, 11.516516516517, 13.303303303303, 11.036036036036, 13.638638638639, 10.740740740741, 10.995995995996, 14.67967967968, 11.536536536537, 13.093093093093, 13.748748748749, 14.63963963964, 13.348348348348, 11.176176176176, 14.86986986987, 12.052052052052, 12.567567567568, 10.580580580581, 12.807807807808, 13.973973973974, 12.897897897898, 11.996996996997, 14.594594594595, 11.576576576577, 11.351351351351, 11.226226226226, 11.816816816817, 10.23023023023, 11.621621621622, 10.21021021021, 13.533533533534, 12.457457457457, 13.298298298298, 14.80980980981, 13.238238238238, 10.37037037037, 10.4004004004, 12.642642642643, 14.524524524525, 14.53953953954, 12.022022022022, 10.955955955956, 10.11011011011, 12.377377377377, 10.31031031031, 13.428428428428, 14.199199199199, 13.723723723724, 10.880880880881, 13.263263263263, 13.028028028028, 10.195195195195, 14.724724724725, 11.921921921922, 10.715715715716, 13.088088088088, 11.241241241241, 14.58958958959, 13.558558558559, 13.633633633634, 10.08008008008, 14.274274274274, 14.95995995996, 12.382382382382, 11.361361361361, 11.396396396396, 13.693693693694, 10.17017017017, 14.55955955956, 14.91991991992, 14.369369369369, 10.625625625626, 12.617617617618, 11.596596596597, 11.191191191191, 13.128128128128, 13.133133133133, 11.291291291291, 12.802802802803, 12.017017017017, 14.96996996997, 13.268268268268, 10.46046046046, 10.565565565566, 14.98998998999, 13.473473473473, 10.805805805806, 13.863863863864, 10.19019019019, 13.793793793794, 11.391391391391, 10.910910910911, 14.174174174174, 14.76976976977], "a_c_Mo": [79.479479479479, 107.907907907908, 66.066066066066, 64.864864864865, 90.690690690691, 172.972972972973, 97.097097097097, 119.319319319319, 180.980980980981, 132.332332332332, 178.578578578579, 79.279279279279, 125.325325325325, 104.904904904905, 194.794794794795, 50.05005005005, 78.078078078078, 189.58958958959, 165.365365365365, 51.651651651652, 87.687687687688, 199.7997997998, 69.469469469469, 54.454454454454, 79.87987987988, 106.106106106106, 98.498498498498, 68.468468468468, 160.760760760761, 92.292292292292, 130.730730730731, 117.317317317317, 109.50950950951, 105.105105105105, 42.442442442442, 71.471471471471, 172.572572572573, 70.47047047047, 77.477477477477, 108.908908908909, 122.522522522523, 135.535535535536, 172.372372372372, 70.670670670671, 124.324324324324, 98.098098098098, 179.77977977978, 104.104104104104, 93.493493493494, 159.159159159159, 103.903903903904, 111.111111111111, 49.84984984985, 81.681681681682, 51.051051051051, 122.122122122122, 159.359359359359, 116.716716716717, 53.253253253253, 177.377377377377, 84.284284284284, 61.461461461461, 173.573573573574, 94.494494494494, 72.872872872873, 139.73973973974, 188.788788788789, 154.554554554555, 91.091091091091, 114.514514514515, 190.39039039039, 191.591591591592, 46.446446446446, 127.527527527528, 154.154154154154, 90.09009009009, 39.439439439439, 131.731731731732, 131.131131131131, 52.052052052052, 81.881881881882, 191.991991991992, 116.916916916917, 97.897897897898, 157.357357357357, 119.119119119119, 113.913913913914, 182.382382382382, 82.482482482482, 95.295295295295, 152.952952952953, 195.395395395395, 49.049049049049, 138.338338338338, 64.464464464464, 87.887887887888, 188.188188188188, 42.842842842843, 60.660660660661, 188.388388388388], "b_BMP": [0.042927927928, 0.024864864865, 0.031081081081, 0.011891891892, 0.033828828829, 0.043918918919, 0.011981981982, 0.046846846847, 0.018828828829, 0.037387387387, 0.037117117117, 0.037342342342, 0.01454954955, 0.010045045045, 0.03990990991, 0.042297297297, 0.038783783784, 0.020945945946, 0.045495495495, 0.037972972973, 0.048243243243, 0.043423423423, 0.008063063063, 0.033333333333, 0.03463963964, 0.042657657658, 0.046936936937, 0.014054054054, 0.019864864865, 0.040900900901, 0.023738738739, 0.02509009009, 0.045765765766, 0.017387387387, 0.021666666667, 0.014009009009, 0.015, 0.007702702703, 0.016216216216, 0.038288288288, 0.019054054054, 0.013648648649, 0.041351351351, 0.045630630631, 0.008333333333, 0.013018018018, 0.028828828829, 0.042072072072, 0.011351351351, 0.037207207207, 0.028468468468, 0.026441441441, 0.041846846847, 0.006846846847, 0.023288288288, 0.025720720721, 0.048468468468, 0.035540540541, 0.021531531532, 0.04018018018, 0.023693693694, 0.016891891892, 0.020900900901, 0.026351351351, 0.038198198198, 0.027972972973, 0.02, 0.015045045045, 0.024414414414, 0.021486486486, 0.017792792793, 0.018108108108, 0.033243243243, 0.028603603604, 0.047162162162, 0.047522522523, 0.032072072072, 0.032567567568, 0.048693693694, 0.022747747748, 0.041441441441, 0.030810810811, 0.033918918919, 0.032432432432, 0.049414414414, 0.037162162162, 0.041711711712, 0.015855855856, 0.044504504505, 0.006981981982, 0.043243243243, 0.021711711712, 0.025, 0.009189189189, 0.020225225225, 0.033063063063, 0.015630630631, 0.020405405405, 0.025315315315, 0.027387387387],