{"min": 4.313580544891472, "max": 2841.8811797821527, "mean": 532.8529621755117}