{"min": 2.2093063219551174, "max": 1357.519797277373, "mean": 295.80749554248786}