{
  "MG_L_t": 0.6132472465954206,
  "MG_M_t": 0.13775673171750094,
  "maturity_t": 0.08379454120596452,
  "a_Diff": 0.0007579132377418409,
  "CD_H_t": 0.4389774876195432,
  "MG_H_t": 0.011735042974746921,
  "pH_t": 0.008329011814455839,
  "b_BMP": 0.08379881122986155,
  "b_TGF": 0.12770561254487595
}