{
  "MG_M_t": 0.061839066879059226,
  "maturity_t": 0.009412429683868774,
  "CD_H_t": 0.0201141522713166,
  "a_Pr_Mo": 0.04166920562081186,
  "pH_t": 0.0001620871965318184,
  "a_m_OC": 0.04995316692822105,
  "a_m_ALP": 0.002402400061812997,
  "MG_H_t": 2.8684129592557322e-05,
  "MG_L_t": 0.1459281885684367,
  "a_c_Mo": 2.602778367694622,
  "a_BMP_nBMP": 0.01259662144159226,
  "a_TGF_nTGF": 0.00473608341050002
}