{"MG_L_t": 0.4384488705460394, "MG_M_t": 0.6310904134137705, "maturity_t": 0.573805496340972, "a_Diff": 2.149127500971466e-10, "CD_H_t": 0.3033733383458436, "a_c_Mo": 0.9392612276661129, "MG_H_t": 0.7976886224760039, "b_BMP": 4.002444123718633e-08, "b_TGF": 0.06950329023199145, "a_Pr_Mo": 0.8083439575421403, "pH_t": 0.6580434559242024, "a_P": 0.9581029496788525, "a_Mo": 0.32242566952287677, "B_Pr": 0.8297718202085226, "B_Mo": 0.011871426568909675, "a_m_OC": 0.5519911335356742, "a_m_ALP": 0.001003630134723406, "c_weight": 0.11256285250638212, "a_TGF_nTGF": 0.6339837062708817, "a_BMP_nBMP": 1.6123514435485231e-15}