{"a_Diff": 0.24773294317142866, "pH_t": 0.35226074222763193, "a_BMP_nBMP": 5.20837094404742e-05, "b_BMP": 0.0038675353598073363, "B_Mo": 7.439651009240352e-17}