{"medians": {"a_Diff": 2.9144144144145, "pH_t": 8.9609609609605, "a_BMP_nBMP": 0.18158308308299997, "b_BMP": 0.017027027027, "B_Mo": 0.000362792793}}