{"medians": {"MG_L_t": 4.7913956978489995, "MG_M_t": 12.928964482241, "maturity_t": 0.7962981490745, "a_Diff": 2.8211605802905, "CD_H_t": 0.8575337668834999, "a_c_Mo": 10.465232616308, "MG_H_t": 29.654827413707, "b_BMP": 0.014072036018, "b_TGF": 0.025836668334, "a_Pr_Mo": 4.4522261130565, "pH_t": 9.053026513256501, "a_P": 4.955227613807, "a_Mo": 3.7393696848425, "B_Pr": 0.045331665832999996, "B_Mo": 0.0003442921465, "a_m_OC": 0.7191095547775, "a_m_ALP": 0.750375187594, "c_weight": 0.0005481990995, "a_TGF_nTGF": 0.1307388694345, "a_BMP_nBMP": 0.160224112056}}