{"posteriors": {"a_Diff": [1.054054054054, 1.621621621622, 1.45045045045, 1.18018018018, 1.216216216216, 1.711711711712, 1.162162162162, 1.81981981982, 2.630630630631, 2.261261261261, 2.774774774775, 2.513513513514, 2.315315315315, 2.099099099099, 2.342342342342, 2.522522522523, 3.603603603604, 3.495495495495, 3.585585585586, 8.171171171171, 2.153153153153, 2.216216216216, 2.207207207207, 1.855855855856, 1.657657657658, 5.486486486486, 1.234234234234, 6.612612612613, 2.054054054054, 3.234234234234, 9.459459459459, 2.432432432432, 1.522522522523, 3.45045045045, 6.540540540541, 1.207207207207, 2.405405405405, 1.810810810811, 7.108108108108, 3.306306306306, 2.09009009009, 7.027027027027, 9.153153153153, 4.261261261261, 1.369369369369, 4.63963963964, 8.612612612613, 2.63963963964, 8.594594594595, 5.189189189189, 2.396396396396, 2.54954954955, 1.648648648649, 5.702702702703, 6.162162162162, 5.387387387387, 8.234234234234, 3.612612612613, 3.27027027027, 8.099099099099, 7.288288288288, 8.855855855856, 7.90990990991, 2.837837837838, 4.954954954955, 8.54954954955, 1.963963963964, 2.243243243243, 6.486486486486, 6.864864864865, 7.585585585586, 3.459459459459, 5.828828828829, 1.792792792793, 3.774774774775, 2.990990990991, 2.45045045045, 8.459459459459, 6.279279279279, 1.09009009009, 1.171171171171, 7.072072072072, 5.783783783784, 2.171171171171, 4.612612612613, 8.396396396396, 4.54954954955, 1.756756756757, 9.540540540541, 1.297297297297, 1.981981981982, 9.675675675676, 3.666666666667, 1.747747747748, 2.810810810811, 3.504504504505, 2.576576576577, 1.846846846847, 7.720720720721, 1.261261261261], "pH_t": [8.632132132132, 8.59009009009, 8.979479479479, 9.25975975976, 9.173673673674, 9.060560560561, 9.257757757758, 9.057557557558, 8.543043043043, 9.171671671672, 8.637137137137, 9.456956956957, 8.698198198198, 8.883383383383, 8.937437437437, 8.935435435435, 9.36986986987, 8.753253253253, 9.256756756757, 8.87037037037, 9.007507507508, 8.745245245245, 8.563063063063, 8.97047047047, 9.437937937938, 8.729229229229, 9.266766766767, 8.961461461461, 8.546046046046, 9.227727727728, 8.504004004004, 8.657157157157, 9.431931931932, 9.486986986987, 9.003503503504, 9.458958958959, 8.589089089089, 9.354854854855, 8.808308308308, 9.063563563564, 8.9004004004, 9.345845845846, 9.008508508509, 8.953453453453, 9.032532532533, 8.664164164164, 8.505005005005, 8.815315315315, 8.927427427427, 9.087587587588, 8.762262262262, 8.606106106106, 8.68018018018, 8.865365365365, 9.361861861862, 9.338838838839, 9.233733733734, 9.186686686687, 8.778278278278, 8.855355355355, 9.445945945946, 9.492992992993, 8.868368368368, 8.811311311311, 9.495995995996, 8.893393393393, 9.284784784785, 9.276776776777, 9.170670670671, 8.805305305305, 8.646146146146, 8.878378378378, 8.938438438438, 8.519019019019, 9.254754754755, 9.31981981982, 9.432932932933, 9.321821821822, 8.782282282282, 8.587087087087, 8.933433433433, 9.472972972973, 8.593093093093, 9.390890890891, 8.548048048048, 9.220720720721, 9.316816816817, 9.440940940941, 9.034534534535, 9.34984984985, 8.912412412412, 8.598098098098, 8.528028028028, 8.96046046046, 8.534034034034, 9.18968968969, 9.224724724725, 9.462962962963, 8.527027027027, 8.662162162162], "a_BMP_nBMP": [0.136572572573, 0.097853853854, 0.311774774775, 0.205298298298, 0.27595995996, 0.043647647648, 0.698961961962, 0.170451451451, 0.116245245245, 0.086238238238, 0.077526526527, 0.175291291291, 0.068814814815, 0.113341341341, 0.234337337337, 0.034935935936, 0.038807807808, 0.09978978979, 0.098821821822, 0.050423423423, 0.710577577578, 0.079462462462, 0.717353353353, 0.222721721722, 0.373724724725, 0.139476476476, 0.485041041041, 0.08527027027, 0.94288988989, 0.10462962963, 0.033967967968, 0.676698698699, 0.391148148148, 0.088174174174, 0.131732732733, 0.26628028028, 0.083334334334, 0.444386386386, 0.101725725726, 0.260472472472, 0.20917017017, 0.154963963964, 0.150124124124, 0.258536536537, 0.424059059059, 0.210138138138, 0.040743743744, 0.865452452452, 0.052359359359, 0.048487487487, 0.968057057057, 0.468585585586, 0.369852852853, 0.055263263263, 0.135604604605, 0.063974974975, 0.172387387387, 0.064942942943, 0.327262262262, 0.183035035035, 0.056231231231, 0.069782782783, 0.160771771772, 0.236273273273, 0.267248248248, 0.046551551552, 0.317582582583, 0.495688688689, 0.167547547548, 0.212074074074, 0.125924924925, 0.081398398398, 0.070750750751, 0.238209209209, 0.839317317317, 0.812214214214, 0.184003003003, 0.195618618619, 0.03783983984, 0.813182182182, 0.755104104104, 0.191746746747, 0.153995995996, 0.180131131131, 0.128828828829, 0.063007007007, 0.102693693694, 0.476329329329, 0.08043043043, 0.417283283283, 0.294351351351, 0.185938938939, 0.908043043043, 0.216913913914, 0.351461461461, 0.679602602603, 0.593453453453, 0.700897897898, 0.076558558559, 0.872228228228], "b_BMP": [0.017342342342, 0.018918918919, 0.011081081081, 0.023918918919, 0.013378378378, 0.022162162162, 0.007207207207, 0.021216216216, 0.013648648649, 0.033108108108, 0.01972972973, 0.013513513514, 0.012612612613, 0.007747747748, 0.009324324324, 0.023198198198, 0.026756756757, 0.021981981982, 0.021621621622, 0.008693693694, 0.006756756757, 0.040495495495, 0.006081081081, 0.02009009009, 0.017252252252, 0.006981981982, 0.010810810811, 0.005495495495, 0.006396396396, 0.014144144144, 0.011666666667, 0.005135135135, 0.012297297297, 0.031846846847, 0.007162162162, 0.028873873874, 0.039144144144, 0.010765765766, 0.014234234234, 0.016846846847, 0.032252252252, 0.005585585586, 0.009189189189, 0.008243243243, 0.022657657658, 0.01509009009, 0.040405405405, 0.006486486486, 0.030945945946, 0.024279279279, 0.007342342342, 0.009054054054, 0.015585585586, 0.020495495495, 0.017207207207, 0.037252252252, 0.010045045045, 0.036621621622, 0.00972972973, 0.009414414414, 0.025585585586, 0.032837837838, 0.008198198198, 0.021711711712, 0.009279279279, 0.026126126126, 0.021081081081, 0.011756756757, 0.007252252252, 0.00990990991, 0.019009009009, 0.037657657658, 0.041396396396, 0.023873873874, 0.005945945946, 0.006666666667, 0.039009009009, 0.013288288288, 0.046981981982, 0.02, 0.021576576577, 0.014594594595, 0.020990990991, 0.042612612613, 0.033693693694, 0.048018018018, 0.038468468468, 0.016306306306, 0.038873873874, 0.033828828829, 0.033153153153, 0.018513513514, 0.006441441441, 0.034684684685, 0.01545045045, 0.009774774775, 0.012927927928, 0.012072072072, 0.031261261261, 0.015945945946],