{"min": 0.12474967047356242, "max": 13.17775282768194, "mean": 2.6455822078264513}