{"min": 0.019382573488552473, "max": 12.291573514731546, "mean": 2.0137888923802434}