{
  "MG_L_t": 0.000571127656007273,
  "MG_M_t": 0.020672876142922514,
  "maturity_t": 0.003411460496518063,
  "a_Diff": 0.43868164114852615,
  "a_P": 0.21060835955379942,
  "a_m_OC": 0.00014523454388435463,
  "a_m_ALP": 0.012678362667104797,
  "c_weight": 0.025780812991852028,
  "CD_H_t": 0.10494932872590705,
  "a_c_Mo": 0.006206305895265853,
  "a_Pr_Mo": 0.21698436501597457,
  "MG_H_t": 0.017868105461318964,
  "pH_t": 0.005432767751778975,
  "a_TGF_nTGF": 0.030533345581572325,
  "b_BMP": 0.6074331033222263,
  "b_TGF": 0.0060393054105416615,
  "a_Mo": 0.035826794751325414
}