{
  "MG_L_t": 0.07422724642070631,
  "MG_M_t": 0.010062434580668593,
  "maturity_t": 7.573920017478896e-05,
  "a_P": 1.7769930157887943,
  "a_m_OC": 0.03211898763041743,
  "a_m_ALP": 0.0029224062884969115,
  "c_weight": 0.006623955773535326,
  "CD_H_t": 0.01416397348317864,
  "a_Pr_Mo": 0.0663881723973665,
  "MG_H_t": 0.0013832720540477047,
  "pH_t": 0.0004719649374227648,
  "a_TGF_nTGF": 0.1017979951414495,
  "b_BMP": 0.2866110761802629,
  "b_TGF": 0.2667566286993765
}