{"b_TGF": 3.959807248507476e-13, "a_Mo": 0.693077173500811, "b_BMP": 1.0112532825136204e-21, "B_Pr": 0.5870850554004825, "a_P": 0.9871156077733368}