{"medians": {"b_TGF": 0.045346846846999994, "a_Mo": 5.065065065064999, "b_BMP": 0.0146171171175, "B_Pr": 0.058950950951, "a_P": 10.2907907907905}}