{"posteriors": {"b_TGF": [0.036675675676, 0.04172972973, 0.031423423423, 0.037765765766, 0.048369369369, 0.030927927928, 0.025378378378, 0.047873873874, 0.028846846847, 0.033108108108, 0.031522522523, 0.034495495495, 0.035387387387, 0.040243243243, 0.02190990991, 0.034099099099, 0.051144144144, 0.040936936937, 0.049558558559, 0.042918918919, 0.026072072072, 0.052333333333, 0.03836036036, 0.030630630631, 0.045693693694, 0.048567567568, 0.026567567568, 0.057783783784, 0.04609009009, 0.038657657658, 0.040738738739, 0.030333333333, 0.045, 0.064225225225, 0.057189189189, 0.059072072072, 0.051837837838, 0.061351351351, 0.038261261261, 0.049459459459, 0.060063063063, 0.055702702703, 0.06263963964, 0.046783783784, 0.058774774775, 0.048072072072, 0.05163963964, 0.058477477477, 0.054513513514, 0.066009009009], "a_Mo": [0.4004004004, 2.072072072072, 1.691691691692, 5.325325325325, 2.352352352352, 4.354354354354, 1.021021021021, 0.860860860861, 2.602602602603, 2.882882882883, 0.920920920921, 0.720720720721, 7.317317317317, 9.009009009009, 1.871871871872, 4.964964964965, 6.376376376376, 1.921921921922, 4.904904904905, 0.45045045045, 0.01001001001, 2.632632632633, 7.267267267267, 4.254254254254, 7.517517517518, 7.857857857858, 5.165165165165, 2.792792792793, 3.353353353353, 7.167167167167, 9.129129129129, 5.705705705706, 2.192192192192, 5.805805805806, 6.346346346346, 8.638638638639, 6.796796796797, 6.926926926927, 8.928928928929, 6.256256256256, 9.83983983984, 9.75975975976, 8.598598598599, 6.206206206206, 3.473473473473, 5.945945945946, 4.644644644645, 4.084084084084, 6.766766766767, 7.767767767768], "b_BMP": [0.012387387387, 0.013018018018, 0.011351351351, 0.014954954955, 0.012432432432, 0.013648648649, 0.014189189189, 0.012837837838, 0.010540540541, 0.01027027027, 0.013963963964, 0.01545045045, 0.017612612613, 0.017657657658, 0.012072072072, 0.010855855856, 0.01481981982, 0.015045045045, 0.012702702703, 0.014684684685, 0.008243243243, 0.01454954955, 0.018288288288, 0.016801801802, 0.014099099099, 0.017297297297, 0.014279279279, 0.01536036036, 0.009189189189, 0.017882882883, 0.016891891892, 0.017702702703, 0.015495495495, 0.013828828829, 0.013108108108, 0.017117117117, 0.012567567568, 0.015765765766, 0.019054054054, 0.018198198198, 0.018153153153, 0.015585585586, 0.017207207207, 0.010720720721, 0.01472972973, 0.017027027027, 0.009684684685, 0.010315315315, 0.011891891892, 0.015810810811], "B_Pr": [0.066057057057, 0.077538538539, 0.064257257257, 0.080021021021, 0.057988988989, 0.064505505506, 0.078593593594, 0.068229229229, 0.028385385385, 0.040797797798, 0.028075075075, 0.038997997998, 0.026771771772, 0.047004004004, 0.078283283283, 0.072945945946, 0.065498498498, 0.077228228228, 0.075676676677, 0.03663963964, 0.057554554555, 0.06103003003, 0.028447447447, 0.074807807808, 0.047562562563, 0.06071971972, 0.082813813814, 0.025778778779, 0.078097097097, 0.065808808809, 0.066119119119, 0.063264264264, 0.080269269269, 0.027144144144, 0.050665665666, 0.037198198198, 0.025468468468, 0.047500500501, 0.025406406406, 0.025840840841, 0.047872872873, 0.022365365365, 0.034219219219, 0.059912912913, 0.05258958959, 0.071518518519, 0.060471471471, 0.054265265265, 0.067856856857, 0.035584584585], "a_P": [5.07007007007, 8.17017017017, 1.209209209209, 7.371371371371, 2.806806806807, 9.33033033033, 7.97997997998, 9.178178178178, 19.448448448448, 7.2002002002, 4.537537537538, 8.493493493493, 9.197197197197, 3.947947947948, 7.656656656657, 19.334334334334, 16.101101101101, 9.938938938939, 6.572572572573, 19.391391391391, 5.298298298298, 16.804804804805, 15.73973973974, 9.805805805806, 17.983983983984, 7.618618618619, 16.253253253253, 17.603603603604, 16.766766766767, 11.042042042042, 19.505505505506, 3.510510510511, 12.620620620621, 10.623623623624, 14.57957957958, 15.283283283283, 15.682682682683, 17.014014014014, 18.364364364364, 11.66966966967, 2.711711711712, 8.911911911912, 11.308308308308, 1.684684684685, 1.323323323323, 10.129129129129, 18.25025025025, 10.452452452452, 19.847847847848, 16.044044044044]}}