{"MG_M_t": 0.0483494433796971, "maturity_t": 0.7411796674058622, "a_Pr_Mo": 0.0020871069010578486, "a_m_OC": 0.0001737540137464658, "MG_L_t": 7.138198042365478e-05}