{"medians": {"MG_M_t": 12.119619619619499, "maturity_t": 0.791991991992, "a_Pr_Mo": 7.702702702703, "a_m_OC": 0.6744244244245, "MG_L_t": 3.753753753754}}