{"posteriors": {"MG_M_t": [11.161161161161, 11.441441441441, 14.489489489489, 13.993993993994, 12.427427427427, 10.500500500501, 12.527527527528, 11.331331331331, 10.895895895896, 13.043043043043, 11.546546546547, 11.906906906907, 12.732732732733, 12.122122122122, 13.398398398398, 11.111111111111, 11.101101101101, 12.162162162162, 13.108108108108, 11.396396396396, 13.763763763764, 13.413413413413, 11.021021021021, 13.988988988989, 12.117117117117, 10.14014014014, 12.392392392392, 10.125125125125, 11.551551551552, 12.092092092092, 14.169169169169, 13.998998998999, 12.037037037037, 14.774774774775, 12.342342342342, 13.133133133133, 14.454454454454, 12.252252252252, 11.921921921922, 11.356356356356, 10.28028028028, 13.468468468468, 13.423423423423, 10.780780780781, 11.616616616617, 10.945945945946, 13.343343343343, 12.097097097097, 10.315315315315, 14.074074074074], "maturity_t": [0.805405405405, 0.996796796797, 0.885885885886, 0.708908908909, 0.91031031031, 0.884284284284, 0.826626626627, 0.606006006006, 0.733733733734, 0.842242242242, 0.805005005005, 0.815415415415, 0.711311311311, 0.778978978979, 0.879079079079, 0.652052052052, 0.80980980981, 0.827827827828, 0.963963963964, 0.676876876877, 0.761361361361, 0.876676676677, 0.911511511512, 0.73973973974, 0.821821821822, 0.694094094094, 0.966766766767, 0.895095095095, 0.751751751752, 0.665665665666, 0.778578578579, 0.636836836837, 0.709309309309, 0.815015015015, 0.61961961962, 0.968368368368, 0.915915915916, 0.62962962963, 0.764164164164, 0.627227227227, 0.714514514515, 0.966366366366, 0.945145145145, 0.698098098098, 0.662462462462, 0.706906906907, 0.986786786787, 0.958758758759, 0.757757757758, 0.628828828829], "a_Pr_Mo": [8.728728728729, 7.727727727728, 8.608608608609, 5.865865865866, 5.385385385385, 9.8998998999, 9.5995995996, 7.227227227227, 8.528528528529, 9.169169169169, 4.644644644645, 3.333333333333, 5.495495495495, 4.364364364364, 2.812812812813, 8.968968968969, 9.499499499499, 7.677677677678, 3.873873873874, 8.808808808809, 9.409409409409, 7.197197197197, 8.418418418418, 7.977977977978, 8.908908908909, 8.668668668669, 9.389389389389, 8.338338338338, 7.447447447447, 8.538538538539, 7.967967967968, 6.726726726727, 3.923923923924, 9.68968968969, 7.277277277277, 9.63963963964, 7.427427427427, 8.488488488488, 8.398398398398, 9.379379379379, 1.531531531532, 5.215215215215, 0.21021021021, 9.459459459459, 7.617617617618, 1.751751751752, 6.766766766767, 2.672672672673, 5.965965965966, 7.307307307307], "a_m_OC": [0.752252252252, 0.751251251251, 0.664164164164, 0.62962962963, 0.797297297297, 0.55955955956, 0.608108108108, 0.531531531532, 0.550550550551, 0.539039039039, 0.850850850851, 0.645645645646, 0.703703703704, 0.800800800801, 0.644144144144, 0.549049049049, 0.590590590591, 0.779279279279, 0.599099099099, 0.784284284284, 0.84034034034, 0.626626626627, 0.569069069069, 0.810810810811, 0.876376376376, 0.704204204204, 0.519019019019, 0.75025025025, 0.846346346346, 0.699199199199, 0.865865865866, 0.644644644645, 0.78028028028, 0.6996996997, 0.691691691692, 0.65015015015, 0.591091091091, 0.696196196196, 0.613113113113, 0.714714714715, 0.595595595596, 0.621621621622, 0.816316316316, 0.684684684685, 0.520520520521, 0.515015015015, 0.653653653654, 0.617617617618, 0.71971971972, 0.735735735736], "MG_L_t": [4.298298298298, 2.680680680681, 4.666666666667, 2.312312312312, 3.193193193193, 4.178178178178, 2.016016016016, 9.663663663664, 5.363363363363, 6.852852852853, 4.786786786787, 6.396396396396, 2.968968968969, 4.498498498498, 7.085085085085, 7.725725725726, 5.011011011011, 3.80980980981, 3.697697697698, 2.056056056056, 4.634634634635, 3.121121121121, 2.568568568569, 3.945945945946, 2.896896896897, 5.251251251251, 2.744744744745, 3.305305305305, 2.272272272272, 5.115115115115, 4.778778778779, 4.546546546547, 2.024024024024, 3.601601601602, 3.60960960961, 3.137137137137, 2.096096096096, 2.872872872873, 2.904904904905, 3.537537537538, 2.880880880881, 6.716716716717, 2.648648648649, 4.850850850851, 7.66966966967, 7.533533533534, 3.209209209209, 3.921921921922, 3.897897897898, 2.224224224224]}}