{
    "DNA": {
        "B2016_C": 0.869037508836209,
        "B2016_M": 0.9492425698782018
    },
    "DNA_mean": 0.9091400393572054,
    "OC": {
        "B2016_C": 0.7160829355657237,
        "B2016_M": 0.45681029091616054
    },
    "OC_mean": 0.5864466132409423,
    "ALP": {
        "B2016_C": 0.9715667450303593,
        "B2016_M": 0.6027560087515236
    },
    "ALP_mean": 0.7871613768909415,
    "nTGF": {
        "B2016_C": 0.9327276262425233,
        "B2016_M": 0.7571144432627697
    },
    "nTGF_mean": 0.8449210347526465,
    "nBMP": {
        "B2016_C": 0.5650504843220634,
        "B2016_M": 0.7790494235583939
    },
    "nBMP_mean": 0.6720499539402287
}