{"a_Mo": 7.791836075678386e-06, "B_Pr": 0.41717628648539173, "a_TGF_nTGF": 0.43851356829504773, "b_TGF": 5.80584125465846e-18, "c_weight": 2.1658066289707577e-11}