{"a_Diff": 1.1616068068667153e-40, "a_P": 0.3969605964675824, "a_TGF_nTGF": 0.9286876229837234, "B_Pr": 0.4132423610758703, "b_TGF": 0.00013159020578934786}