{"medians": {"a_Mo": 6.246246246246, "B_Pr": 0.042907907908000004, "a_TGF_nTGF": 0.1077387387385, "b_TGF": 0.0179954954955, "c_weight": 0.0004085585585}}