{"medians": {"a_Diff": 1.6171171171175, "a_P": 5.5990990990995, "a_TGF_nTGF": 0.12125175175200001, "B_Pr": 0.052775775776, "b_TGF": 0.027509009009}}