{"posteriors": {"a_Diff": [1.261261261261, 1.162162162162, 1.063063063063, 1.045045045045, 1.324324324324, 1.225225225225, 1.279279279279, 1.153153153153, 1.540540540541, 1.423423423423, 1.144144144144, 1.09009009009, 1.405405405405, 1.711711711712, 1.171171171171, 1.126126126126, 1.441441441441, 1.558558558559, 1.027027027027, 1.657657657658, 1.504504504505, 1.612612612613, 1.036036036036, 1.477477477477, 1.459459459459, 1.207207207207, 1.576576576577, 1.216216216216, 1.252252252252, 1.765765765766, 2.135135135135, 1.243243243243, 1.18018018018, 1.801801801802, 1.531531531532, 1.0, 1.900900900901, 1.72972972973, 1.099099099099, 1.702702702703, 1.594594594595, 1.54954954955, 1.108108108108, 2.27027027027, 1.135135135135, 2.036036036036, 2.162162162162, 1.018018018018, 2.027027027027, 2.315315315315, 1.927927927928, 1.387387387387, 1.873873873874, 1.351351351351, 1.054054054054, 2.432432432432, 1.315315315315, 1.882882882883, 1.963963963964, 2.288288288288, 2.585585585586, 2.342342342342, 2.252252252252, 2.297297297297, 2.099099099099, 1.306306306306, 2.522522522523, 2.081081081081, 2.0, 1.117117117117, 1.828828828829, 2.225225225225, 1.810810810811, 1.081081081081, 2.108108108108, 2.891891891892, 1.288288288288, 2.396396396396, 1.009009009009, 2.117117117117, 2.189189189189, 1.774774774775, 1.414414414414, 1.684684684685, 1.189189189189, 2.693693693694, 2.477477477477, 2.351351351351, 1.522522522523, 2.216216216216, 2.837837837838, 3.144144144144, 1.621621621622, 1.981981981982, 2.648648648649, 1.693693693694, 2.486486486486, 2.846846846847, 1.666666666667, 1.567567567568], "a_P": [9.963963963964, 3.036036036036, 3.522522522523, 9.693693693694, 7.567567567568, 5.675675675676, 9.657657657658, 4.135135135135, 3.765765765766, 9.972972972973, 4.747747747748, 3.09009009009, 8.288288288288, 2.117117117117, 3.531531531532, 1.954954954955, 6.207207207207, 4.513513513514, 7.963963963964, 5.72972972973, 2.09009009009, 3.954954954955, 6.765765765766, 4.810810810811, 5.837837837838, 1.108108108108, 9.477477477477, 4.396396396396, 9.333333333333, 7.027027027027, 7.27027027027, 2.495495495495, 9.198198198198, 6.72972972973, 5.0, 5.594594594595, 5.414414414414, 2.45045045045, 9.801801801802, 4.441441441441, 9.423423423423, 9.459459459459, 7.45045045045, 6.792792792793, 4.711711711712, 1.972972972973, 5.423423423423, 7.711711711712, 5.738738738739, 4.414414414414, 3.837837837838, 7.378378378378, 7.405405405405, 7.873873873874, 3.243243243243, 1.540540540541, 2.405405405405, 9.567567567568, 1.387387387387, 7.783783783784, 9.135135135135, 4.882882882883, 5.513513513514, 9.783783783784, 6.153153153153, 3.432432432432, 5.153153153153, 8.432432432432, 5.117117117117, 4.630630630631, 3.342342342342, 1.702702702703, 2.441441441441, 5.603603603604, 5.828828828829, 5.405405405405, 8.900900900901, 8.918918918919, 9.234234234234, 4.594594594595, 2.432432432432, 8.558558558559, 1.612612612613, 6.144144144144, 8.864864864865, 3.747747747748, 1.036036036036, 6.396396396396, 6.693693693694, 4.171171171171, 8.486486486486, 8.018018018018, 1.648648648649, 8.063063063063, 4.378378378378, 4.81981981982, 5.855855855856, 9.045045045045, 7.252252252252, 5.351351351351], "a_TGF_nTGF": [0.196006006006, 0.098153153153, 0.092428428428, 0.085106106106, 0.115327327327, 0.087369369369, 0.089632632633, 0.183624624625, 0.191479479479, 0.161923923924, 0.114528528529, 0.086437437437, 0.088567567568, 0.13582982983, 0.149941941942, 0.090697697698, 0.073656656657, 0.122782782783, 0.108404404404, 0.143418418418, 0.138093093093, 0.073922922923, 0.10054954955, 0.082842842843, 0.107339339339, 0.168314314314, 0.09375975976, 0.181627627628, 0.075786786787, 0.123847847848, 0.117856856857, 0.114129129129, 0.080978978979, 0.165651651652, 0.190946946947, 0.110401401401, 0.123182182182, 0.084972972973, 0.085638638639, 0.153004004004, 0.084307307307, 0.181228228228, 0.183757757758, 0.180828828829, 0.18255955956, 0.070727727728, 0.104277277277, 0.090830830831, 0.119720720721, 0.160991991992, 0.146613613614, 0.193742742743, 0.069263263263, 0.149542542543, 0.107871871872, 0.129705705706, 0.098685685686, 0.077251251251, 0.135962962963, 0.169512512513, 0.189482482482, 0.170045045045, 0.078183183183, 0.118788788789, 0.081777777778, 0.147412412412, 0.16897997998, 0.110268268268, 0.098951951952, 0.118389389389, 0.15114014014, 0.1778998999, 0.071393393393, 0.199201201201, 0.135164164164, 0.179231231231, 0.141155155155, 0.105741741742, 0.145548548549, 0.08483983984, 0.068863863864, 0.068730730731, 0.099617617618, 0.123448448448, 0.157131131131, 0.090165165165, 0.132501501502, 0.094558558559, 0.159261261261, 0.138758758759, 0.147013013013, 0.189349349349, 0.092694694695, 0.108138138138, 0.106008008008, 0.191745745746, 0.136362362362, 0.147811811812, 0.15153953954, 0.164453453453], "B_Pr": [0.051906906907, 0.072139139139, 0.071022022022, 0.075614614615, 0.081696696697, 0.058547547548, 0.048555555556, 0.067670670671, 0.065374374374, 0.081510510511, 0.053396396396, 0.081882882883, 0.078407407407, 0.068663663664, 0.023544544545, 0.027082082082, 0.081014014014, 0.052651651652, 0.034653653654, 0.062023023023, 0.059788788789, 0.063202202202, 0.064443443443, 0.050231231231, 0.029812812813, 0.025468468468, 0.050727727728, 0.035708708709, 0.072387387387, 0.054885885886, 0.043962962963, 0.059106106106, 0.028571571572, 0.067112112112, 0.073504504505, 0.041666666667, 0.041542542543, 0.036391391391, 0.02342042042, 0.034715715716, 0.067422422422, 0.04898998999, 0.022179179179, 0.037570570571, 0.040735735736, 0.040053053053, 0.062209209209, 0.0528998999, 0.041976976977, 0.079710710711, 0.056375375375, 0.043404404404, 0.048617617618, 0.080393393393, 0.073876876877, 0.028881881882, 0.035584584585, 0.022241241241, 0.047128128128, 0.070897897898, 0.049796796797, 0.021558558559, 0.022303303303, 0.055754754755, 0.082751751752, 0.059540540541, 0.028385385385, 0.03546046046, 0.064815815816, 0.064567567568, 0.035026026026, 0.058237237237, 0.062953953954, 0.03874974975, 0.056747747748, 0.038997997998, 0.061960960961, 0.08268968969, 0.035398398398, 0.075738738739, 0.082875875876, 0.080207207207, 0.060905905906, 0.025840840841, 0.02522022022, 0.022737737738, 0.073628628629, 0.052279279279, 0.055196196196, 0.061464464464, 0.061650650651, 0.02733033033, 0.025716716717, 0.024847847848, 0.025034034034, 0.058175175175, 0.033722722723, 0.080269269269, 0.032543543544, 0.029378378378], "b_TGF": [0.026864864865, 0.047378378378, 0.040837837838, 0.062243243243, 0.035783783784, 0.061153153153, 0.058081081081, 0.029738738739, 0.020027027027, 0.026072072072, 0.024189189189, 0.043711711712, 0.033306306306, 0.019333333333, 0.02736036036, 0.045792792793, 0.042324324324, 0.014477477477, 0.023396396396, 0.012891891892, 0.011306306306, 0.046189189189, 0.078198198198, 0.045693693694, 0.04936036036, 0.021117117117, 0.054216216216, 0.006648648649, 0.089099099099, 0.027657657658, 0.017747747748, 0.008828828829, 0.011207207207, 0.026171171171, 0.030036036036, 0.013684684685, 0.010711711712, 0.013585585586, 0.014972972973, 0.005063063063, 0.008333333333, 0.031423423423, 0.006945945946, 0.016855855856, 0.04827027027, 0.038855855856, 0.016261261261, 0.007837837838, 0.02845045045, 0.012297297297, 0.030234234234, 0.036081081081, 0.012495495495, 0.046288288288, 0.098810810811, 0.023099099099, 0.079882882883, 0.004963963964, 0.003576576577, 0.015864864865, 0.009720720721, 0.020522522523, 0.017054054054, 0.012, 0.034792792793, 0.050747747748, 0.008234234234, 0.031720720721, 0.041234234234, 0.08236036036, 0.001990990991, 0.023198198198, 0.067297297297, 0.049756756757, 0.001, 0.009621621622, 0.058576576577, 0.022702702703, 0.08018018018, 0.001594594595, 0.038162162162, 0.079288288288, 0.086522522523, 0.05272972973, 0.065117117117, 0.033207207207, 0.004567567568, 0.003675675676, 0.050153153153, 0.029936936937, 0.016756756757, 0.00654954955, 0.085234234234, 0.049261261261, 0.003081081081, 0.037963963964, 0.001198198198, 0.015171171171, 0.045396396396, 0.053225225225]}}