{"posteriors": {"a_Mo": [7.867867867868, 7.397397397397, 6.996996996997, 6.276276276276, 6.616616616617, 8.348348348348, 8.258258258258, 6.176176176176, 7.467467467467, 5.825825825826, 7.527527527528, 3.743743743744, 5.235235235235, 6.526526526527, 4.884884884885, 2.632632632633, 5.805805805806, 4.464464464464, 5.715715715716, 8.108108108108, 4.694694694695, 8.358358358358, 7.637637637638, 1.701701701702, 2.292292292292, 7.607607607608, 6.426426426426, 5.505505505506, 7.667667667668, 8.868868868869, 4.474474474474, 7.677677677678, 6.796796796797, 2.552552552553, 6.216216216216, 8.548548548549, 2.972972972973, 7.477477477477, 7.347347347347, 6.816816816817, 5.045045045045, 6.136136136136, 5.475475475475, 3.033033033033, 6.456456456456, 0.670670670671, 8.728728728729, 3.213213213213, 5.455455455455, 5.555555555556], "B_Pr": [0.033412412412, 0.022675675676, 0.031364364364, 0.056313313313, 0.023606606607, 0.032295295295, 0.035212212212, 0.043838838839, 0.02702002002, 0.045700700701, 0.042783783784, 0.038501501502, 0.048865865866, 0.037880880881, 0.031984984985, 0.02131031031, 0.081882882883, 0.025716716717, 0.044397397397, 0.030743743744, 0.031736736737, 0.044273273273, 0.032109109109, 0.044893893894, 0.038563563564, 0.026213213213, 0.027454454454, 0.043032032032, 0.043218218218, 0.077352352352, 0.078283283283, 0.026337337337, 0.047438438438, 0.05860960961, 0.034157157157, 0.079834834835, 0.035770770771, 0.023234234234, 0.076297297297, 0.081014014014, 0.022489489489, 0.076235235235, 0.052713713714, 0.059664664665, 0.074435435435, 0.05321021021, 0.064567567568, 0.052465465465, 0.021248248248, 0.047686686687], "a_TGF_nTGF": [0.123448448448, 0.106407407407, 0.122117117117, 0.123847847848, 0.073257257257, 0.102945945946, 0.145947947948, 0.10054954955, 0.162855855856, 0.145415415415, 0.156066066066, 0.189216216216, 0.135164164164, 0.10480980981, 0.096156156156, 0.165252252252, 0.069795795796, 0.081777777778, 0.174571571572, 0.187751751752, 0.078183183183, 0.083774774775, 0.068863863864, 0.160592592593, 0.093227227227, 0.098685685686, 0.108005005005, 0.07339039039, 0.198136136136, 0.127841841842, 0.103212212212, 0.141820820821, 0.104011011011, 0.193343343343, 0.069396396396, 0.085106106106, 0.113064064064, 0.161125125125, 0.067665665666, 0.097221221221, 0.156598598599, 0.172175175175, 0.107472472472, 0.148876876877, 0.081511511512, 0.126643643644, 0.07165965966, 0.098153153153, 0.121983983984, 0.089765765766], "b_TGF": [0.017945945946, 0.026171171171, 0.015369369369, 0.022009009009, 0.020621621622, 0.02845045045, 0.016261261261, 0.016063063063, 0.018243243243, 0.012198198198, 0.016756756757, 0.007144144144, 0.017846846847, 0.031126126126, 0.023495495495, 0.015468468468, 0.022801801802, 0.011801801802, 0.019234234234, 0.015963963964, 0.031423423423, 0.037072072072, 0.014279279279, 0.007738738739, 0.015666666667, 0.036774774775, 0.016558558559, 0.020324324324, 0.018837837838, 0.02854954955, 0.024981981982, 0.019927927928, 0.00981981982, 0.006054054054, 0.00872972973, 0.045297297297, 0.008630630631, 0.02627027027, 0.034099099099, 0.018045045045, 0.02081981982, 0.012, 0.015765765766, 0.012297297297, 0.036576576577, 0.009720720721, 0.038063063063, 0.010018018018, 0.022405405405, 0.017252252252], "c_weight": [0.000373873874, 0.000443243243, 0.000335135135, 0.000459459459, 0.000392792793, 0.000590990991, 0.000290990991, 0.000502702703, 0.000310810811, 0.000296396396, 0.0003, 0.000338738739, 0.000448648649, 0.000463963964, 0.000381081081, 0.000377477477, 0.000484684685, 0.000407207207, 0.000476576577, 0.000686486486, 0.000436936937, 0.000536936937, 0.000385585586, 0.000345945946, 0.000436036036, 0.00040990991, 0.000671171171, 0.000332432432, 0.000572972973, 0.000584684685, 0.0004, 0.000202702703, 0.000586486486, 0.000324324324, 0.000433333333, 0.00048018018, 0.000356756757, 0.000440540541, 0.000306306306, 0.000657657658, 0.00058018018, 0.000200900901, 0.000643243243, 0.000276576577, 0.000397297297, 0.000375675676, 0.000685585586, 0.000371171171, 0.000608108108, 0.000264864865]}}