{"min": 1.1102230246251565e-16, "max": 6.308199532696097, "mean": 1.164147819039037}