{"min": 0.04095940880447217, "max": 3.7190437530230622, "mean": 0.6948180583102467}