{"MG_M_t": 0.4006066269458882, "CD_H_t": 1.1112311416679774e-06, "a_c_Mo": 0.11810609425378883, "MG_H_t": 0.09204537164909736, "a_Pr_Mo": 0.4017333469127353, "pH_t": 0.015548819707708755}