{"medians": {"MG_M_t": 12.427427427427, "CD_H_t": 0.9136186186185, "a_c_Mo": 12.062062062062001, "MG_H_t": 30.820820820820998, "a_Pr_Mo": 5.4904904904905, "pH_t": 8.9139139139135}}