{"posteriors": {"MG_M_t": [14.93993993994, 11.941941941942, 13.493493493493, 13.148148148148, 11.821821821822, 13.748748748749, 10.405405405405, 13.953953953954, 14.079079079079, 14.174174174174, 11.521521521522, 14.359359359359, 14.6996996997, 12.432432432432, 10.845845845846, 11.766766766767, 14.299299299299, 14.674674674675, 10.835835835836, 10.945945945946, 11.976976976977, 10.965965965966, 13.858858858859, 10.860860860861, 11.891891891892, 12.437437437437, 13.533533533534, 11.121121121121, 14.75975975976, 11.251251251251, 10.3003003003, 12.897897897898, 10.105105105105, 11.281281281281, 11.416416416416, 12.217217217217, 12.422422422422, 10.2002002002, 12.812812812813, 13.188188188188, 12.762762762763, 12.347347347347, 14.039039039039, 13.413413413413, 10.12012012012, 12.692692692693, 12.142142142142, 11.466466466466, 12.482482482482, 13.443443443443], "CD_H_t": [0.931621621622, 0.95012012012, 0.843423423423, 0.90981981982, 0.912132132132, 0.912792792793, 0.958048048048, 0.938888888889, 0.964324324324, 0.88966966967, 0.9596996997, 0.701711711712, 0.876456456456, 0.917747747748, 0.876126126126, 0.891321321321, 0.863243243243, 0.896606606607, 0.767447447447, 0.998678678679, 0.787927927928, 0.976546546547, 0.996696696697, 0.855975975976, 0.931291291291, 0.903873873874, 0.783963963964, 0.969279279279, 0.894954954955, 0.862912912913, 0.959369369369, 0.908828828829, 0.848708708709, 0.805105105105, 0.914444444444, 0.930960960961, 0.910810810811, 0.987777777778, 0.99009009009, 0.915105105105, 0.906186186186, 0.820630630631, 0.974564564565, 0.938558558559, 0.856636636637, 0.999009009009, 0.951441441441, 0.997027027027, 0.928978978979, 0.94978978979], "a_c_Mo": [16.456456456456, 18.498498498498, 12.792792792793, 12.532532532533, 19.199199199199, 4.224224224224, 15.975975975976, 11.831831831832, 18.638638638639, 8.628628628629, 10.07007007007, 19.91991991992, 17.237237237237, 1.561561561562, 10.17017017017, 11.131131131131, 12.692692692693, 3.423423423423, 12.292292292292, 13.613613613614, 1.301301301301, 14.974974974975, 17.017017017017, 7.487487487487, 10.770770770771, 4.564564564565, 19.179179179179, 11.391391391391, 5.845845845846, 3.303303303303, 8.488488488488, 6.266266266266, 4.784784784785, 3.683683683684, 11.811811811812, 13.873873873874, 19.6996996997, 5.645645645646, 12.552552552553, 9.189189189189, 16.476476476476, 13.433433433433, 10.910910910911, 7.787787787788, 16.596596596597, 18.378378378378, 17.997997997998, 12.712712712713, 7.247247247247, 16.216216216216], "MG_H_t": [31.151151151151, 39.059059059059, 31.971971971972, 22.322322322322, 28.748748748749, 26.666666666667, 32.672672672673, 39.87987987988, 22.122122122122, 38.018018018018, 21.961961961962, 26.106106106106, 22.622622622623, 28.628628628629, 32.172172172172, 34.634634634635, 34.314314314314, 31.451451451451, 37.677677677678, 24.544544544545, 27.147147147147, 31.111111111111, 25.585585585586, 29.92992992993, 24.804804804805, 34.174174174174, 38.918918918919, 35.975975975976, 32.072072072072, 28.088088088088, 29.129129129129, 23.183183183183, 38.378378378378, 35.655655655656, 36.616616616617, 33.253253253253, 25.025025025025, 29.469469469469, 26.326326326326, 27.427427427427, 30.510510510511, 38.458458458458, 27.127127127127, 34.954954954955, 30.530530530531, 21.761761761762, 31.231231231231, 33.213213213213, 34.494494494494, 26.766766766767], "a_Pr_Mo": [1.291291291291, 1.161161161161, 4.664664664665, 2.972972972973, 9.369369369369, 1.351351351351, 5.535535535536, 5.445445445445, 1.421421421421, 8.608608608609, 8.248248248248, 1.371371371371, 0.28028028028, 3.583583583584, 6.246246246246, 2.582582582583, 0.920920920921, 6.466466466466, 5.805805805806, 5.325325325325, 9.56956956957, 9.239239239239, 8.958958958959, 6.176176176176, 1.661661661662, 1.101101101101, 9.479479479479, 4.714714714715, 9.55955955956, 8.648648648649, 1.411411411411, 5.355355355355, 1.991991991992, 2.852852852853, 2.482482482482, 8.798798798799, 6.986986986987, 2.142142142142, 6.756756756757, 7.787787787788, 5.225225225225, 9.249249249249, 9.089089089089, 0.660660660661, 8.778778778779, 7.427427427427, 5.725725725726, 2.872872872873, 7.147147147147, 9.119119119119], "pH_t": [8.891391391391, 8.896396396396, 9.063563563564, 8.631131131131, 8.77027027027, 8.887387387387, 8.943443443443, 8.555055055055, 8.829329329329, 8.852352352352, 8.568068068068, 9.090590590591, 8.98048048048, 8.973473473473, 8.688188188188, 8.951451451451, 9.198698698699, 8.964464464464, 9.043543543544, 8.821321321321, 9.42992992993, 9.271771771772, 8.645145145145, 8.753253253253, 8.899399399399, 8.928428428428, 8.724224224224, 9.372872872873, 8.599099099099, 9.00950950951, 8.771271271271, 8.762262262262, 8.57007007007, 9.086586586587, 9.244744744745, 8.584084084084, 9.020520520521, 8.614114114114, 8.942442442442, 9.224724724725, 9.291791791792, 9.144644644645, 8.779279279279, 9.350850850851, 8.967467467467, 9.154654654655, 8.516016016016, 8.648148148148, 8.502002002002, 9.087587587588]}}