{"min": 1.1102230246251565e-16, "max": 2.153116572803304, "mean": 0.33655088037242176}