{
  "MG_M_t": 0.48889825751778593,
  "maturity_t": 0.0011282599523583033,
  "a_m_OC": 0.10923636796857437,
  "a_m_ALP": 0.08168205215113056,
  "CD_H_t": 0.1219870374237644,
  "a_Pr_Mo": 0.10746224823490241,
  "MG_H_t": 0.13115411259926882,
  "pH_t": 1.045604829725884,
  "a_TGF_nTGF": 0.3507804933424324
}