{
  "MG_L_t": 0.027694936816025893,
  "MG_M_t": 3.9268878403843116e-05,
  "maturity_t": 0.003650624954229392,
  "CD_H_t": 0.0014522921132119886,
  "a_c_Mo": 2.3157593979088288e-05,
  "MG_H_t": 5.014904025622592e-06,
  "b_TGF": 0.6187700740943519,
  "a_Pr_Mo": 4.8560716764859335e-05,
  "pH_t": 0.003312651323518574,
  "a_P": 0.022526857102057415,
  "a_Mo": 0.0007130530938483496,
  "B_Pr": 0.03117914276279609,
  "a_m_OC": 0.01250673805511708,
  "c_weight": 0.07739459756193699,
  "a_TGF_nTGF": 0.8277307480535014
}