{"a_m_ALP": 0.06834337090359052, "a_c_Mo": 0.754648612266302, "a_TGF_nTGF": 0.0301939507249927, "b_TGF": 0.002076993000430229, "a_Mo": 1.0005038130912548e-09}