{"a_P": 3.7031169415807416e-10, "a_Pr_Mo": 0.15685330334253345, "a_TGF_nTGF": 0.6610489173097243, "b_BMP": 5.409571131774859e-05, "b_TGF": 0.0001834344169872297}