{"medians": {"a_m_ALP": 0.804804804805, "a_c_Mo": 11.5615615615615, "a_TGF_nTGF": 0.10287937937950001, "b_TGF": 0.039054054054000004, "a_Mo": 7.0570570570569995}}