{"medians": {"a_P": 6.333333333333, "a_Pr_Mo": 6.286286286286, "a_TGF_nTGF": 0.11392942942949999, "b_BMP": 0.0165865865865, "b_TGF": 0.193093093093}}