{"posteriors": {"a_m_ALP": [0.92042042042, 0.981481481481, 0.68968968969, 0.786786786787, 0.52952952953, 0.80980980981, 0.842342342342, 0.831831831832, 0.772272272272, 0.627127127127, 0.669169169169, 0.682682682683, 0.523523523524, 0.956956956957, 0.817817817818, 0.82982982983, 0.694694694695, 0.66966966967, 0.830830830831, 0.822822822823, 0.774274274274, 0.874374374374, 0.664664664665, 0.680680680681, 0.860860860861, 0.824324324324, 0.7997997998, 0.544044044044, 0.705205205205, 0.994994994995, 0.638138138138, 0.525525525526, 0.661161161161, 0.64964964965, 0.914914914915, 0.935435435435, 0.879379379379, 0.931931931932, 0.842842842843, 0.972972972973, 0.701201201201, 0.603603603604, 0.826326326326, 0.77027027027, 0.914414414414, 0.882382382382, 0.874874874875, 0.876376376376, 0.777277277277, 0.611611611612], "a_c_Mo": [18.978978978979, 16.396396396396, 11.351351351351, 9.82982982983, 9.429429429429, 19.55955955956, 13.313313313313, 16.096096096096, 4.704704704705, 4.724724724725, 12.232232232232, 5.985985985986, 19.139139139139, 13.853853853854, 4.304304304304, 19.57957957958, 7.167167167167, 6.286286286286, 11.771771771772, 1.381381381381, 10.550550550551, 13.973973973974, 14.934934934935, 14.334334334334, 15.395395395395, 4.484484484484, 9.64964964965, 10.17017017017, 8.408408408408, 17.497497497497, 13.233233233233, 3.543543543544, 1.441441441441, 9.349349349349, 19.219219219219, 7.067067067067, 17.517517517518, 0.18018018018, 14.554554554555, 16.356356356356, 6.466466466466, 19.5995995996, 17.757757757758, 19.499499499499, 3.723723723724, 4.144144144144, 19.039039039039, 7.747747747748, 16.776776776777, 1.721721721722], "a_TGF_nTGF": [0.09336036036, 0.075254254254, 0.078981981982, 0.098419419419, 0.127442442442, 0.067798798799, 0.104011011011, 0.156332332332, 0.123980980981, 0.067399399399, 0.067266266266, 0.101082082082, 0.070594594595, 0.089632632633, 0.079115115115, 0.098153153153, 0.084174174174, 0.082975975976, 0.132235235235, 0.084972972973, 0.097354354354, 0.164985985986, 0.138891891892, 0.18216016016, 0.098685685686, 0.087369369369, 0.13117017017, 0.082044044044, 0.093094094094, 0.10907007007, 0.105475475475, 0.136229229229, 0.101747747748, 0.149675675676, 0.191745745746, 0.167515515516, 0.09123023023, 0.10015015015, 0.121717717718, 0.125179179179, 0.077251251251, 0.163787787788, 0.1336996997, 0.073523523524, 0.149542542543, 0.128374374374, 0.129572572573, 0.153137137137, 0.168181181181, 0.107871871872], "b_TGF": [0.029540540541, 0.068981981982, 0.053225225225, 0.049756756757, 0.041135135135, 0.066603603604, 0.028648648649, 0.022603603604, 0.024387387387, 0.083945945946, 0.068684684685, 0.061945945946, 0.090486486486, 0.058774774775, 0.035585585586, 0.061846846847, 0.067, 0.052135135135, 0.017747747748, 0.05045045045, 0.070666666667, 0.020027027027, 0.020423423423, 0.020126126126, 0.017054054054, 0.031918918919, 0.033108108108, 0.052828828829, 0.026171171171, 0.044108108108, 0.060756756757, 0.043117117117, 0.029441441441, 0.043315315315, 0.007738738739, 0.011702702703, 0.081468468468, 0.03509009009, 0.062243243243, 0.017351351351, 0.048468468468, 0.015666666667, 0.009324324324, 0.098414414414, 0.036972972973, 0.033009009009, 0.056297297297, 0.036378378378, 0.023693693694, 0.032810810811], "a_Mo": [5.475475475475, 9.019019019019, 8.598598598599, 7.907907907908, 8.128128128128, 8.648648648649, 6.846846846847, 6.626626626627, 6.756756756757, 8.348348348348, 8.398398398398, 9.95995995996, 9.009009009009, 8.838838838839, 6.926926926927, 8.248248248248, 9.219219219219, 7.887887887888, 5.075075075075, 8.188188188188, 9.6996996997, 6.036036036036, 5.565565565566, 4.194194194194, 4.844844844845, 7.037037037037, 5.815815815816, 7.007007007007, 6.696696696697, 6.866866866867, 8.698698698699, 8.888888888889, 6.476476476476, 7.637637637638, 5.805805805806, 4.954954954955, 9.85985985986, 6.956956956957, 8.518518518519, 4.674674674675, 7.697697697698, 4.704704704705, 6.266266266266, 6.836836836837, 7.077077077077, 7.217217217217, 8.718718718719, 6.196196196196, 5.445445445445, 7.227227227227]}}