{"posteriors": {"a_P": [7.081081081081, 5.792792792793, 8.423423423423, 6.369369369369, 5.09009009009, 8.315315315315, 6.387387387387, 6.351351351351, 8.351351351351, 6.117117117117, 5.279279279279, 8.036036036036, 5.36036036036, 6.126126126126, 8.252252252252, 6.099099099099, 7.333333333333, 6.486486486486, 5.081081081081, 7.90990990991, 6.900900900901, 7.765765765766, 8.126126126126, 4.891891891892, 4.144144144144, 7.963963963964, 7.009009009009, 5.666666666667, 6.864864864865, 4.288288288288, 4.459459459459, 6.225225225225, 6.315315315315, 5.117117117117, 4.234234234234, 6.36036036036, 6.009009009009, 6.693693693694, 4.198198198198, 9.045045045045, 7.675675675676, 5.414414414414, 5.684684684685, 6.630630630631, 4.837837837838, 4.702702702703, 7.585585585586, 7.630630630631, 4.783783783784, 5.702702702703], "a_Pr_Mo": [8.268268268268, 5.385385385385, 8.548548548549, 2.452452452452, 5.055055055055, 6.806806806807, 8.198198198198, 8.958958958959, 9.68968968969, 2.292292292292, 0.970970970971, 6.276276276276, 6.346346346346, 9.60960960961, 5.365365365365, 6.856856856857, 7.587587587588, 3.203203203203, 4.814814814815, 8.318318318318, 8.278278278278, 5.885885885886, 6.256256256256, 3.583583583584, 7.887887887888, 7.627627627628, 5.675675675676, 8.288288288288, 6.926926926927, 0.42042042042, 4.484484484484, 10.0, 9.88988988989, 5.735735735736, 4.474474474474, 9.71971971972, 7.987987987988, 4.934934934935, 6.816816816817, 9.129129129129, 4.744744744745, 1.671671671672, 0.2002002002, 9.099099099099, 1.551551551552, 0.26026026026, 6.106106106106, 6.426426426426, 1.611611611612, 6.296296296296], "a_TGF_nTGF": [0.10015015015, 0.082177177177, 0.121318318318, 0.108005005005, 0.192677677678, 0.106407407407, 0.10267967968, 0.133965965966, 0.14261961962, 0.194807807808, 0.199600600601, 0.06952952953, 0.105475475475, 0.097221221221, 0.078715715716, 0.180429429429, 0.132900900901, 0.197204204204, 0.100416416416, 0.096688688689, 0.188417417417, 0.104011011011, 0.196139139139, 0.196538538539, 0.189615615616, 0.112265265265, 0.127575575576, 0.113995995996, 0.068996996997, 0.130105105105, 0.113862862863, 0.11333033033, 0.067665665666, 0.117058058058, 0.079248248248, 0.078316316316, 0.090032032032, 0.143152152152, 0.194009009009, 0.129572572573, 0.161391391391, 0.111067067067, 0.145814814815, 0.127043043043, 0.086038038038, 0.137161161161, 0.094026026026, 0.1333003003, 0.076984984985, 0.081378378378], "b_BMP": [0.024774774775, 0.032422422422, 0.026656656657, 0.023653653654, 0.017247247247, 0.010840840841, 0.011441441441, 0.015445445445, 0.015005005005, 0.015485485485, 0.024214214214, 0.015685685686, 0.011281281281, 0.01016016016, 0.023053053053, 0.024054054054, 0.011841841842, 0.010680680681, 0.042952952953, 0.011681681682, 0.017087087087, 0.041511511512, 0.034864864865, 0.011201201201, 0.025655655656, 0.016086086086, 0.029459459459, 0.011881881882, 0.014324324324, 0.015525525526, 0.016006006006, 0.015405405405, 0.022332332332, 0.034944944945, 0.012762762763, 0.017767767768, 0.025815815816, 0.010920920921, 0.028458458458, 0.012602602603, 0.01012012012, 0.017167167167, 0.017567567568, 0.023853853854, 0.01028028028, 0.020610610611, 0.021931931932, 0.010520520521, 0.031661661662, 0.012122122122], "b_TGF": [0.182082082082, 0.101601601602, 0.125625625626, 0.152452452452, 0.145645645646, 0.251751751752, 0.220920920921, 0.313813813814, 0.240940940941, 0.15005005005, 0.106006006006, 0.17047047047, 0.258558558559, 0.266566566567, 0.195295295295, 0.177277277277, 0.210510510511, 0.184884884885, 0.3002002002, 0.223723723724, 0.199299299299, 0.1004004004, 0.105605605606, 0.112412412412, 0.172472472472, 0.121621621622, 0.190890890891, 0.360660660661, 0.281781781782, 0.184484484484, 0.114814814815, 0.408308308308, 0.463963963964, 0.18008008008, 0.256956956957, 0.463163163163, 0.232132132132, 0.311811811812, 0.118418418418, 0.307807807808, 0.146446446446, 0.222522522523, 0.117217217217, 0.255755755756, 0.143243243243, 0.234134134134, 0.122422422422, 0.124024024024, 0.196496496496, 0.303003003003]}}