{"MG_L_t": 0.5870962178860177, "MG_M_t": 0.3810024314166235, "maturity_t": 0.23030272475706348, "a_Diff": 0.24647860801726465, "a_P": 0.05076253769956446, "a_m_OC": 0.3031954704099317, "a_m_ALP": 0.3797251275671486, "c_weight": 0.583677527460549, "CD_H_t": 0.1106393385299226, "a_c_Mo": 0.8918727109417312, "a_Pr_Mo": 0.74833666042919, "MG_H_t": 0.9466748742219393, "pH_t": 0.7605600060968085, "a_TGF_nTGF": 0.9216250979544103, "a_BMP_nBMP": 8.968649731772946e-07, "B_Pr": 1.1118625398001497e-06, "b_BMP": 0.07445328361573116, "b_TGF": 0.043459812830328105, "a_Mo": 0.5984250546718506}