{"a_Diff": 5.412824434374539e-09, "a_Pr_Mo": 0.249018684599636, "b_BMP": 0.13031064264985398, "a_BMP_nBMP": 0.47234806372957505, "a_Mo": 2.4298483226033534e-17}