{"medians": {"a_Diff": 3.2567567567565003, "a_Pr_Mo": 6.226226226226, "b_BMP": 0.0217317317315, "a_BMP_nBMP": 0.4143793793795, "a_Mo": 2.662662662663}}