{"medians": {"MG_L_t": 5.795795795796, "MG_M_t": 12.4299299299295, "maturity_t": 0.847047047047, "a_Diff": 3.81981981982, "a_P": 2.6261261261264996, "a_m_OC": 0.7277277277275, "a_m_ALP": 0.78003003003, "c_weight": 0.00047252252250000004, "CD_H_t": 0.800975975976, "a_c_Mo": 8.668668668669, "a_Pr_Mo": 4.594594594595, "MG_H_t": 30.040040040039997, "pH_t": 8.918418418418, "a_TGF_nTGF": 0.1369614614615, "a_BMP_nBMP": 0.18497097097100001, "B_Pr": 0.0295025025025, "b_BMP": 0.01759009009, "b_TGF": 0.037171171171, "a_Mo": 5.35035035035}}