{"posteriors": {"a_Diff": [1.792792792793, 3.468468468468, 2.711711711712, 4.063063063063, 6.126126126126, 2.063063063063, 3.513513513514, 2.603603603604, 3.684684684685, 4.117117117117, 3.054054054054, 4.774774774775, 1.918918918919, 5.279279279279, 2.45045045045, 1.891891891892, 2.081081081081, 1.63963963964, 2.585585585586, 4.135135135135, 3.423423423423, 5.900900900901, 1.828828828829, 4.261261261261, 3.990990990991, 2.531531531532, 1.09009009009, 2.279279279279, 2.594594594595, 2.153153153153, 3.369369369369, 5.081081081081, 2.486486486486, 5.837837837838, 4.936936936937, 3.378378378378, 4.027027027027, 1.36036036036, 3.036036036036, 1.351351351351, 4.711711711712, 2.162162162162, 3.603603603604, 5.207207207207, 3.144144144144, 3.135135135135, 4.558558558559, 7.837837837838, 4.720720720721, 2.171171171171], "a_Pr_Mo": [9.6996996997, 7.577577577578, 4.784784784785, 2.022022022022, 8.398398398398, 5.255255255255, 8.688688688689, 9.74974974975, 5.455455455455, 5.965965965966, 9.179179179179, 5.895895895896, 8.708708708709, 8.648648648649, 6.566566566567, 6.946946946947, 7.477477477477, 4.384384384384, 3.703703703704, 9.98998998999, 6.316316316316, 0.23023023023, 7.437437437437, 4.204204204204, 6.916916916917, 4.694694694695, 9.229229229229, 0.13013013013, 7.587587587588, 7.197197197197, 0.900900900901, 8.428428428428, 3.673673673674, 3.083083083083, 7.497497497497, 3.303303303303, 9.069069069069, 8.698698698699, 3.803803803804, 2.462462462462, 1.831831831832, 3.403403403403, 2.782782782783, 9.039039039039, 4.004004004004, 3.243243243243, 6.136136136136, 8.278278278278, 5.405405405405, 6.476476476476], "b_BMP": [0.022412412412, 0.012522522523, 0.018448448448, 0.030700700701, 0.016246246246, 0.024134134134, 0.010920920921, 0.040950950951, 0.032542542543, 0.012642642643, 0.023933933934, 0.036386386386, 0.035785785786, 0.011681681682, 0.010600600601, 0.043833833834, 0.033703703704, 0.036226226226, 0.019289289289, 0.045515515516, 0.030940940941, 0.011241241241, 0.015685685686, 0.015445445445, 0.01956956957, 0.045595595596, 0.03962962963, 0.022132132132, 0.022572572573, 0.027937937938, 0.01988988989, 0.013803803804, 0.024814814815, 0.010760760761, 0.015005005005, 0.023733733734, 0.012802802803, 0.015765765766, 0.039269269269, 0.033183183183, 0.027817817818, 0.015605605606, 0.020770770771, 0.037987987988, 0.032742742743, 0.019049049049, 0.021331331331, 0.011561561562, 0.012882882883, 0.014084084084], "a_BMP_nBMP": [0.961281281281, 0.798662662663, 0.04267967968, 0.154963963964, 0.130764764765, 0.746392392392, 0.213042042042, 0.230465465465, 0.162707707708, 0.178195195195, 0.820925925926, 0.043647647648, 0.802534534535, 0.095917917918, 0.352429429429, 0.469553553554, 0.193682682683, 0.708641641642, 0.211106106106, 0.419219219219, 0.428898898899, 0.361141141141, 0.116245245245, 0.378564564565, 0.732840840841, 0.203362362362, 0.920626626627, 0.436642642643, 0.351461461461, 0.94288988989, 0.307902902903, 0.358237237237, 0.453098098098, 0.40953953954, 0.676698698699, 0.734776776777, 0.735744744745, 0.998064064064, 0.491816816817, 0.510208208208, 0.09011011011, 0.33790990991, 0.586677677678, 0.144316316316, 0.661211211211, 0.728968968969, 0.632172172172, 0.267248248248, 0.299191191191, 0.605069069069], "a_Mo": [1.821821821822, 1.971971971972, 1.641641641642, 3.833833833834, 2.232232232232, 2.782782782783, 0.36036036036, 1.301301301301, 3.343343343343, 3.963963963964, 3.163163163163, 2.242242242242, 2.512512512513, 2.462462462462, 3.353353353353, 1.451451451451, 3.313313313313, 1.811811811812, 1.541541541542, 3.033033033033, 2.122122122122, 3.393393393393, 1.831831831832, 2.892892892893, 2.642642642643, 3.423423423423, 3.043043043043, 2.672672672673, 3.193193193193, 2.322322322322, 1.871871871872, 1.781781781782, 1.431431431431, 2.992992992993, 3.563563563564, 4.044044044044, 3.363363363363, 2.722722722723, 4.124124124124, 2.652652652653, 3.473473473473, 2.172172172172, 2.302302302302, 2.272272272272, 3.303303303303, 3.463463463463, 3.153153153153, 1.331331331331, 3.523523523524, 0.34034034034]}}