{"posteriors": {"MG_L_t": [7.853853853854, 2.512512512513, 4.986986986987, 9.991991991992, 3.92992992993, 8.830830830831, 4.706706706707, 4.01001001001, 2.128128128128, 8.174174174174, 3.001001001001, 6.900900900901, 9.399399399399, 5.099099099099, 7.325325325325, 2.16016016016, 6.652652652653, 3.169169169169, 9.767767767768, 5.115115115115, 6.532532532533, 8.974974974975, 7.781781781782, 4.338338338338, 8.590590590591, 9.711711711712, 5.691691691692, 5.915915915916, 9.151151151151, 2.824824824825, 9.287287287287, 6.14014014014, 5.451451451451, 2.24024024024, 5.187187187187, 3.833833833834, 9.575575575576, 5.8998998999, 3.641641641642, 3.865865865866, 5.043043043043, 8.774774774775, 3.105105105105, 7.485485485485, 7.917917917918, 7.965965965966, 5.57957957958, 2.376376376376, 8.334334334334, 4.274274274274], "MG_M_t": [13.248248248248, 13.673673673674, 12.907907907908, 10.535535535536, 11.846846846847, 11.991991991992, 11.791791791792, 13.843843843844, 10.860860860861, 11.036036036036, 12.092092092092, 13.873873873874, 10.655655655656, 12.902902902903, 10.295295295295, 13.358358358358, 13.558558558559, 11.286286286286, 11.636636636637, 10.670670670671, 14.039039039039, 12.497497497497, 10.605605605606, 14.309309309309, 10.560560560561, 13.143143143143, 13.138138138138, 12.927927927928, 12.362362362362, 10.4004004004, 13.403403403403, 14.489489489489, 14.074074074074, 10.870870870871, 14.339339339339, 14.429429429429, 13.098098098098, 11.071071071071, 11.116116116116, 10.875875875876, 11.966966966967, 13.963963963964, 11.606606606607, 13.058058058058, 13.108108108108, 12.787787787788, 12.802802802803, 12.192192192192, 10.630630630631, 10.02002002002], "maturity_t": [0.658858858859, 0.940740740741, 0.896296296296, 0.712512512513, 0.748148148148, 0.904304304304, 0.843043043043, 0.877477477477, 0.606006006006, 0.728528528529, 0.790990990991, 0.673273273273, 0.651251251251, 0.770570570571, 0.68008008008, 0.894294294294, 0.968368368368, 0.943543543544, 0.727727727728, 0.926326326326, 0.871071071071, 0.961561561562, 0.642842842843, 0.901501501502, 0.898698698699, 0.65045045045, 0.911911911912, 0.695695695696, 0.816216216216, 0.795395395395, 0.97957957958, 0.602802802803, 0.918718718719, 0.851851851852, 0.851051051051, 0.955955955956, 0.610810810811, 0.870670670671, 0.634034034034, 0.786986986987, 0.961961961962, 0.983983983984, 0.792992992993, 0.985185185185, 0.637637637638, 0.660860860861, 0.601201201201, 0.92952952953, 0.941141141141, 0.906306306306], "a_Diff": [4.738738738739, 1.252252252252, 4.333333333333, 6.837837837838, 1.594594594595, 1.144144144144, 6.378378378378, 5.18018018018, 1.702702702703, 5.27027027027, 7.081081081081, 4.459459459459, 2.594594594595, 2.774774774775, 3.900900900901, 1.414414414414, 3.738738738739, 1.261261261261, 2.018018018018, 4.882882882883, 5.018018018018, 8.657657657658, 6.126126126126, 2.189189189189, 5.153153153153, 1.288288288288, 4.810810810811, 4.891891891892, 1.054054054054, 1.018018018018, 1.072072072072, 3.18018018018, 4.234234234234, 2.963963963964, 2.882882882883, 8.756756756757, 9.747747747748, 3.117117117117, 3.324324324324, 6.657657657658, 1.09009009009, 9.882882882883, 4.936936936937, 1.882882882883, 1.576576576577, 1.153153153153, 8.513513513514, 6.396396396396, 2.585585585586, 4.666666666667], "a_P": [6.459459459459, 2.207207207207, 6.783783783784, 1.135135135135, 1.153153153153, 1.225225225225, 3.621621621622, 1.36036036036, 2.774774774775, 6.063063063063, 1.009009009009, 1.540540540541, 2.468468468468, 1.828828828829, 1.297297297297, 1.369369369369, 1.594594594595, 2.72972972973, 5.126126126126, 3.315315315315, 4.153153153153, 2.045045045045, 4.567567567568, 1.423423423423, 1.504504504505, 7.810810810811, 5.009009009009, 3.279279279279, 1.873873873874, 1.324324324324, 1.207207207207, 1.855855855856, 2.522522522523, 6.531531531532, 6.675675675676, 4.711711711712, 8.72972972973, 1.036036036036, 1.162162162162, 7.684684684685, 4.063063063063, 1.918918918919, 1.072072072072, 8.072072072072, 4.855855855856, 4.126126126126, 4.189189189189, 8.990990990991, 2.288288288288, 3.045045045045], "a_m_OC": [0.948448448448, 0.97997997998, 0.801301301301, 0.784284284284, 0.890890890891, 0.690690690691, 0.506006006006, 0.718218218218, 0.714214214214, 0.872872872873, 0.722222222222, 0.578578578579, 0.883883883884, 0.666666666667, 0.802302302302, 0.993493493493, 0.808808808809, 0.851351351351, 0.97047047047, 0.568568568569, 0.642142142142, 0.733233233233, 0.648148148148, 0.621621621622, 0.891891891892, 0.902902902903, 0.633133133133, 0.51001001001, 0.831831831832, 0.895895895896, 0.908908908909, 0.997997997998, 0.638638638639, 0.533533533534, 0.99049049049, 0.848348348348, 0.634634634635, 0.644144144144, 0.557057057057, 0.973973973974, 0.912412412412, 0.504504504505, 0.575575575576, 0.713713713714, 0.960960960961, 0.52952952953, 0.823323323323, 0.680680680681, 0.698698698699, 0.531531531532], "a_m_ALP": [0.875875875876, 0.778278278278, 0.839339339339, 0.715715715716, 0.817317317317, 0.534034034034, 0.679179179179, 0.843843843844, 0.728728728729, 0.862362362362, 0.684684684685, 0.536536536537, 0.966466466466, 0.61961961962, 0.811811811812, 0.814814814815, 0.655655655656, 0.895395395395, 0.995995995996, 0.946446446446, 0.885885885886, 0.962962962963, 0.801801801802, 0.800800800801, 0.581581581582, 0.604104104104, 0.619119119119, 0.964964964965, 0.666166166166, 0.681181181181, 0.52002002002, 0.842342342342, 0.542542542543, 0.762262262262, 0.606606606607, 0.730730730731, 0.95045045045, 0.632632632633, 0.781781781782, 0.771771771772, 0.916916916917, 0.947947947948, 0.891891891892, 0.523523523524, 0.62012012012, 0.731231231231, 0.739239239239, 0.874874874875, 0.908908908909, 0.85985985986], "c_weight": [0.000472972973, 0.000318918919, 0.000227927928, 0.000987387387, 0.000304504505, 0.0001, 0.000147747748, 0.000368468468, 0.000822522523, 0.000802702703, 0.000454054054, 0.000343243243, 0.000937837838, 0.000885585586, 0.000202702703, 0.000476576577, 0.000827027027, 0.000520720721, 0.000214414414, 0.00058018018, 0.000655855856, 0.000167567568, 0.000340540541, 0.000569369369, 0.000718918919, 0.00035045045, 0.000326126126, 0.000143243243, 0.000756756757, 0.000472072072, 0.000833333333, 0.000420720721, 0.000231531532, 0.000467567568, 0.000946846847, 0.000314414414, 0.000715315315, 0.000612612613, 0.000481081081, 0.000495495495, 0.000774774775, 0.000321621622, 0.000186486486, 0.000696396396, 0.000872072072, 0.000441441441, 0.000933333333, 0.00032972973, 0.000902702703, 0.000341441441], "CD_H_t": [0.699069069069, 0.807087087087, 0.804114114114, 0.748618618619, 0.919399399399, 0.723843843844, 0.974234234234, 0.898918918919, 0.877447447447, 0.754234234234, 0.744984984985, 0.839129129129, 0.951441441441, 0.723513513514, 0.676936936937, 0.782972972973, 0.922042042042, 0.867867867868, 0.995375375375, 0.808408408408, 0.822282282282, 0.942192192192, 0.718558558559, 0.74003003003, 0.754894894895, 0.82987987988, 0.873483483483, 0.747297297297, 0.90981981982, 0.849369369369, 0.724174174174, 0.897267267267, 0.716576576577, 0.753573573574, 0.789249249249, 0.717567567568, 0.706996996997, 0.757207207207, 0.91972972973, 0.784624624625, 0.691471471471, 0.739369369369, 0.87018018018, 0.866546546547, 0.797837837838, 0.824594594595, 0.73012012012, 0.875465465465, 0.77966966967, 0.935915915916],