{
  "MG_M_t": 0.0052124565191840385,
  "maturity_t": 0.0018351669785044544,
  "CD_H_t": 2.4320629119461917e-05,
  "pH_t": 0.0001444204787254179,
  "a_m_ALP": 0.005118891114122443,
  "MG_H_t": 0.0003405102985298453,
  "a_BMP_nBMP": 0.3059634325467326,
  "a_Pr_Mo": 0.006433264539237872,
  "a_m_OC": 0.006788149179959162,
  "MG_L_t": 0.027637244915563925,
  "a_c_Mo": 0.002975535290459418,
  "b_TGF": 0.019831575202508226,
  "a_Mo": 0.0013559417439175975,
  "b_BMP": 0.6825516029166303,
  "B_Pr": 0.04213487153763033,
  "a_P": 0.060627353316776
}