{"maturity_t": 1.987722240117097e-25, "a_P": 0.25777643198402506, "CD_H_t": 0.38064421510866153, "a_c_Mo": 0.0367051517930763, "B_Pr": 0.009015248329697892}