{"MG_M_t": 0.06363948360531733, "a_c_Mo": 0.6547165593947144, "a_Pr_Mo": 0.11037986375983838, "a_P": 1.7824632133748677e-22, "a_TGF_nTGF": 1.1650977724280459e-17}