{"medians": {"maturity_t": 0.700900900901, "a_P": 4.6081081081085, "CD_H_t": 0.8525075075075, "a_c_Mo": 144.044044044044, "B_Pr": 0.0514724724725}}