{"medians": {"MG_M_t": 12.0445445445445, "a_c_Mo": 9.279279279278999, "a_Pr_Mo": 5.9359359359359996, "a_P": 1.8153153153155, "a_TGF_nTGF": 0.1225165165165}}