{"posteriors": {"MG_M_t": [11.266266266266, 13.148148148148, 13.263263263263, 12.442442442442, 10.12012012012, 11.626626626627, 10.670670670671, 11.331331331331, 11.056056056056, 12.657657657658, 11.461461461461, 13.068068068068, 11.746746746747, 12.252252252252, 11.136136136136, 11.026026026026, 10.725725725726, 11.686686686687, 13.738738738739, 14.104104104104, 13.878878878879, 12.102102102102, 12.117117117117, 13.338338338338, 13.918918918919, 13.058058058058, 13.583583583584, 14.844844844845, 11.656656656657, 13.078078078078, 12.322322322322, 11.006006006006, 12.212212212212, 10.1001001001, 12.622622622623, 10.455455455455, 10.700700700701, 11.986986986987, 10.975975975976, 12.237237237237, 13.693693693694, 14.454454454454, 10.695695695696, 10.790790790791, 11.936936936937, 11.886886886887, 11.051051051051, 14.60960960961, 13.623623623624, 10.42042042042], "a_c_Mo": [19.299299299299, 0.900900900901, 15.915915915916, 2.382382382382, 3.963963963964, 0.820820820821, 4.804804804805, 1.741741741742, 14.434434434434, 1.101101101101, 9.82982982983, 19.93993993994, 12.492492492492, 2.542542542543, 7.007007007007, 10.550550550551, 3.783783783784, 2.182182182182, 7.547547547548, 14.034034034034, 4.104104104104, 14.074074074074, 13.433433433433, 15.075075075075, 0.940940940941, 2.362362362362, 9.349349349349, 12.352352352352, 10.750750750751, 14.314314314314, 13.633633633634, 16.876876876877, 18.938938938939, 5.625625625626, 5.505505505506, 9.209209209209, 1.661661661662, 8.508508508509, 18.998998998999, 12.952952952953, 12.092092092092, 0.0, 1.061061061061, 7.627627627628, 17.177177177177, 14.414414414414, 2.862862862863, 8.388388388388, 13.813813813814, 11.511511511512], "a_Pr_Mo": [6.966966966967, 0.38038038038, 1.931931931932, 8.728728728729, 9.199199199199, 4.554554554555, 6.476476476476, 2.282282282282, 2.222222222222, 5.875875875876, 6.186186186186, 0.24024024024, 5.925925925926, 7.687687687688, 5.025025025025, 3.213213213213, 3.023023023023, 8.518518518519, 6.306306306306, 2.672672672673, 8.358358358358, 5.945945945946, 5.145145145145, 8.878878878879, 5.895895895896, 9.159159159159, 7.797797797798, 1.881881881882, 6.576576576577, 5.825825825826, 7.317317317317, 9.029029029029, 4.514514514515, 8.908908908909, 5.755755755756, 5.035035035035, 6.776776776777, 6.806806806807, 8.488488488488, 6.326326326326, 2.772772772773, 6.616616616617, 4.464464464464, 0.840840840841, 9.88988988989, 4.204204204204, 0.590590590591, 8.978978978979, 9.97997997998, 3.333333333333], "a_P": [1.522522522523, 1.252252252252, 1.513513513514, 1.396396396396, 1.333333333333, 1.423423423423, 1.225225225225, 1.36036036036, 1.648648648649, 1.693693693694, 1.846846846847, 1.351351351351, 1.486486486486, 1.621621621622, 1.378378378378, 2.333333333333, 1.72972972973, 2.108108108108, 2.702702702703, 1.945945945946, 1.963963963964, 2.414414414414, 1.369369369369, 2.261261261261, 2.387387387387, 1.882882882883, 1.81981981982, 1.918918918919, 1.279279279279, 2.540540540541, 1.234234234234, 2.693693693694, 1.720720720721, 2.54954954955, 2.18018018018, 1.216216216216, 1.810810810811, 1.828828828829, 2.162162162162, 2.378378378378, 2.774774774775, 1.108108108108, 1.954954954955, 1.477477477477, 2.315315315315, 1.576576576577, 2.486486486486, 2.081081081081, 3.036036036036, 1.189189189189], "a_TGF_nTGF": [0.117324324324, 0.135164164164, 0.118123123123, 0.112664664665, 0.141288288288, 0.113064064064, 0.122782782783, 0.124247247247, 0.123448448448, 0.12225025025, 0.111865865866, 0.113596596597, 0.134631631632, 0.138492492492, 0.116924924925, 0.115726726727, 0.111466466466, 0.137693693694, 0.12438038038, 0.121185185185, 0.1333003003, 0.125046046046, 0.128906906907, 0.108537537538, 0.127974974975, 0.113197197197, 0.1112002002, 0.130637637638, 0.131835835836, 0.118921921922, 0.133433433433, 0.112797797798, 0.105076076076, 0.116259259259, 0.121983983984, 0.152870870871, 0.13156956957, 0.109203203203, 0.10907007007, 0.121451451451, 0.129173173173, 0.126244244244, 0.132900900901, 0.146347347347, 0.132767767768, 0.103345345345, 0.117058058058, 0.143684684685, 0.109336336336, 0.139025025025]}}