{"posteriors": {"maturity_t": [0.675275275275, 0.704504504505, 0.707307307307, 0.754554554555, 0.643643643644, 0.695295295295, 0.704104104104, 0.725325325325, 0.66966966967, 0.694094094094, 0.714914914915, 0.676876876877, 0.664064064064, 0.732132132132, 0.618418418418, 0.635635635636, 0.682882882883, 0.767767767768, 0.702102102102, 0.73973973974, 0.748148148148, 0.613213213213, 0.614014014014, 0.654054054054, 0.698098098098, 0.661661661662, 0.653253253253, 0.731731731732, 0.713713713714, 0.750950950951, 0.676476476476, 0.686886886887, 0.677277277277, 0.671671671672, 0.645645645646, 0.710510510511, 0.656456456456, 0.736936936937, 0.768568568569, 0.774574574575, 0.701301301301, 0.632432432432, 0.732932932933, 0.714114114114, 0.773773773774, 0.712112112112, 0.769369369369, 0.605205205205, 0.727727727728, 0.613613613614, 0.726526526527, 0.701701701702, 0.705705705706, 0.617617617618, 0.698498498498, 0.634834834835, 0.71971971972, 0.708508508509, 0.690890890891, 0.707707707708, 0.641641641642, 0.765365365365, 0.68968968969, 0.665665665666, 0.702902902903, 0.66046046046, 0.708908908909, 0.741341341341, 0.755755755756, 0.70970970971, 0.720520520521, 0.676076076076, 0.693293293293, 0.672472472472, 0.72972972973, 0.739339339339, 0.828228228228, 0.801001001001, 0.786986986987, 0.776976976977, 0.62042042042, 0.712912912913, 0.638838838839, 0.688088088088, 0.725725725726, 0.618818818819, 0.736136136136, 0.668468468468, 0.674874874875, 0.733333333333, 0.717317317317, 0.693693693694, 0.615215215215, 0.757357357357, 0.6996996997, 0.651251251251, 0.652052052052, 0.700500500501, 0.643243243243, 0.662862862863], "a_P": [2.279279279279, 7.045045045045, 2.675675675676, 1.585585585586, 5.189189189189, 1.594594594595, 5.468468468468, 1.927927927928, 3.801801801802, 9.918918918919, 3.657657657658, 4.693693693694, 3.351351351351, 5.135135135135, 4.387387387387, 2.981981981982, 4.144144144144, 7.747747747748, 6.972972972973, 1.72972972973, 4.288288288288, 1.711711711712, 1.891891891892, 6.432432432432, 8.882882882883, 4.765765765766, 5.171171171171, 6.09009009009, 5.045045045045, 4.171171171171, 9.990990990991, 1.261261261261, 2.072072072072, 8.513513513514, 5.45045045045, 1.171171171171, 5.117117117117, 3.495495495495, 4.468468468468, 6.936936936937, 3.837837837838, 2.603603603604, 3.0, 9.801801801802, 1.945945945946, 3.765765765766, 2.801801801802, 2.666666666667, 8.108108108108, 5.693693693694, 7.207207207207, 9.423423423423, 8.495495495495, 2.486486486486, 6.441441441441, 5.036036036036, 2.333333333333, 4.918918918919, 1.396396396396, 3.540540540541, 8.558558558559, 9.054054054054, 4.621621621622, 6.027027027027, 4.036036036036, 6.756756756757, 2.234234234234, 2.702702702703, 1.09009009009, 6.117117117117, 4.774774774775, 3.171171171171, 7.27027027027, 9.243243243243, 9.0, 5.225225225225, 5.864864864865, 2.027027027027, 1.243243243243, 5.585585585586, 9.45045045045, 4.414414414414, 2.414414414414, 3.189189189189, 1.135135135135, 4.594594594595, 1.684684684685, 5.873873873874, 7.135135135135, 3.486486486486, 8.963963963964, 4.945945945946, 7.45045045045, 8.936936936937, 1.90990990991, 3.603603603604, 1.072072072072, 6.738738738739, 7.990990990991, 2.594594594595], "CD_H_t": [0.920720720721, 0.95045045045, 0.975555555556, 0.682222222222, 0.821951951952, 0.742012012012, 0.841111111111, 0.745645645646, 0.707327327327, 0.74993993994, 0.857627627628, 0.693453453453, 0.979189189189, 0.941201201201, 0.924354354354, 0.876126126126, 0.805765765766, 0.988108108108, 0.995375375375, 0.923363363363, 0.848048048048, 0.724174174174, 0.936246246246, 0.894624624625, 0.887357357357, 0.686186186186, 0.742672672673, 0.980510510511, 0.967627627628, 0.888678678679, 0.84045045045, 0.889339339339, 0.858948948949, 0.892972972973, 0.693123123123, 0.90981981982, 0.672972972973, 0.775045045045, 0.908168168168, 0.73012012012, 0.801471471471, 0.96003003003, 0.713933933934, 0.785285285285, 0.945825825826, 0.767447447447, 0.822942942943, 0.896276276276, 0.932612612613, 0.905195195195, 0.828228228228, 0.92963963964, 0.824264264264, 0.907507507508, 0.897927927928, 0.734414414414, 0.760510510511, 0.870840840841, 0.9596996997, 0.856966966967, 0.794864864865, 0.835825825826, 0.886366366366, 0.939219219219, 0.86984984985, 0.802792792793, 0.832852852853, 0.838798798799, 0.903873873874, 0.888018018018, 0.978528528529, 0.703033033033, 0.842432432432, 0.723843843844, 0.948138138138, 0.712612612613, 0.803783783784, 0.774054054054, 0.727807807808, 0.733753753754, 0.762492492492, 0.749279279279, 0.81039039039, 0.868858858859, 0.684534534535, 0.934594594595, 0.879429429429, 0.987447447447, 0.883723723724, 0.843093093093, 0.895615615616, 0.684204204204, 0.99042042042, 0.833513513514, 0.712942942943, 0.864564564565, 0.755555555556, 0.938888888889, 0.956726726727, 0.701711711712], "a_c_Mo": [168.368368368368, 126.126126126126, 50.05005005005, 67.067067067067, 153.553553553554, 166.166166166166, 176.976976976977, 199.5995995996, 140.540540540541, 28.228228228228, 146.146146146146, 183.183183183183, 64.464464464464, 191.791791791792, 159.55955955956, 180.580580580581, 94.494494494494, 77.877877877878, 184.584584584585, 127.727727727728, 195.395395395395, 80.48048048048, 7.807807807808, 177.377377377377, 159.75975975976, 121.321321321321, 147.747747747748, 105.905905905906, 164.164164164164, 182.182182182182, 84.284284284284, 189.389389389389, 192.392392392392, 56.456456456456, 166.566566566567, 167.767767767768, 96.896896896897, 2.602602602603, 155.355355355355, 11.411411411411, 134.134134134134, 179.57957957958, 154.954954954955, 133.933933933934, 149.349349349349, 31.631631631632, 144.344344344344, 194.394394394394, 124.524524524525, 194.994994994995, 193.593593593594, 151.151151151151, 95.895895895896, 104.304304304304, 39.239239239239, 150.15015015015, 94.294294294294, 112.112112112112, 146.746746746747, 172.172172172172, 69.269269269269, 135.535535535536, 53.053053053053, 70.27027027027, 172.972972972973, 182.382382382382, 73.073073073073, 143.743743743744, 137.937937937938, 158.958958958959, 183.783783783784, 151.351351351351, 188.188188188188, 128.328328328328, 152.552552552553, 145.145145145145, 10.01001001001, 152.352352352352, 180.18018018018, 86.086086086086, 80.08008008008, 157.957957957958, 170.970970970971, 67.867867867868, 190.39039039039, 92.492492492492, 155.755755755756, 169.96996996997, 198.598598598599, 75.475475475475, 28.028028028028, 33.033033033033, 58.858858858859, 54.454454454454, 176.376376376376, 90.690690690691, 141.141141141141, 77.077077077077, 126.926926926927, 122.922922922923],