{"min": 0.009418433677140736, "max": 2.2972496177662456, "mean": 0.41739178004496325}