{"min": 1.1102230246251565e-16, "max": 2.374350138510938, "mean": 0.3806374380823948}