{
  "MG_M_t": 0.16517678060660418,
  "a_Pr_Mo": 0.024028939101952328,
  "CD_H_t": 0.00231246566345985,
  "MG_L_t": 0.00012592155842533487,
  "MG_H_t": 0.08554673317024249,
  "maturity_t": 0.10194596317820777,
  "a_m_ALP": 0.0006576289615711812,
  "a_BMP_nBMP": 0.04952409034903215,
  "a_TGF_nTGF": 0.0007157997185701462,
  "c_weight": 0.17365086366055899,
  "b_TGF": 0.11118208218828776,
  "a_m_OC": 0.08871927853950849
}