{
  "MG_L_t": 0.5783526996988955,
  "MG_M_t": 0.019145926446604847,
  "maturity_t": 0.0562811950382,
  "a_Diff": 0.13217939566432213,
  "a_m_OC": 0.1710289265773693,
  "a_m_ALP": 4.2143380381836414e-05,
  "c_weight": 0.001522199494418007,
  "CD_H_t": 0.007460409462582177,
  "a_Pr_Mo": 0.017308439933030002,
  "MG_H_t": 0.024476538921430892,
  "a_TGF_nTGF": 0.018120402475552747,
  "a_BMP_nBMP": 0.005128712788718953,
  "b_TGF": 0.04121523990702854
}