{
  "MG_M_t": 0.002228105157278319,
  "CD_H_t": 0.4858792207635838,
  "pH_t": 5.9824635310645815e-05,
  "MG_H_t": 0.003257058346429538,
  "a_Pr_Mo": 0.00561992653332686,
  "MG_L_t": 5.150254042585024,
  "a_c_Mo": 0.00047283318427960766
}