{
  "MG_M_t": 0.002606682363318892,
  "pH_t": 0.007663893145998031,
  "a_Pr_Mo": 0.0024443376694951364,
  "CD_H_t": 0.0006718341754565097,
  "MG_L_t": 0.0012147529448424687,
  "MG_H_t": 0.0003838644837011769,
  "maturity_t": 0.0036144994011486995,
  "a_m_ALP": 0.0005420099666248387,
  "a_m_OC": 4.919103664451441e-05,
  "a_Mo": 0.02001777211733158,
  "a_BMP_nBMP": 3.29811411173956e-05,
  "a_TGF_nTGF": 0.009621272357652883,
  "c_weight": 0.00017014077942324613,
  "a_c_Mo": 0.00960015312920331,
  "b_TGF": 0.002795265238398543,
  "b_BMP": 0.004746181517182718,
  "B_Mo": 0.04474195876604576,
  "a_Diff": 0.004998427840658295,
  "B_Pr": 1.0664281745145503,
  "a_P": 1.1183436581211355
}