{
  "MG_L_t": 1.93031036882997e-05,
  "MG_M_t": 0.0021976322118932245,
  "maturity_t": 0.0008788712436250759,
  "a_Diff": 0.0031293848175018542,
  "a_P": 0.3886778341188349,
  "CD_H_t": 0.007861074590010123,
  "a_c_Mo": 3.751723235962672e-05,
  "a_Pr_Mo": 0.00037941304630020135,
  "MG_H_t": 1.1037116151161834e-05,
  "pH_t": 0.004008389476357186,
  "B_Pr": 0.7389731227220957,
  "b_BMP": 0.0012662332149449072,
  "b_TGF": 0.0023102115719073335,
  "B_Mo": 0.08359620522026705,
  "a_Mo": 0.0040300408005418285
}