{
  "MG_L_t": 0.0009084926995254922,
  "MG_M_t": 0.0008972290445275168,
  "maturity_t": 0.00778303675697493,
  "a_Diff": 0.0017769730377772378,
  "a_P": 0.6290735006733981,
  "a_m_OC": 0.0012547394362102825,
  "a_m_ALP": 0.08317879153439796,
  "c_weight": 0.05000668470169691,
  "CD_H_t": 0.009059680885931043,
  "a_c_Mo": 1.4607147825730926e-05,
  "a_Pr_Mo": 0.005509446836757544,
  "MG_H_t": 1.6161419803835038e-07,
  "pH_t": 0.0054859945884087324,
  "a_TGF_nTGF": 1.6948625874627732e-09,
  "a_BMP_nBMP": 0.04981338614013823,
  "B_Pr": 1.1470203730680064,
  "b_BMP": 0.008817031974293994,
  "b_TGF": 0.0075272345803125045,
  "B_Mo": 0.10521653652172874,
  "a_Mo": 0.0029148521266472113
}