{"CD_H_t": 0.008809376030706514, "MG_H_t": 0.5751305029708806, "MG_L_t": 1.0508905205921945e-10, "B_Pr": 3.4753404954411216e-12, "a_P": 7.818880757189099e-07}