{"medians": {"CD_H_t": 0.756711711712, "MG_H_t": 30.01001001001, "MG_L_t": 3.945945945946, "B_Pr": 0.07415615615599999, "a_P": 16.414914914915002}}