{"posteriors": {"CD_H_t": [0.732762762763, 0.762162162162, 0.768438438438, 0.773393393393, 0.69972972973, 0.867867867868, 0.76975975976, 0.745645645646, 0.724504504505, 0.737717717718, 0.916096096096, 0.688498498498, 0.756546546547, 0.734414414414, 0.696756756757, 0.876126126126, 0.839129129129, 0.78957957958, 0.774384384384, 0.832192192192, 0.82954954955, 0.736396396396, 0.747297297297, 0.711291291291, 0.978858858859, 0.676936936937, 0.719219219219, 0.703033033033, 0.965645645646, 0.706666666667, 0.74036036036, 0.701381381381, 0.77009009009, 0.687177177177, 0.756876876877, 0.811381381381, 0.685525525526, 0.683873873874, 0.744984984985, 0.731441441441, 0.772072072072, 0.917747747748, 0.824924924925, 0.957387387387, 0.73012012012, 0.925015015015, 0.948468468468, 0.788258258258, 0.918408408408, 0.702042042042], "MG_H_t": [39.219219219219, 25.005005005005, 22.982982982983, 36.056056056056, 39.85985985986, 25.285285285285, 30.15015015015, 20.780780780781, 28.548548548549, 34.874874874875, 27.487487487487, 25.185185185185, 33.433433433433, 34.694694694695, 26.466466466466, 38.658658658659, 24.724724724725, 32.652652652653, 31.491491491491, 25.065065065065, 36.596596596597, 34.114114114114, 28.968968968969, 22.222222222222, 30.27027027027, 38.178178178178, 37.417417417417, 23.083083083083, 33.853853853854, 30.09009009009, 24.304304304304, 36.516516516517, 20.08008008008, 33.233233233233, 24.544544544545, 39.5995995996, 23.763763763764, 23.363363363363, 22.042042042042, 27.967967967968, 32.712712712713, 25.265265265265, 28.708708708709, 37.057057057057, 31.611611611612, 32.372372372372, 29.92992992993, 25.105105105105, 31.451451451451, 26.766766766767], "MG_L_t": [4.338338338338, 4.554554554555, 2.496496496496, 5.099099099099, 4.106106106106, 2.272272272272, 5.179179179179, 2.448448448448, 4.978978978979, 3.545545545546, 3.089089089089, 3.313313313313, 3.825825825826, 3.249249249249, 2.920920920921, 4.730730730731, 2.408408408408, 5.155155155155, 2.792792792793, 3.225225225225, 4.45045045045, 3.385385385385, 4.874874874875, 3.265265265265, 3.601601601602, 2.944944944945, 3.105105105105, 5.363363363363, 3.201201201201, 5.235235235235, 5.283283283283, 3.64964964965, 2.224224224224, 4.546546546547, 3.737737737738, 2.144144144144, 4.066066066066, 2.384384384384, 4.242242242242, 5.443443443443, 2.048048048048, 5.291291291291, 3.321321321321, 5.083083083083, 5.427427427427, 4.49049049049, 4.258258258258, 4.770770770771, 4.778778778779, 5.331331331331], "B_Pr": [0.071208208208, 0.070773773774, 0.070835835836, 0.076235235235, 0.081510510511, 0.081262262262, 0.067484484484, 0.074373373373, 0.063264264264, 0.077414414414, 0.078283283283, 0.076917917918, 0.075366366366, 0.065994994995, 0.082875875876, 0.064505505506, 0.070091091091, 0.080951951952, 0.082937937938, 0.065560560561, 0.074807807808, 0.064319319319, 0.081758758759, 0.082503503504, 0.080703703704, 0.0794004004, 0.065622622623, 0.064567567568, 0.069532532533, 0.077228228228, 0.080207207207, 0.063078078078, 0.069098098098, 0.063636636637, 0.063574574575, 0.06462962963, 0.077724724725, 0.064009009009, 0.073938938939, 0.051162162162, 0.063202202202, 0.065126126126, 0.082379379379, 0.07338038038, 0.076793793794, 0.082193193193, 0.08268968969, 0.067298298298, 0.076111111111, 0.080517517518], "a_P": [19.847847847848, 16.025025025025, 19.581581581582, 14.750750750751, 17.641641641642, 18.934934934935, 12.24024024024, 15.663663663664, 20.0, 11.726726726727, 18.953953953954, 13.970970970971, 19.80980980981, 18.193193193193, 16.12012012012, 17.28028028028, 16.861861861862, 18.801801801802, 12.012012012012, 15.302302302302, 15.568568568569, 14.522522522523, 17.242242242242, 19.524524524525, 19.543543543544, 10.604604604605, 12.164164164164, 17.755755755756, 16.70970970971, 14.560560560561, 18.003003003003, 19.448448448448, 12.620620620621, 19.676676676677, 11.08008008008, 16.785785785786, 11.042042042042, 16.766766766767, 5.811811811812, 15.682682682683, 11.935935935936, 17.527527527528, 8.474474474474, 14.37037037037, 11.954954954955, 18.421421421421, 16.747747747748, 18.592592592593, 13.552552552553, 7.295295295295]}}