{
  "MG_M_t": 0.10324590540959051,
  "pH_t": 0.04718401287238355,
  "a_Pr_Mo": 3.5779242720482835e-06,
  "CD_H_t": 0.1593633176559369,
  "MG_L_t": 0.007282335694206917,
  "MG_H_t": 0.000698570597540988,
  "maturity_t": 0.00242048544198757,
  "a_m_ALP": 0.00022771961449325015,
  "a_m_OC": 0.00015435909168884772,
  "a_Mo": 1.5907098326979414,
  "a_BMP_nBMP": 0.019497951521396478,
  "a_TGF_nTGF": 0.0004924512586475689,
  "c_weight": 0.0010600807915863487,
  "a_c_Mo": 0.3128978753667682,
  "b_TGF": 0.11806723726146554,
  "b_BMP": 0.12132485643664465,
  "a_Diff": 0.30085340525970583
}