{
  "MG_L_t": 0.010764581317401265,
  "MG_M_t": 0.07798435426377309,
  "maturity_t": 0.0003469168613782549,
  "a_Diff": 0.23242817342326774,
  "CD_H_t": 0.13856439568722598,
  "a_c_Mo": 0.041465174027748054,
  "a_Pr_Mo": 0.003603447044252508,
  "MG_H_t": 0.0004307194869609463,
  "pH_t": 0.1049828866897363,
  "b_BMP": 0.024648732612440043,
  "b_TGF": 0.14055718310633075,
  "B_Mo": 1.0985623764991692,
  "a_Mo": 0.004126874588245714
}