{"a_c_Mo": 0.6334815184697752, "a_Mo": 0.5950870866561969, "b_BMP": 2.504851497462194e-12, "B_Mo": 0.00021948020260119063, "a_Diff": 3.306253061839499e-10}