{"medians": {"a_c_Mo": 41.791791791791496, "a_Mo": 3.898898898899, "b_BMP": 0.040427927928, "B_Mo": 0.0007144144145000001, "a_Diff": 8.2117117117115}}