{"posteriors": {"a_c_Mo": [3.303303303303, 69.96996996997, 42.742742742743, 6.306306306306, 17.717717717718, 2.802802802803, 83.683683683684, 22.522522522523, 42.342342342342, 79.67967967968, 11.511511511512, 42.842842842843, 18.918918918919, 92.192192192192, 29.329329329329, 7.907907907908, 65.165165165165, 85.785785785786, 17.417417417417, 74.274274274274, 39.83983983984, 0.900900900901, 6.606606606607, 36.036036036036, 56.656656656657, 0.4004004004, 59.359359359359, 90.690690690691, 13.813813813814, 1.801801801802, 88.388388388388, 26.326326326326, 10.41041041041, 6.906906906907, 46.946946946947, 37.337337337337, 30.43043043043, 67.267267267267, 28.928928928929, 77.377377377377, 72.572572572573, 94.394394394394, 60.660660660661, 70.37037037037, 79.57957957958, 87.987987987988, 14.014014014014, 57.057057057057, 46.046046046046, 41.241241241241], "a_Mo": [8.788788788789, 3.403403403403, 6.226226226226, 7.377377377377, 3.713713713714, 4.014014014014, 1.411411411411, 3.143143143143, 8.548548548549, 1.151151151151, 1.321321321321, 4.624624624625, 7.547547547548, 7.557557557558, 4.404404404404, 4.914914914915, 0.25025025025, 1.751751751752, 9.72972972973, 8.628628628629, 9.019019019019, 1.981981981982, 8.608608608609, 8.298298298298, 5.095095095095, 3.553553553554, 5.605605605606, 2.482482482482, 0.39039039039, 7.267267267267, 0.870870870871, 3.213213213213, 0.770770770771, 3.483483483483, 1.201201201201, 7.507507507508, 8.748748748749, 0.680680680681, 1.811811811812, 3.783783783784, 2.732732732733, 9.5995995996, 0.42042042042, 6.466466466466, 4.424424424424, 2.712712712713, 8.958958958959, 1.241241241241, 1.211211211211, 7.457457457457], "b_BMP": [0.045765765766, 0.031486486486, 0.043198198198, 0.048243243243, 0.036666666667, 0.037027027027, 0.034234234234, 0.040810810811, 0.045540540541, 0.043963963964, 0.03954954955, 0.037162162162, 0.041846846847, 0.037612612613, 0.038063063063, 0.049504504505, 0.034144144144, 0.044684684685, 0.045855855856, 0.042027027027, 0.046801801802, 0.039369369369, 0.046936936937, 0.033288288288, 0.03972972973, 0.046216216216, 0.039504504505, 0.049864864865, 0.039324324324, 0.027927927928, 0.049189189189, 0.042297297297, 0.035045045045, 0.045720720721, 0.036621621622, 0.038153153153, 0.028693693694, 0.038873873874, 0.030945945946, 0.044324324324, 0.033918918919, 0.047972972973, 0.048693693694, 0.042837837838, 0.032522522523, 0.047792792793, 0.040135135135, 0.040900900901, 0.040720720721, 0.036711711712], "B_Mo": [0.000758558559, 0.000379279279, 0.000659459459, 0.000706306306, 0.000783783784, 0.000924324324, 0.000914414414, 0.000654954955, 0.000691891892, 0.000427927928, 0.000698198198, 0.000806306306, 0.000967567568, 0.00032972973, 0.00092972973, 0.0009, 0.000907207207, 0.000653153153, 0.000136936937, 0.000454954955, 0.000597297297, 0.000742342342, 0.000943243243, 0.000542342342, 0.000655855856, 0.000875675676, 0.000418918919, 0.000786486486, 0.000633333333, 0.000821621622, 0.000755855856, 0.000978378378, 0.000569369369, 0.000736036036, 0.00060990991, 0.000812612613, 0.000738738739, 0.000672072072, 0.000479279279, 0.000722522523, 0.000836936937, 0.000297297297, 0.000844144144, 0.000452252252, 0.00044954955, 0.000661261261, 0.000944144144, 0.000599099099, 0.000886486486, 0.000890990991], "a_Diff": [8.990990990991, 9.963963963964, 9.738738738739, 7.423423423423, 9.198198198198, 6.072072072072, 9.396396396396, 8.108108108108, 5.54954954955, 8.648648648649, 9.855855855856, 8.873873873874, 8.027027027027, 9.09009009009, 9.306306306306, 7.243243243243, 7.576576576577, 6.36036036036, 8.441441441441, 8.369369369369, 7.801801801802, 9.252252252252, 7.306306306306, 9.558558558559, 6.459459459459, 6.828828828829, 8.828828828829, 6.657657657658, 7.963963963964, 7.684684684685, 7.495495495495, 5.936936936937, 9.468468468468, 7.333333333333, 8.171171171171, 8.432432432432, 9.774774774775, 8.252252252252, 7.234234234234, 9.378378378378, 9.972972972973, 8.90990990991, 5.378378378378, 9.324324324324, 9.243243243243, 8.612612612613, 6.918918918919, 6.594594594595, 7.594594594595, 5.369369369369]}}