{
  "MG_M_t": 0.006215989999048605,
  "pH_t": 0.00015267367031540969,
  "a_Pr_Mo": 0.0013349801715415068,
  "a_c_Mo": 0.16212772396394357,
  "CD_H_t": 0.11755955595849601,
  "MG_L_t": 0.011413874647853966,
  "MG_H_t": 0.012250701483668464,
  "maturity_t": 0.006180848620053063,
  "a_m_ALP": 0.039383266791646776,
  "a_m_OC": 0.00038366042406886897,
  "a_Mo": 0.3547540393352562,
  "b_TGF": 0.025893357300698278,
  "b_BMP": 0.34284527167342854,
  "a_BMP_nBMP": 0.052667008564842174,
  "a_TGF_nTGF": 0.012026224071401756,
  "B_Mo": 0.3409621948685281,
  "a_Diff": 0.5376461636239643,
  "c_weight": 0.004808470128770849
}