{"c_weight": 1.4054604287723284e-08, "b_TGF": 0.18008806793085877, "a_Mo": 0.016773242990845556, "a_Diff": 6.348825376539453e-16, "B_Mo": 0.05266983747995709}