{"medians": {"c_weight": 0.00029738738749999995, "b_TGF": 0.043612612612500004, "a_Mo": 4.129129129129, "a_Diff": 2.063063063063, "B_Mo": 0.0005391891894999999}}