{"posteriors": {"c_weight": [0.000115045045, 0.000164594595, 0.00034, 0.000236936937, 0.000348918919, 0.000254774775, 0.000350900901, 0.000225045045, 0.000585765766, 0.000245855856, 9.2252252e-05, 0.00027954955, 0.000432162162, 0.000358828829, 0.000158648649, 0.000554054054, 0.000238918919, 0.000154684685, 0.000237927928, 0.000346936937, 0.000375675676, 0.00033009009, 0.00049954955, 0.000398468468, 0.000150720721, 0.00031027027, 0.000111081081, 0.000322162162, 5.1621622e-05, 0.000545135135, 0.000325135135, 0.000215135135, 0.000284504505, 0.000183423423, 0.000571891892, 0.000262702703, 0.000527297297, 0.000155675676, 0.000692792793, 0.00011009009, 0.00034990991, 0.000331081081, 0.000176486486, 0.000900900901, 0.000332072072, 0.000318198198, 0.000116036036, 0.000263693694, 0.000597657658, 5.3603604e-05], "b_TGF": [0.043018018018, 0.077801801802, 0.086423423423, 0.048171171171, 0.02627027027, 0.045990990991, 0.037072072072, 0.063333333333, 0.029540540541, 0.040441441441, 0.041828828829, 0.022900900901, 0.03072972973, 0.053324324324, 0.029738738739, 0.009621621622, 0.078099099099, 0.083747747748, 0.013981981982, 0.085927927928, 0.016756756757, 0.054513513514, 0.099306306306, 0.026567567568, 0.05272972973, 0.010414414414, 0.050054054054, 0.032711711712, 0.084837837838, 0.005657657658, 0.021315315315, 0.020126126126, 0.019828828829, 0.060063063063, 0.033306306306, 0.059072072072, 0.042720720721, 0.070864864865, 0.069477477477, 0.037765765766, 0.017252252252, 0.075225225225, 0.044207207207, 0.096333333333, 0.092567567568, 0.016657657658, 0.024387387387, 0.053720720721, 0.068585585586, 0.095540540541], "a_Mo": [2.122122122122, 6.016016016016, 6.826826826827, 3.903903903904, 5.425425425425, 6.506506506507, 8.848848848849, 9.52952952953, 2.632632632633, 7.917917917918, 4.594594594595, 0.880880880881, 4.644644644645, 9.93993993994, 0.740740740741, 7.457457457457, 4.094094094094, 4.124124124124, 3.663663663664, 6.546546546547, 3.323323323323, 2.882882882883, 2.152152152152, 7.957957957958, 2.252252252252, 1.061061061061, 7.977977977978, 4.004004004004, 1.461461461461, 6.366366366366, 4.694694694695, 6.466466466466, 3.053053053053, 1.581581581582, 7.797797797798, 1.151151151151, 2.942942942943, 1.661661661662, 2.032032032032, 3.123123123123, 4.404404404404, 2.292292292292, 3.143143143143, 7.157157157157, 1.101101101101, 5.445445445445, 6.146146146146, 4.134134134134, 4.204204204204, 4.414414414414], "a_Diff": [1.018018018018, 1.333333333333, 1.459459459459, 1.342342342342, 1.747747747748, 2.297297297297, 2.801801801802, 2.738738738739, 1.477477477477, 2.495495495495, 1.846846846847, 1.468468468468, 1.603603603604, 1.531531531532, 2.306306306306, 1.189189189189, 2.891891891892, 2.288288288288, 3.540540540541, 1.567567567568, 3.513513513514, 2.036036036036, 1.315315315315, 2.810810810811, 1.027027027027, 3.90990990991, 2.864864864865, 2.027027027027, 2.189189189189, 1.306306306306, 4.90990990991, 2.126126126126, 1.297297297297, 2.783783783784, 2.054054054054, 2.162162162162, 2.252252252252, 1.522522522523, 1.135135135135, 4.153153153153, 1.036036036036, 2.45045045045, 1.36036036036, 1.144144144144, 2.522522522523, 4.207207207207, 4.27027027027, 1.27027027027, 2.171171171171, 2.072072072072], "B_Mo": [0.000834234234, 0.000517117117, 0.000547747748, 0.000465765766, 0.00053963964, 0.000477477477, 0.000435135135, 0.000441441441, 0.00085045045, 0.000388288288, 0.000469369369, 0.000720720721, 0.000538738739, 0.000272072072, 0.000791891892, 0.000318918919, 0.000751351351, 0.000669369369, 0.00067027027, 0.000356756757, 0.000736936937, 0.000654054054, 0.000848648649, 0.000382882883, 0.000381081081, 0.000955855856, 0.00047027027, 0.000402702703, 0.000945945946, 0.000372072072, 0.000648648649, 0.000181081081, 0.000364864865, 0.000893693694, 0.000422522523, 0.000921621622, 0.000844144144, 0.0006, 0.000847747748, 0.000786486486, 0.000241441441, 0.000842342342, 0.000228828829, 0.000472972973, 0.000995495495, 0.000448648649, 0.000432432432, 0.000204504505, 0.000687387387, 0.000540540541]}}