{
    "DNA": {
        "B2016_C": 0.8314170848488496,
        "B2016_M": 0.9156253761002988
    },
    "DNA_mean": 0.8735212304745742,
    "OC": {
        "B2016_C": 0.7870902580457901,
        "B2016_M": 0.46761431152568
    },
    "OC_mean": 0.6273522847857351,
    "ALP": {
        "B2016_C": 0.9752079846879446,
        "B2016_M": 0.7644950525231371
    },
    "ALP_mean": 0.8698515186055408,
    "nTGF": {
        "B2016_C": 0.9423010623156266,
        "B2016_M": 0.8450258360374406
    },
    "nTGF_mean": 0.8936634491765336,
    "nBMP": {
        "B2016_C": 0.3972660378565679,
        "B2016_M": 0.7779254553175047
    },
    "nBMP_mean": 0.5875957465870363
}