{"medians": {"a_Pr_Mo": 4.864972994599, "pH_t": 9.004800960192, "a_BMP_nBMP": 0.156027005401, "b_BMP": 0.0024570914185, "B_Mo": 0.000841068214}}
