{"posteriors": {
  "a_Pr_Mo": [9.95799159832, 8.78775755151, 5.843168633727, 4.128825765153, 4.162832566513, 3.504700940188, 0.648129625925, 3.916783356671, 5.175035007001, 5.505101020204, 5.671134226845, 7.753550710142, 8.497699539908, 1.610322064413, 8.195639127826, 8.72174434887, 9.887977595519, 0.088017603521, 0.714142828566, 7.273454690938, 0.112022404481, 2.5125025005, 3.300660132026, 4.778955791158, 1.366273254651, 1.652330466093, 9.441888377676, 9.239847969594, 9.663932786557, 3.092618523705, 4.784956991398, 4.336867373475, 0.050010002, 1.22824564913, 1.904380876175, 9.799959991998, 6.499299859972, 9.041808361672, 0.862172434487, 1.892378475695, 6.683336667333, 3.110622124425, 3.154630926185, 9.343868773755, 6.799359871974, 8.863772754551, 8.095619123825, 1.082216443289, 8.653730746149, 7.739547909582, 4.9549909982, 7.735547109422, 9.295859171834, 6.451290258052, 4.416883376675, 5.073014602921, 8.483696739348, 6.095219043809, 1.406281256251, 8.645729145829, 3.002600520104, 4.470894178836, 1.30626125225, 7.935587117423, 6.507301460292, 1.576315263053, 8.415683136627, 6.055211042208, 6.667333466693, 1.864372874575, 2.152430486097, 6.013202640528, 3.922784556911, 9.563912782557, 7.393478695739, 3.554710942188, 3.248649729946, 5.907181436287, 5.04100820164, 8.76375275055, 1.100220044009, 4.422884576915, 4.93898779756, 9.805961192238, 2.312462492498, 3.648729745949, 5.455091018204, 8.337667533507, 0.988197639528, 0.360072014403, 0.844168833767, 8.147629525905, 0.928185637127, 4.790958191638, 1.936387277455, 3.844768953791, 0.222044408882, 1.040208041608, 8.583716743349, 4.360872174435],
  "pH_t": [8.912482496499, 9.067513502701, 9.186337267453, 9.249949989998, 8.787657531506, 8.755851170234, 9.470794158832, 9.171334266853, 8.834866973395, 8.539807961592, 9.014302860572, 9.315163032607, 8.543608721744, 9.00650130026, 8.829465893179, 8.929685937187, 8.828065613123, 8.874874974995, 8.922484496899, 9.388777755551, 8.882476495299, 9.450390078016, 9.003100620124, 9.248149629926, 8.736847369474, 8.962692538508, 9.334766953391, 9.29775955191, 9.437387477495, 8.77825565113, 9.046109221844, 9.405381076215, 9.204540908182, 8.699639927986, 9.416783356671, 8.684636927385, 8.732446489298, 8.597019403881, 9.250350070014, 9.145729145829, 8.600620124025, 8.978095619124, 8.815463092619, 9.444788957792, 8.743048609722, 9.168733746749, 8.676435287057, 8.614622924585, 9.285957191438, 8.593018603721, 8.729045809162, 8.906081216243, 9.04050810162, 9.498399679936, 9.250950190038, 9.362172434487, 9.149729945989, 9.137527505501, 8.619823964793, 8.649829965993, 9.311162232446, 9.446389277856, 9.338967793559, 8.977895579116, 9.214942988598, 9.254550910182, 8.863472694539, 8.677435487097, 8.571414282857, 8.73924784957, 9.171734346869, 8.883076615323, 8.688037607522, 9.489797959592, 9.466793358672, 9.206141228246, 8.655431086217, 8.703840768154, 9.26775355071, 9.100520104021, 8.923484696939, 8.869873974795, 9.463392678536, 9.130526105221, 8.946689337868, 9.131326265253, 8.811862372474, 9.336367273455, 9.369973994799, 9.172534506901, 8.524204840968, 8.940288057612, 9.037107421484, 8.645629125825, 9.234946989398, 8.648629725945, 9.436987397479, 8.877075415083, 8.660832166433, 9.04350870174], 
  "a_BMP_nBMP": [0.136296259252, 0.244235047009, 0.196455691138, 0.168987397479, 0.14925665133, 0.218894578916, 0.13900440088, 0.414461092218, 0.111922984597, 0.137070014003, 0.063176435287, 0.148289457892, 0.316194238848, 0.165892378476, 0.09373974795, 0.163184236847, 0.312132026405, 0.314840168034, 0.405369473895, 0.226438687738, 0.148096019204, 0.139778155631, 0.247523504701, 0.164344868974, 0.118113022605, 0.184269053811, 0.276732746549, 0.053311062212, 0.187364072815, 0.15525325065, 0.071107421484, 0.3074894979, 0.046927585517, 0.670573914783, 0.115211442288, 0.155059811962, 0.151191038208, 0.214058611722, 0.086969393879, 0.130299659932, 0.083487497499, 0.467269853971, 0.119467093419, 0.395890978196, 0.126430886177, 0.058533906781, 0.725897379476, 0.302653530706, 0.502282256451, 0.087549709942, 0.140938787758, 0.102831366273, 0.074589317864, 0.233402480496, 0.243848169634, 0.11424424885, 0.267447689538, 0.816426685337, 0.04151130226, 0.431677135427, 0.16299079816, 0.078264652931, 0.306522304461, 0.086775955191, 0.064143628726, 0.152351670334, 0.112696739348, 0.288339067814, 0.060661732346, 0.041704740948, 0.156800760152, 0.491836567313, 0.116952390478, 0.085035007001, 0.147709141828, 0.090644728946, 0.065691138228, 0.124109621924, 0.19974414883, 0.174210242048, 0.258936387277, 0.273637727546, 0.235143428686, 0.203612922585, 0.248877575515, 0.351593518704, 0.061822364473, 0.25526105221, 0.095287257451, 0.191039407882, 0.157381076215, 0.085615323065, 0.163764552911, 0.190459091818, 0.138617523505, 0.049055411082, 0.20999639928, 0.293561912382, 0.102057611522, 0.058920784157],
  "b_BMP": [0.00374614923, 0.002848369674, 0.002622724545, 0.001373674735, 0.004136627325, 0.002661132226, 0.00450070014, 0.00151210242, 0.003302860572, 0.003441288258, 0.004037407481, 0.001271254251, 0.001969793959, 0.003290858172, 0.001865773155, 0.00248909782, 0.001431286257, 0.00125365073, 0.001047209442, 0.001624924985, 0.003898179636, 0.001825765153, 0.001267253451, 0.003084416883, 0.002465093019, 0.004081416283, 0.00200260052, 0.004111022204, 0.002449089818, 0.001546509302, 0.004811162232, 0.001277655531, 0.003912582517, 0.001209641928, 0.002065013003, 0.002728345669, 0.001481696339, 0.001040808162, 0.004895179036, 0.001653730746, 0.003418083617, 0.00100560112, 0.003031606321, 0.00126005201, 0.002609121824, 0.00448789758, 0.001092018404, 0.001650530106, 0.00125045009, 0.003364472895, 0.004139827966, 0.004663132627, 0.004873574715, 0.002235447089, 0.002136227245, 0.004727945589, 0.001129625925, 0.00100320064, 0.004837567514, 0.001140028006, 0.003361272254, 0.004445489098, 0.001399279856, 0.004951990398, 0.002073014603, 0.002172234447, 0.003307661532, 0.00199859972, 0.004307861572, 0.003694938988, 0.002293058612, 0.001133626725, 0.002790758152, 0.004198239648, 0.004413482697, 0.002715543109, 0.001958591718, 0.002838767754, 0.002415483097, 0.003665333067, 0.001304060812, 0.001529705941, 0.003027605521, 0.002057811562, 0.001104020804, 0.001472094419, 0.001565713143, 0.002017003401, 0.003229245849, 0.001542508502, 0.004408681736, 0.003131626325, 0.001063212643, 0.001525705141, 0.003190038008, 0.004472694539, 0.001528905781, 0.001029605921, 0.002573114623, 0.003614922985],